<?xml version="1.0" encoding="iso-8859-1" ?>
<newsitem itemid="1" id="root" date="1996-08-21" xml:lang="en">
<title>POLRESTABES SURABAYA TAWARKAN SIM GRATIS</title>
	<text>
<p>JawaPos.com - Menyambut HUT RI ke-73, Satlantas Polrestabes Surabaya menggelar program pembuatan Surat Izin Mengemudi (SIM) gratis. Sasarannya adalah para pelajar. </p>

<p>Kasat Lantas Polrestabes Surabaya AKBP Eva Guna Pan Pandia menjelaskan, program berlaku bagi mereka yang belum pernah membuat SIM. "Jadi untuk yang buat SIM baru saja, bukan perpanjangan. Tidak berlaku bagi mereka yang SIM-nya mati lalu harus bikin baru. Artinya, pemohon tidak pernah punya SIM sebelumnya," jelas Pandia kepada JawaPos.com, Jumat (3/8). </p>

<p>Ada beberapa syarat dan ketentuan yang harus diperhatikan. Pemohon SIM harus lahir pada 17 Agustus. Usia minimal adalah 17 tahun, sesuai dengan undang-undang yang berlaku. </p>

<p>Nantinya pemohon tetap harus melengkapi syarat administrasi. Salah satunya adalah KTP untuk menunjukkan mereka lahir 17 Agustus, serta belum pernah punya SIM. </p>

<p>Pelayanan pembuatan SIM gratis akan digelar selama dua hari di Satpas Colombo. Yakni, pada 16 dan 18 Agustus 2018. Jam pelayanan seperti biasa. Mulai pukul 08.00-15.00 WIB. </p>

<p>"Sebab tanggal 17 pelayanan libur. Sehingga yang belum sempat punya waktu pada tanggal 16, bisa datang tanggal 18-nya," imbuh alumnus Akademi Kepolisian (Akpol) tahun 2000 tersebut. </p>

<p>Pemohon yang memenuhi syarat umur dan tanggal lahir yang telah ditetapkan, tidak serta merta langsung mendapat SIM baru. Mereka harus tetap melalui tes teori dan praktik. </p>

<p>Program SIM gratis memang sengaja menyasar para pelajar. Penanaman budaya tertib berlalu lintas harus dilakukan sejak dini. "Sasaran utama kami memang generasi muda. Punya SIM adalah adalah salah satu bukti bahwa pengendara itu taat aturan," ujar mantan Kasatlantas Polres Jepara itu. </p>

	</text>
</newsitem>