<?xml version="1.0" encoding="iso-8859-1" ?>
<newsitem itemid="1" id="root" date="1996-08-21" xml:lang="en">
<title>POLDA METRO-KODAM JAYA RAKOR PENGAMANAN VVIP ASIAN GAMES</title>
	<text>
<p>Jakarta - Kodam Jaya dan Polda Metro Jaya menggelar rapat koordinasi (rakor) teknis pengamanan VVIP Asian Games 2018. </p>

<p>Rakor teknis berlangsung tertutup di Aula Sudirman Kodam Jaya, Cawang, Jakarta Timur, Kamis (2/8/2018). Rapat dipimpin langsung Pangdam Jaya selaku Panglima Komando Operasi Ring II dan II, Mayjen TNI Joni Supriyanto. </p>

<p>Rakor dihadiri Dirlantas Polda Metro Jaya Kombes Yusuf beserta jajarannya. Selain itu, sejumlah pejabat penting TNI Polri dan instansi terkait lainnya. </p>

<p>Mayjen Joni mengatakan keamanan bagi tamu VVIP Asian Games sangat penting. </p>

<p>"Ancaman terhadap tamu VVIP bukan hanya ancaman terhadap keselamatan dan keamanan saja tapi merupakan ancaman yang dapat menjatuhkan kehormatan, martabat dan kewibawaan negara," kata Mayjen Joni dalam sambutannya. </p>

<p>Asian Games akan digelar pada 18 Agustus hingga 2 September 2018. Karena itu rakor diperlukan untuk memastikan keamanan bagi tamu VVIP. </p>

<p>"Di mana kehadiran VVIP sangat memungkinkan di venue-venue Asian Games 2018. Sebagai tuan rumah wajib berupaya dan berusaha untuk mengamankan acara tersebut sebab kelancaran dan kesuksesan menjadi kerhormatan bangsa," kata Joni. </p>

<p>Joni menekankan 6 hal yang harus diperhatikan dalam pengamanan Asian Games. Salah satunya, kesiapan dan mewaspadai ancaman terorisme. </p>

<p>"Antisipasi kemungkinan ancaman terorisme dan ancaman lain dan kemungkinan sabotase yang dapat mengancam kesuksesan Asian Games," ujarnya. </p>

	</text>
</newsitem>