<?xml version="1.0" encoding="iso-8859-1" ?>
<newsitem itemid="1" id="root" date="1996-08-21" xml:lang="en">
<title>HARMONI PASAR KLEWER DITARGETKAN MASUK KALENDER TAHUNAN</title>
	<text>
<p>Liputan6.com, Solo - Harmoni Pasar Klewer yang diselenggarakan di halaman Balaikota Solo menampilkan sejumlah artis papan atas, di antaranya Via Vallen, Tulus GAC, Raisa, Andra & Backbone, Glend Fredlu, Kahitna, Ipank Lazuardi serta Papua Original. </p>

<p>Selain diisi panggung hiburan, Harmoni Pasar Klewer juga menghadirkan sejumlah tenant kulier, pernak-pernik dan kerajinan serta pelaku UMKM lainnya. Tak pelak, acara tersebut dihadiri ribuan warga dari Solo dan sekitarnya. </p>

<p>Wali Kota Solo, FX Hadi Rudyatmo mengatakan even Harmoni Pasar Klewer merupakan even yang besar. Solo sangat beruntung karena mendapat kesempatan untuk menjadi tempat pagelaran even tersebut. </p>

<p>"Solo ketempatan acara yang luar biasa, yaitu acara Harmoni Pasar Klewer," kata dia dalam sambutannya. </p>

<p>Menurut dia, pagelaran Harmoni Pasar Klewer merupakan kegiatan yang pertama digelar di Balaikota Solo setelah dipugar menjadi area terbuka untuk publik. </p>

<p>"Ini pertama kali balai kota dibuka dan BRI yang pertama kali halaman balaikota," ujarnya. Direktur PT Bank Rakyat Indonesia (Persero) Tbk, Suprajarto mengatakan even ini diharapkan akan menjadi kalender tahunan. Even yang digelar di Balaikota Solo ini ditangani oleh EO yang sudah berpengalaman dan biasa menggelar even besar musik tahunan di Jakarta. </p>

<p>"BRI sangat berterima kasih sekali diperbolehkan menggunakan lapanhgan yang besar ini. Kami juga berharap mudah-mudahan even ini merupakan even kalender tahunan," ujarnya. </p>

<p>Menurut dia, kegiatan tersebut merupakan salah satu bagian dari kewajiban BRI sebagai salah satu agent of development. Selain itu juga upaya memberikan hiburan kepada masyarakat Solo. </p>

<p>"Hiburan yang menghadirkan artis-artis seperti Via Vallen, Tulus, Raisa, Andra & The Backbone dan artis lainnya akan digelar mulai sore ini hingga besok," jelasnya. </p>

<p>Harmoni Pasar Klewer digelar sebagai salah satu komitmen BRI terhadap dunia musik. Melalui even ini bank plat merah ini ingin mendorong pariwisata Solo dan sekitarnya, serta industri kreatif semakin maju dan berkembang. </p>

<p>"Dengan Harmoni Pasar Klewer ini kita ingin angkat Solo serta para UMKM," harapnya. </p>

	</text>
</newsitem>