<?xml version="1.0" encoding="iso-8859-1" ?>
<newsitem itemid="1" id="root" date="1996-08-21" xml:lang="en">
<title>NIAT CARI IKAN, 13 KRU KAPAL KM BUNGA HATI 2 HILANG DI PERAIRAN INDRAMAYU</title>
	<text>
<p>Liputan6.com, Indramayu - Cuaca buruk disertai angin kencang di kawasan Pantura, Jawa Barat tak hanya menumbangkan sebuah pohon di Cirebon. Sebuah kapal terbalik di perairan Indramayu Jawa Barat, Jumat (3/8/2018). </p>

<p>Kapal dengan nama KM Bunga Hati 2 tersebut terbalik sekitar pukul 03.00 WIB, Rabu dini hari. Dari informasi yang didapat, akibat dari peristiwa itu, seorang nahkoda dan 12 anak buah kapal (ABK) hilang. </p>

<p>Pemilik KM Bunga Hati 2, Guntur mengatakan, kapal tersebut berangkat dari Muara Desa Karangsong Kabupaten Indramayu pada Kamis, 2 Agustus 2018, sekitar pukul 16.00 WIB. Kapal berbobot 27 Gross Ton (GT) itu berencana mencari ikan di laut Jawa. </p>

<p>"Rencananya cari ikan paling lama hingga dua bulan dan dari sini sudah bawa perbekalan penuh," ujar Guntur, saat ditemui di Mako Satpolair Polres Indramayu. </p>

<p>Guntur mengaku mendapat informasi bahwa miliknya terbalik di titik koordinat 05 35'50''S - 108 31'00''E di Indramayu. Dia langsung melaporkan kejadian tersebut pada instansi terkait. Dia menyebutkan, sampai saat ini, nakhoda dan seluruh ABK belum ditemukan. </p>

<p>Ia menerangkan, selang beberapa jam setelah kejadian, ada empat kapal nelayan yang berusaha mendekat ke lokasi kejadian. Salah satunya adalah KM Jaya Mulya, yang dinahkodai oleh Darsono, warga Indramayu. </p>

<p>Dari informasi yang diperolah Darsono, sekitar pukul 10.30 WIB, kondisi KM Bunga Hati 2 masih ada di lokasi kecelakaan dengan posisi terbalik. Seluruh peralatan di kapal, termasuk jaring dan drum, tampak berserakan di sekitar lokasi terbaliknya kapal. </p>

<p>"Tapi nakhoda dan ABK-nya tidak ada," kata Guntur. </p>

	</text>
</newsitem>