<?xml version="1.0" encoding="iso-8859-1" ?>
<newsitem itemid="1" id="root" date="1996-08-21" xml:lang="en">
<title>DARMIN: PARKIR DEVISA EKSPOR DI LUAR NEGERI HAMBAT EKONOMI</title>
	<text>
<p>Jakarta, CNN Indonesia -- Menteri Koordinator bidang Perekonomian Darmin Nasutionmenegaskan Devisa Hasil Ekspor (DHE) yang diparkir di luar negeri bisa menghambat pertumbuhan ekonomi. </p>

<p>Sebab, hasil ekspor yang berkontribusi sebagai pembentuk Produk Domestik bruto (PDB) tidak bisa bermanfaat langsung ke dalam negeri. </p>

<p>Darmin mengatakan DHE yang disimpan pengusaha itu tidak bisa digunakan untuk ekspansi usaha atau transaksi langsung di dalam negeri. </p>

<p>Padahal, jika DHE itu dibawa masuk ke Indonesia dan ditukarkan ke rupiah, itu juga bisa mendorong investasi dan pendapatan masyarakat di sektor lain yang berujung pada penguatan konsumsi. </p>

<p>"Kalau Indonesia mengekspor, itu akan menjadi semacam tambahan tenaga untuk menaikkan pertumbuhan ekonomi secara signifikan. Tapi, kalau devisanya tidak masuk, ya tidak jadi menambah tenaga," papar Darmin, Jumat (3/8). </p>

<p>Menurut dia, kondisi serupa juga terjadi jika DHE dibawa ke dalam negeri, namun tidak segera ditukarkan ke rupiah. Darmin bilang, tabungan dalam bentuk valuta asing tidak bisa serta merta digunakan perbankan untuk menyalurkan pembiayaan. </p>

<p>Menurut dia, saat ini memang 85 persen DHE saja yang masuk ke dalam negeri. Hanya saja dari jumlah tersebut, cuma 15 persennya yang benar-benar ditukarkan ke dalam denominasi rupiah. </p>

<p>"Kalau misal (DHE) dibikin tabungan valas, deposito, giro, itu juga akan mengurangi dampak dorongannya ke pertumbuhan karena mereka tidak segera menukarkan ke rupiah," imbuh Darmin. </p>

<p>Maka itu, dalam kurun dua pekan ke depan, BI akan menerbitkan kebijakan tarif transaksi swap yang lebih kompetitif. Fungsinya, sebagai pemantik agar pengusaha berminat menukarkan devisanya ke dalam mata uang rupiah. </p>

<p>Dalam kesempatan tersebut, ia belum mau berkomentar ihwal urgensi revisi Undang-Undang Nomor 24 Tahun 1999 tentang Lalu Lintas Devisa dan Sistem Nilai Tukar. Beleid itu tidak melarang penempatan DHE di luar negeri. </p>

<p>"Saya tidak perlu komentar sampai sana (revisi UU lalu lintas), saya jelaskan situasi saja," pungkasnya. </p>

<p>Hingga akhir tahun ini, pemerintah memprediksi pertumbuhan ekonomi di angka 5,2 persen. Sementara pada kuartal I yang lalu, pertumbuhan ekonomi mencapai 5,06 persen di mana ekspor berkontribusi 21,12 persen terhadap PDB. </p>

	</text>
</newsitem>