<?xml version="1.0" encoding="iso-8859-1" ?>
<newsitem itemid="1" id="root" date="1996-08-21" xml:lang="en">
<title>SENYUM PARA MENLU ASEAN SAAT DIBERI BONEKA MASKOT ASIAN GAMES</title>
	<text>
<p>Singapura - Menteri Luar Negeri (Menlu) RI Retno LP Marsudi masih mengikuti pertemuan menlu se-ASEAN di Singapura Expo. Di sela pertemuan, tiba-tiba maskot Asian Games 2018 dibagi-bagikan. </p>

<p>Pantauan detikcom, Kamis (2/8/2018), para menlu se-ASEAN itu berdiri sejajar di Hall Garnet 2, Singapura Expo. Setelah itu delegasi Indonesia memberikan boneka maskot Asian Games. </p>

<p>Menlu Retno ikut di barisan para menlu negara-negara ASEAN itu. Satu per satu, para menlu mendapat boneka maskot Asian Games yaitu Bhin Bhin, Atung, dan Kaka. Bagi-bagi boneka Asian Games ini dilakukan di sela-sela sesi pleno para menteri luar negeri. Para Menlu ASEAN tampak senang ketika diberi boneka Asian Games. </p>

<p>Menlu Retno di acara hari ini akan melakukan beberapa pertemuan. Retno dijadwalkan akan melakukan pertemuan bilateral dengan Menlu Selandia Baru dan Iran. Retno juga akan ikut dalam pertemuan menteri ASEAN dengan Menlu Rusia, Jepang, dan Cina. </p>

<p>Sementara itu, soal Asian Games, sebelumya Retno berharap bisa menjadi pemersatu bangsa. Apalagi menurutnya, Asian Games merupakan pesta besar yang digelar setelah deklarasi Panmunjom, perjanjian damai Korut-Korsel. </p>

<p>"Ini perhelatan olah raga terbesar yang dilakukan setelah pertemuan Panmunjom, maka itu marilah kita rekatkan persahabtan dan perdamaian melalui gelaran event olah raga ini," kata Retno di Hotel Mandarin Oriental, Singapura, Rabu (1/8). </p>

	</text>
</newsitem>