<?xml version="1.0" encoding="iso-8859-1" ?>
<newsitem itemid="1" id="root" date="1996-08-21" xml:lang="en">
<title>EKS GUBERNUR SULSEL BAKAL BANTU MOELDOKO DI JAJARAN STAF KEPRESIDENAN</title>
	<text>
<p>JawaPos.com - Mantan Gubernur Sulawesi Selatan (Sulsel) Syahrul Yasin Limpo mengaku diminta untuk terlibat langsung dalam jajaran staf kepresidenan di bawah komando Kepala Staf Presiden (KSP) Moeldoko. </p>

<p>Permintaan itu ditandai dengan kedatangan Tenaga Ahli Utama Kedeputian IV KSP dan Juru Bicara Presiden Ali Mochtar Ngabalin di Makassar pada Rabu (1/8). Di Makassar, Ali memberikan surat langsung kepada mantan Gubernur Sulsel dua periode itu. </p>

<p>Surat yang diserahkan oleh Ali berwarna putih dan masih tersegel rapat dengan tulisan Kantor Staf Presiden Republik Indonesia berwarna hitam dan gambar Istana Presiden berwarna emas. </p>

<p>"Saya diminta untuk membantu KSP di bidang pemerintahan. Kira-kira seperti itu intinya," kata Syarul di Makassar, Kamis (2/8). </p>

<p>Kendati begitu Syahrul masih enggan membeberkan lebih jauh terkait tugasnya setelah tergabung dalam lembaga struktural ketatanegaraan khusus itu. Mengingat dirinya saat ini masih menjabat sebagai ketua DPP Partai NasDem Bidang Hubungan Antardaerah. </p>

<p>"Tapi apakah itu struktural atau fungsional saya belum berani kemukakan karena saya belum lapor sama ketua umum saya," ujarnya. </p>

<p>Dalam waktu sesingkat-singkatnya, lanjut Syahrul, dirinya bakal langsung menemui Ketua Umum NasDem Surya Paloh untuk membahas lebih jauh dan mendalam terkait keterlibatannya membantu Moeldoko sebagai staf kepresidenan. </p>

<p>"Saya ndak mau melalui telepon. Saya harus menemui beliau langsung. Saya mau lihat beliau punya bahasa tubuh," pungkasnya. </p>

	</text>
</newsitem>