<?xml version="1.0" encoding="iso-8859-1" ?>
<newsitem itemid="1" id="root" date="1996-08-21" xml:lang="en">
<title>DATANG KE KPK, INI ALASAN ANIES LAPORKAN BARANG YANG DITERIMANYA</title>
	<text>
<p>JawaPos.com - Usai melaporkan pemberian seminggu tongkat komando, Gubernur DKI Jakarta Anies Baswedan mengaku seminggu lalu dirinya mendapatkan surat dari Komisi Pemberantasan Korupsi (KPK) perihal pemberian benda yang diterimanya. </p>

<p>"Jadi surat surat laporan sudah masuk sejak seminggu lalu, sekarang baru kita antarkan barangnya," ujarn Anies di Gedung Merah Putih KPK, Kuningan Persada, Jakarta Selatan, Jumat (3/8). </p>

<p>Anies juga menuturkan, pemeriksaan akan dilakukan oleh KPK terhadap barang yang dilaporkan tersebut. Kemudian, lembaga antirasuah juga yang akan menentukan status barang itu. </p>

<p>"KPK akan melakukan pemeriksaan jadi disimpan dulu baru nanti disimpulkan apakah statusnya milik negara, atau gratifikasi kedinasan, atau gratifikasi pribadi, mereka yang akan  menentukan," jelasnya. </p>

<p>Dia juga mengatakan, dirinya sengaja menyambangi KPK karena pemberian itu memang diterima olehnya, walau sebenarnya kata Anies sudah ada unit pelaporan yang rutin mengirim langsung ke lembaga antikorupsi. </p>

<p>"Rutin cuma biasanya langsung dikirim inspektorat ke KPK, kita ada unit pelaporan gratifikasi. Tapi karena ini saya terima langsung jadi saya laporkan sendiri," pungkasnya. </p>

<p>Sementara itu, Juru Bicara KPK Febri Diansyah mengaku pihaknya menghargai pelaporan gratifikasi yang dilakukan Anies. </p>

<p>"Sesuai UU KPK, proses analisis akan dilakukan selama 30 hari kerja. Jika memenuhi ketentuan Pasal 12B akan ditetapkan menjadi milik negara dan sebaliknya," tutupnya. </p>

	</text>
</newsitem>