<?xml version="1.0" encoding="iso-8859-1" ?>
<newsitem itemid="1" id="root" date="1996-08-21" xml:lang="en">
<title>GOLKAR: KALAU IKUTI SBY SOAL INFRASTRUKTUR, RAKYAT JADI KORBAN</title>
	<text>
<p>Jakarta - Presiden ke-6 RI Susilo Bambang Yudhyono (SBY) menyebut langkah Presiden Joko Widodo menunda pembangunan infrastruktur sudah dia sarankan sejak beberapa waktu lalu. Andai saran itu dituruti Jokowi, Golkar menilai rakyat akan jadi korban. </p>

<p>"Jika Pak SBY menyatakan sejak lama menyatakan menunda pembangunan infrastruktur, kalau dituruti justru akan mengorbankan kesejahteraan rakyat, mengingat infrastruktur adalah basis pembangunan berkelanjutan," kata Wasekjen Golkar M Sarmuji saat dimintai keterangan, Rabu (1/8/2018). </p>

<p>Sarmuji mengatakan Jokowi punya langkah strategis dalam menangani urusan jangka panjang. Dia menyebut Jokowi memiliki kelebihan untuk membedakan urusan jangka pendek dan jangka panjang. </p>

<p>"Soal jangka pendek harus diatasi dengan langkah taktis, urusan jangka panjang harus ditempuh dengan langkah strategis," sebut Sarmuji. </p>

<p>"Kelebihan Pak Jokowi, dia tahu mana langkah taktis mana langkah strategis. Tidak tertukar dan tidak salah waktu," imbuh dia. </p>

<p>Sarmuji menjelaskan pembangunan infrastruktur merupakan hal esensial dalam menciptakan kesejahteraan rakyat. Dia pun menyinggung pembangunan infrastruktur di era SBY yang nyaris tidak tersentuh. </p>

<p>"Infrastruktur itu penting untuk kesejahteraan rakyat. Pembangunan infrastruktur pada saat SBY memerintah nyaris tidak tersentuh, sehingga rakyat Indonesia di perbatasan malu hati melihat kemajuan infrastruktur negara tetangga," tutur anggota DPR itu. </p>

<p>"Saat ini, kalaupun ada pembangunan infrastruktur yang dijadwal ulang, itu lebih karena ada persoalan jangka pendek yang harus segera diatasi, yaitu defisit perdagangan dan defisit pembayaran, yang salah satu penyebabnya adalah komponen impor di sektor infrastruktur. Defisit perdagangan dan defisit pembayaran jika tidak diatasi akan menekan rupiah. Ini sekadar langkah taktis saja," sambung Sarmuji. </p>

<p>Sebelumnya, SBY merespons rencana Presiden Joko Widodo menghentikan sementara beberapa proyek infrastruktur besar demi menyelamatkan rupiah. Respons SBY diserukan melalui akun Twitter-nya. </p>

<p>Menurutnya, langkah Jokowi itu sudah sempat dia sarankan sebelumnya. "Saya dengar pemerintah akan tunda sebagian proyek infrastruktur, guna selamatkan ekonomi kita. Hal ini sudah lama saya sarankan," cuit SBY. </p>

<p>"Keputusan & kebijakan pemerintah tsb (kalau benar) TEPAT. Saya ikut mendukung. Karena berarti negara UTAMAKAN RAKYAT," tambahnya. </p>

	</text>
</newsitem>