<?xml version="1.0" encoding="iso-8859-1" ?>
<newsitem itemid="1" id="root" date="1996-08-21" xml:lang="en">
<title>PELUNCURAN SAID AQIL SIROJ INSTITUTE, CAK IMIN HINGGA LUHUT HADIR</title>
	<text>
<p>Jakarta - Malam ini deklarasi Said Aqil Siroj (SAS) Institute berlangsung. Tokoh agama, menteri hingga petinggi parpol pun terlihat hadir. </p>

<p>Pantauan detikcom di Hotel Aryaduta, Gambir, Jakarta Pusat, Rabu (1/8/2018) sekitar pukul 19.30 WIB di loby hotel sudah dipenuhi para undangan. </p>

<p>Terlihat Said Aqil, Ketua Umum PKB Muhaimin Iskandar (Cak Imin), Wakil Presiden ke-6 RI Try Sutrisno, hingga Menko Maritim cum politisi Partai Golkar Luhut Binsar Pandjaitan sudah berada di lokasi. </p>

<p>Mereka terlihat duduk satu meja. Mereka juga terlihat berbincang-bincang sambil menikmati alunan musik di lokasi itu. </p>

<p>Sebentar lagi, SAS akan di launching. Said Aqil sendiri juga akan memberi sambutanya. </p>

<p>Berdasarkan keterangan profil organisasi ini, SAS adalah sebuah organisasi nirlaba yang lahir akibat kegelisahan publik terhadap intimidasi kekerasan yang mengatasnamakan agama. SAS Institute menjadi simbol perjuangan kaum muda yang tidak ingin Indonesia menjadi terpecah belah. </p>

	</text>
</newsitem>