<?xml version="1.0" encoding="iso-8859-1" ?>
<newsitem itemid="1" id="root" date="1996-08-21" xml:lang="en">
<title>JOKOWI PUNYA CUCU KEDUA, ANIES: MUDAH-MUDAHAN TAMBAH BAHAGIA</title>
	<text>
<p>Jakarta - Gubernur DKI Jakarta Anies Rasyid Baswedan mengucapkan selamat atas kelahiran cucu kedua Presiden Joko Widodo (Jokowi). Anies berharap cucu kedua Jokowi bisa menambah kebahagiaan. </p>

<p>"Selamat bagi Pak Jokowi dan keluarga. Mudah-mudahan menambah kebahagiaan," kata Anies di venue equistrian, Jalan Pulomas, Jakarta Timur, Kamis (2/8/2018). </p>

<p>Anies mendoakan cucu kedua Jokowi bisa membahagiakan keluarga. Dia juga mendoakan agar anak tersebut bisa menjadi anak yang salehah. </p>

<p>"Insyaallah jadi anak yang membahagiakan keluarga, membahagiakan dirinya, dan menjadi anak yang salehah," ucap Anies. </p>

<p>Anak Jokowi, Kahiyang Ayu, dan Bobby Nasution dikaruniai seorang anak perempuan, Rabu (1/8). Kahiyang melahirkan secara caesar dengan berat badan bayinya 3,4 kilogram dan panjang 49 sentimeter. </p>

	</text>
</newsitem>