<?xml version="1.0" encoding="iso-8859-1" ?>
<newsitem itemid="1" id="root" date="1996-08-21" xml:lang="en">
<title>PEMBUAT SNEAKERS YANG DIPAKAI JOKOWI OMZETNYA RP 400 JUTA/BULAN</title>
	<text>
<p>Jakarta - Siapa sangka bermodal Rp 5 juta dan punya kenalan vendor pembuat sepatu, bisa mendatangkan omzet ratusan juta rupiah per bulan. Ya, itu lah yang dirasakan sekelompok anak muda tergabung dalam bisnis dengan nama Nah Project. </p>

<p>Rizky Arief Dwi P, salah satu Founder sekaligus CEO Nah Project bercerita awal mereka merintis bisnis pembuatan sepatu, hanya mengandalkan modal operasional Rp 3-5 juta, ditambah kenalan vendor. </p>

<p>Usianya pun terbilang muda, yakni 23 tahun. Rizky merupakan lulusan Teknik Geologi, Institut Teknologi Bandung (ITB). </p>

<p>"Modal awal itu, pertama karena ada kenalan vendor jadi bisa utang. Modal operasional kita kumpulkan sedikit, Rp 3-5 juta," katanya saat dihubungi detikFinance, Jakarta, Kamis (2/8/2018). </p>

<p>Bulan Juni kemarin, juga bertepatan dengan Lebaran, Nah Project sukses mengumpulkan omzet hingga Rp 400 juta. Padahal di awal merintis, tepatnya 10 bulan lalu, mereka cuma mampu menjual 20 pasang sepatu. </p>

<p>"Omzet beda beda per bulan, kita masih growing (tumbuh) juga. Jadi kalau bulan terakhir sih (omzet) pas Lebaran Rp 400 juta sebulan," sebutnya. </p>

<p>Sneakers lokal berlabel Nah Project pun kian melejit setelah Presiden Joko Widodo (Jokowi) memakainya dalam sejumlah kesempatan.Sejak awal merintis, hingga kini, dia mengaku omzetnya terus meningkat. </p>

<p>"Setiap bulan kita masih nembus rekor baru nih. Yang paling terakhir itu pas Lebaran omzetnya," tambahnya. </p>

<p>Tim Nah Project saat ini terdiri dari 8 orang, yakni Rizky Arief Dwi P. (CEO), Karina Innadindya (COO), Aldi Nur Suryadi (Manager Operational), Alfan (Billing), Heddy (Customer Service), Tommy Tanuwijaya (Creative), Rendy Maulana (Creative), dan Bangga (Head Customer Service). </p>

	</text>
</newsitem>