<?xml version="1.0" encoding="iso-8859-1" ?>
<newsitem itemid="1" id="root" date="1996-08-21" xml:lang="en">
<title>KPK APRESIASI ANIES LAPORKAN DUGAAN GRATIFIKASI TONGKAT DARI KEPALA SUKU DI GHANA</title>
	<text>
<p>Liputan6.com, Jakarta - Komisi Pemberantasan Korupsi (KPK) menyambut baik kepatuhan Gubernur DKI Jakarta Anies Baswedan yang melaporkan dugaan penerimaan gratifikasi. </p>

<p>Anies  melaporkan sebuah tongkat dengan ukiran harimau yang diterimanya dari Kepala Suku Ghana, Afrika. </p>

<p>"Kami menghargai pelaporan gratifikasi yang dilakukan tersebut," ujar Juru Bicara KPK Febri Diansyah di Gedung KPK, Kuningan, Jakarta Selatan, Jumat (3/8/2018). </p>

<p>Tongkat tersebut nantinya akan dianalisis oleh KPK selama 30 hari. Jika terbukti merupakan gratifikasi, maka akan disita oleh lembaga antirasuah. </p>

<p>"Sesuai UU KPK, proses analisis akan dilakukan selama 30 hari kerja. Jika memenuhi ketentuan Pasal 12B akan ditetapkan menjadi milik negara dan sebaliknya," kata Febri. </p>

<p>Sebelumnya, Gubernur DKI Jakarta Anies Rasyid Baswedan mendatangi Gedung Komisi Pemberantasan Korupsi (KPK). Kedatangan orang nomor satu di Jakarta itu melaporkan dugaan penerimaan gratifikasi. </p>

<p>"(Melaporkan) ini," ujar Anies sambil membawa tongkat berwarna cokelat di dadanya saat tiba di Gedung KPK, Kuningan Persada, Jakarta Selatan, Jumat (3/8/2018). </p>

<p>Anies mengatakan bahwa tongkat tersebut merupakan tongkat komando yang dia terima dari seorang Kepala Suku di Ghana, Afrika yang sempat bertamu kepadanya saat datang ke Jakarta. Anies melaporkan dugaan penerimaan gratifikasi tersebut ke Direktorat Gratifikasi KPK. Usai melapor, tak lama berselang, Anies langsung ke luar Gedung KPK. </p>

<p>"Saya laporin baru sempat sekarang, diberikannya tanggal 5 Juli, saya belum tahu harganya. Yang dilaporkan cuma tongkat ini saja," kata Anies. </p>

	</text>
</newsitem>