<?xml version="1.0" encoding="iso-8859-1" ?>
<newsitem itemid="1" id="root" date="1996-08-21" xml:lang="en">
<title>SOAL PENCALONAN SAID AQIL, SAS: MUNGKIN KIAI BELUM TENTUKAN PILIHAN</title>
	<text>
<p>JawaPos.com - Nama Said Aqil Siroj sempat mengemuka menjadi salah satu bursa cawapres di Pilpres 2019. Tidak sedikit sejumlah lembaga survei menempatkan nama dirinya sebagai salah figur yang cocok jadi cawapres. </p>

<p>Akan tetapi pada saat peluncuran Said Aqil Siroj (SAS) Institute, Ketua Umum PBNU itu memilih bungkam ketika awak media bertanya soal kesiapannya soal figur cawapres. </p>

<p>Menyikapi hal itu, Direktur SAS Institute Imdadun Rahmat menilai, kiai Said sedang mencari yang terbaik. "Kiai Said milik seluruh warga NU. Warga NU sendiri tersebar dimana-mana. Jadi mungkin Kiai Said belum menentukan pilihan terkait sikap itu" papar Imdadun dalam keterangannya, Jumat (3/8). </p>

<p>Imdadun juga melanjutkan bahwa menentukan nasib bangsa dan negara tidak bisa dijawab dalam waktu satu-dua menit. Butuh proses perenungan, bahkan salat Istikharah. </p>

<p>Diketahui, peluncuran SAS Institute berlangsung pada Rabu (1/8). Saat itu hadir sejumlah tokoh nasional dan pimpinan partai politik. Di antaranya Ketua Umum PKB Muhaimin Iskandar, Sekjen PDIP Hasto Kristyanto dan politikus senior Partai Golkar Luhut Binsar Pandjaitan. </p>

<p>Saat Said Aqil didaulat untuk memberikan tausiah. Ketika itu dia memberi kritis kepada pemerintah terkait pemerataan. "Warga NU yang selama ini berjualan baso, narik becak hidupnya ya begitu-begitu saja. Belum ada perubahan. Kami tidak anti pada Konglomerat. Tapi yang lebih penting bukan semata-mata pertumbuhan ekonomi. Tapi juga pemerataan kesejahteraan" paparnya. </p>

	</text>
</newsitem>