<?xml version="1.0" encoding="iso-8859-1" ?>
<newsitem itemid="1" id="root" date="1996-08-21" xml:lang="en">
<title>GANDENG BANK BTN, PP URBAN BANGUN APARTEMEN MURAH DI SERPONG</title>
	<text>
<p>JawaPos.com - Kuartal II-2018 ini, PT PP Urban kian gencar melakukan ekspansi di lini bisnis barunya. Melalui salah satu lini bisnisnya, Urban Development, PP Urban sejak satu tahun lalu mulai aktif mengembangkan bisnis realty. </p>

<p>PP Urban dengan semangat untuk turut menyukseskan program Satu Juta Rumah dari Pemerintah berkomitmen untuk dapat memberikan kontribusi terbaik dalam rangka pemenuhuhan kebutuhan hunian terjangkau untuk Masyarakat Berpenghasilan Rendah (MBR). Urban Development hadir di pasar properti tanah air dengan brand URBANtown. </p>

<p>Sebuah konsep hunian terjangkau yang terintegerasi beragam fasilitas pendukung dan berlokasi di dekat kawasan industri, pusat bisnis, serta daerah penyangga Ibukota. URBANtown bukan hanya dikembangkan dengan semangat memberikan hunian layak huni untuk semua kalangan masyarakat, tetapi juga disiapkan untuk menjadi pusat wirausaha yang nantinya akan mampu membantu meningkatkan perekonomian masyarakat. </p>

<p>Dalam rangka mendukung program pengembangan hunian terjangkau PP Urban, digelar sermoni penandatanganan Perjanjian Kerjasama Pembiayaan Kredit Kepemilikan Apartemen (KPA) untuk proyek URBANtown antara PT PP Urban dengan Bank BTN. Aksi korporasi ini juga merupakan wujud keseriusan PP Urban sebegai pihak pengembang sebagai sarana dan fasilitas bagi para calon pembeli untuk memudahkan proses pembiayaan KPA. Perjanjian kerjasama antar BUMN ini nantinya akan diteruskan untuk proyek-proyek URBANtown di masa mendatang. </p>

<p>"URBANtown merupakan signature project PP Urban. Proyek ini dirancang sebagai jawaban dari kebutuhan backlog perumahan nasional sekaligus penyediaan hunian terjangkau yang berkualitas untuk semua kalangan. Kami menyebutnya dengan Harga Rusunami, Fasilitas Apartemen. Kami sampaikan apresiasi yang tinggi kepada Bank BTN atas fasilitas pembiayaan yang diberikan. Ini adalah langkah startegis yang baik," ujar Direktur Utama PT PP Urban Nugroho Agung Sanyoto dalam keterangannya, Jumat (3/8). </p>

<p>Proyek URBANtown pertama yang sudah mulai dipasarkan adalah URBANtown Serpong. Proyek yang tahun lalu diresmikan langsung oleh Presiden Joko Widodo ini rencananya akan dibangun dua tower dengan jumlah hunian sebanyak lebih dari 1.200 unit. </p>

<p>URBANtown Serpong dalam rangka menyambut Hari Kemerdekaan Republik Indonesia memberikan ksempatan kepada semua kalangan untuk memiliki unit terbaik dengan harga terjangkau. Promosi Bebas Merdeka memudahkan konsumen untuk mendapatkan suku bunga 8,25 persen flat selama tiga tahun, bebas semua biaya administrasi, biaya provisi, biaya appraisal, bebas bayar DP, bebas angsuran pokok selama dua tahun, dan kesempatan untuk bisa langsung akad jual beli hanya dengan membayar booking fee saja. </p>

<p>Sebagai informasi, proyek lain dari Urban Development yang sedang dalam tahap konstruksi adalah URBANtown Karawang. Proyek hunian terjangkau pertama di Karawang ini dibangun di atas lahan seluas 2,8 hektare. Urban Development juga tengah mempersiapkan satu proyek lain di bilangan Sudimara, Ciputat, Tangerang Selatan. </p>

	</text>
</newsitem>