<?xml version="1.0" encoding="iso-8859-1" ?>
<newsitem itemid="1" id="root" date="1996-08-21" xml:lang="en">
<title>MENLU: ASEAN-CHINA SUDAH PUNYA TEKS NEGOSIASI LAUT CHINA SELATAN</title>
	<text>
<p>Singapura - Menlu RI Retno Lestari Priansari Marsudi mengatakan ASEAN dan China sudah memiliki naskah tunggal negosiasi untuk Laut Cina Selatan (LCS). Draft negosiasi ini dinilai penting untuk melobi China guna meredam ketegangan di LCS. </p>

<p>"Dari ASEAN, Indonesia menyampaikan dua hal yakni South China Sea, teman-teman tahu bahwa kita sudah memiliki satu draft single negosiasi. Draft ini merupakan proses yang cukup panjang sebagaimana saya ingin cerita, ini disiapkan pak Dirjen (Dirjen ASEAN) bagaimana kronologi kita punya negotiating text," kata Retno di Hotel Mandarin Oriental, Singapura, Kamis (2/8/2018). </p>

<p>Retno berharap adanya naskah tunggal negosiasi ini bisa memudahkan proses negosiasi dan mempercepat hasil negosiasi dengan Cina. Indonesia dalam hal ini menyambut baik adanya naskah negosiasi tersebut. </p>

<p>Retno menuturkan, perkembangan positif terkait Laut China Selatan ini harus dijaga. Dia juga tak ingin ada pihak-pihak yang memperkeruh suasana di tengah iklim positif ASEAN dan Cina terkait LCS. </p>

<p>"Harapan kita dengan adanya teks negosiasi akan memudahkan kita untuk negosiasi dan mempercepat hasil negosiasi ini. Indonesia juga menyampaikan ada perkembangan posisitif dan untuk negoasaisi, kita harus menjaga momentum positif. Caranya, positif development di meja perundingan harus sama dengan di lapangan, dan kita minta pada semua pihak untuk melakasanakan self retreat, tak melakukan yang memperkeruh situasi," jelasnya. </p>

<p>Pernyataan itu disampaikan setelah Retno mengikuti pertemuan Menlu ASEAN dengan Menlu China di Singapura Expo. Retno kemudian menjelaskan jalan panjang sampai akhirnya ASEAN dan China memiliki naskah tunggal negosiasi soal Laut China Selatan. </p>

<p>"Teman-teman ingat waktu di Bali pada Februari 2017 kita menyepakati, ASEAN-Tiongkok menyepakati plenary untuk framework code of conduct (CoC). Ini dibawa pada saat pertemuan di Kamboja pada bulan Maret kemudian dari Maret dibawa ke Guiyang pada bulan Mei 2017, Mei 2017 itu akhirnya SOM sepakat mengenai CoC frameworknya. framework ini di-endorse ASEAN-Tiongkok Agustus 2017," jelasnya. </p>

<p>"Pada saat join working grup akhir 2017 ASEAN dan Tiongkok menegosiasi beberapa elemen ditambahakan dan Februari 2018 di Vietnam dilakukan pembahasan memasukkan negara ASEAN dan Juni kemarin di Changsa dilakukan kompilasi yang menghasilakn satu teks negosiasi untuk CoC," sambung Retno.  Retno melanjutkan, selain membahas soal Laut China Selatan, ASEAN termasuk Indonesia berbicara pentingnya multilateralisme untuk melawan proteksionisme. </p>

<p>Selain dengan Cina, ASEAN juga melakukan pertemuan dengan Menlu Rusia membahas tiga prioritas yakni counter terorisme, cyber security, dan resestmen management. Dalam hal ini, kata Retno, Indonesia akan menggantikan Laos sebagai kordinator kemitraan ASEAN-Rusia. </p>

<p>"Dengan Rusia, Indonesia akan menjadi next koordinator untuk tiga tahun ke depan saat ini dipegang oleh Laos. Jadi kita menggantikan Laos dan tadi pada saat saya menyampaikan intervensi, saya menyampaiakan tiga prioritas yaitu satu mengenai counter terorism, dua cyber security, ketiga resestmen management, dan prioritas Indonesia disambut baik Rusia," kata Retno. </p>

	</text>
</newsitem>