<?xml version="1.0" encoding="iso-8859-1" ?>
<newsitem itemid="1" id="root" date="1996-08-21" xml:lang="en">
<title>GNPF ULAMA KE MUI SULAWESI SELATAN: ULAMA TAK BOLEH DIRENDAHKAN</title>
	<text>
<p>Jakarta - Pertama kali dikembangkan pada tahun 2007, mobil buatan anak bangsa Esemka belum juga terlihat memenuhi jalanan-jalanan di Tanah Air. Pabrik Esemka pun sudah didirikan di Boyolali, Jawa Tengah. </p>

<p>Presiden Joko Widodo (Jokowi) angkat bicara soal mobil yang pernah digunakan saat menjabat wali kota Solo. Menurut Jokowi, persaingan industri otomotif kini semakin ketat. </p>

<p>"Nanti lagi. Ini kan persaingan semakin ketat, kompetisi semakin ketat, belum tentu semua mobil itu bagus di dalam desain dan harganya kalau tidak kompetitif pasarnya juga akan sulit. Artinya itu terserah industri sendiri karena Esemka sekarang juga diambil alih industri," ujar Jokowi seusai membuka GIIAS di ICE BSD City, Tangerang Selatan, Banten, Kamis (2/8/2018). </p>

<p>Namun Jokowi mempersilakan mobil Esemka diproduksi secara massal jika sudah siap. Jokowi menegaskan komitmen pemerintah mendorong pengembangan industri otomotif. </p>

<p>"Kalau Esemka pabriknya selesai dan bisa memproduksi ya silakan karena memang kewajiban pemerintah untuk terus mendorong agar industri otomotif berkembang," jelas Jokowi. </p>

<p>Mobil ini sebelumnya digadang-gadang akan menjadi mobil nasional (mobnas). Namun sayangnya keinginan Sukiyat untuk membuat mobil Esemka masih terus menjadi cita-cita karena 11 tahun setelahnya belum Esemka yang diproduksi secara massal. </p>

<p>Beberapa waktu lalu, Sukiyat menyampaikan dalam pengembangan Esemka ini pihaknya banyak mengalami kendala. Mulai dari model hingga pemasaran mobil. </p>

	</text>
</newsitem>