<?xml version="1.0" encoding="iso-8859-1" ?>
<newsitem itemid="1" id="root" date="1996-08-21" xml:lang="en">
<title>SEMANGAT RETNO PROMOSI ASIAN GAMES DI SELA PERTEMUAN MENLU ASEAN</title>
	<text>
<p>Jakarta - Menlu Retno Lestari Priansari Marsudi gencar mempromosikan Asian Games 2018 di sela-sela pertemuan menteri luar negeri ASEAN ke-51 di Singapura. Cara yang dilakukan Retno, dari memakai jaket hingga membagikan boneka maskot Asian Games ke para Menlu negara ASEAN. </p>

<p>Retno menuturkan dirinya sempat berolahraga pagi di Clarke Quay dengan mengenakan jaket Asian Games. Dia sengaja memakai jaket tersebut untuk mempromosikan Asian Games di jalanan Singapura. </p>

<p>"Kemarin pagi juga dalam jalan kaki mengitari sungai saya juga memakai jaket Asian Games yang saya kira itu juga merupakan satu cara untuk mempromosikan popular di jalan-jalan mengenai Asian Games," kata Retno di Hotel Mandarin Oriental, Singapura, Kamis (2/8/2018). </p>

<p>Retno siang tadi juga sempat membagikan boneka maskot Asian Games 2018 kepada para menteri luar negeri ASEAN. Dia mengatakan para menteri luar negeri ASEAN itu merasa senang mendapat boneka maskot Asian Games, bahkan beberapa menteri meminta boneka tambahan untuk diberikan kepada anak dan cucunya. </p>

<p>"Respons mereka senang, ada yang minta tambah karena cucunya lebih dari satu, jadi ada yang kita tambah, ada yang anaknya minta," ujarnya. </p>

<p>Retno menambahkan Asian Games bukan sekadar ajang pesta olahraga antarnegara, tapi sekaligus menjadi jendela perdamaian dunia. "Intinya, ASEAN mendukung penuh ketuanrumahan Indonesia untuk Asian Games," terangnya. </p>

<p>Asian Games 2018 akan dimulai pada 18 Agustus sampai 2 September. Sebelumnya, Wakil Presiden Jusuf Kalla mengatakan Presiden Jokowi mengundang Presiden Korea Selatan (Korsel) Moon Jae-In dan pemimpin tertinggi Korut Kim Jong-Un diundang hadir saat Asian Games. Namun pemerintah RI belum mendapat konfirmasi terkait kehadiran 2 pemimpin Korea tersebut. </p>

<p>"Memang ada presiden mengundang dua presiden Korea Selatan dan Korea Utara, tapi kami belum menerima konfirmasi," ujar JK di gedung Inasgoc, Senayan, Jakarta, Jumat (29/6). </p>

<p>Pemerintah dan penyelenggara Asian Games tengah merancang rencana, jika kedua pemimpin tersebut hadir, hal itu tidak mengurangi fokus kemeriahan Asian Games. </p>

	</text>
</newsitem>