<?xml version="1.0" encoding="iso-8859-1" ?>
<newsitem itemid="1" id="root" date="1996-08-21" xml:lang="en">
<title>ANIES BERENCANA BUAT PELICAN CROSSING DI JL KH WAHID HASYIM</title>
	<text>
<p>Jakarta - Gubernur DKI Jakarta Anies Baswedan ingin pelican crossingtak hanya dibuat di Jl MH Thamrin, Jakarta Pusat. Anies ingin pelican crossing juga dibuat di Jl KH Wahid Hasyim. </p>

<p>"Pelican (di Jl KH Wahid Hasyim)? Belum. Kalau itu habis Asian Games," kata Anies usai di Jl MH Thamrin, Kamis (2/8/2018). </p>

<p>Anies membuat pelican crossing di Jl MH Thamrin sebagai pengganti jembatan penyeberangan orang (JPO) yang dibongkar. Eks Mendikbud itu tak memiliki rencana membangun kembali JPO sudah dibongkar. </p>


<p>"Tidak, bahkan yang di sana (Jl MH Thamrin) sudah kita siapkan untuk yang (JPO) di bawah (tanah) juga," terang Anjes. </p>

<p>Keputusan Anies membongkar JPO di Jl MH Thamrin mendapatkan respons positif dari Presiden Joko Widodo (Jokowi). Jokowi menilai, dengan adanya pelican crossing warga tak perlu repot-repot naik tangga. </p>

<p>"Ya kan bagus, bagus. Artinya kan sebetulnya fasilitas-fasilitas pelican crossing ini akan memudahkan masyarakat untuk tidak usah naik tinggi-tinggi, itu yang pertama. Dan yang kedua, saya melihat dari sisi estetika jembatan penyeberangan orang kalau di sini secara estetika ganggu," ujar Jokowi usai meninjau pelican crossing bersama Anies. </p>

	</text>
</newsitem>