<?xml version="1.0" encoding="iso-8859-1" ?>
<newsitem itemid="1" id="root" date="1996-08-21" xml:lang="en">
<title>LRT UNTUK SEMUA KOTA METROPOLITAN</title>
	<text>
<p>JawaPos.com - BANGGA . Inilah light rail transit (LRT) pertama di Indonesia. Setelah sekian lama, akhirnya Indonesia punya moda transportasi modern yang pertama. Bukan di Jakarta. Palembang-lah yang pertama. Karena itu, sebagai orang Palembang, Wong Kito Galo, saya bangga Kita semua pun layak bangga. </p>

<p>Kenapa LRT diperlukan? Pertama, Palembang adalah kota metropolitan dengan jumlah penduduk lebih dari 1,6 juta jiwa. Karena itu, dibutuhkan sistem angkutan masal berbasis rel untuk mendukung mobilitas penduduk. </p>

<p>Kota-kota metropolitan lain pun harus punya. Jakarta dalam proses. Yang lainnya seperti Surabaya, Bandung, dan Makassar segera menyusul. Sebab, transportasi masal adalah ciri kota modern, kota metropolitan. </p>

<p>Alasan kedua, ini bagian dari integrasi angkutan umum di sebuah kota. Saat ini bus, angkutan kota, taksi, maupun bus air yang ada di Palembang belum mampu mengatasi kemacetan. Karena itu, angkutan transportasi masal seperti LRT menjadi solusi. </p>

<p>Ketiga, ini yang signifikan. LRT dibangun di Palembang untuk mendukung event Asian Games 2018 yang digelar Agustus ini. Jalur LRT yang menghubungkan Bandara Sultan Mahmud Badaruddin II dengan Jakabaring Sport City akan memastikan kelancaran mobilisasi atlet, ofisial, media, maupun suporter. </p>

<p>Tanpa LRT, dalam kondisi lalu lintas yang padat, dibutuhkan waktu lebih dari 1,5 jam untuk menuju Jakabaring dari bandara yang jaraknya 21 kilometer. Dengan LRT, waktunya bisa dipersingkat menjadi hanya 45 menit atau 50 menit. Jadi, efisiensinya sangat signifikan. </p>

<p>Satu hal yang perlu saya garis bawahi: LRT ini adalah buah karya anak negeri. Konstruksi jalurnya dikerjakan BUMN Waskita Karya. Trainset atau gerbongnya digarap BUMN PT Inka di Madiun. Memang ada sebagian komponen untuk konstruksi yang masih diimpor, tapi jumlahnya kecil. Jadi, saya bisa menyebut bahwa LRT ini adalah karya anak negeri. Kita patut bangga. </p>

<p>Karena itu, kami, pemerintah, memohon fasilitas yang modern dan canggih ini bisa dimanfaatkan sebaik-baiknya. Dijaga sebaik-baiknya. Sebab, LRT ini tidak hanya berperan untuk memperlancar transportasi. Tapi juga diharapkan bisa mengubah kultur masyarakat. Agar terbiasa dengan budaya antre, budaya tertib, dan disiplin. </p>

<p>Apalagi, saat ini pemerintah masih menyubsidi tarifnya. Sangat murah, hanya Rp 5 ribu ke berbagai stasiun. Atau Rp 10 ribu untuk perjalanan dari dan menuju bandara. Artinya, kalau orang atau turis mau jalan-jalan di Palembang, sangat terjangkau. Pempek saja harganya Rp 10 ribu. Ini jalan-jalan naik kereta canggih dan modern hanya Rp 5 ribu. Jadi, industri pariwisata diharapkan makin bergairah. </p>

<p>Keberadaan LRT ini memang diharapkan bisa berdampak pada perekonomian. Apalagi, pemerintah mendorong konsep transit oriented development. Jadi, area di sekitar stasiun akan dikembangkan. Dilengkapi fasilitas umum. Dibangun hunian. Sehingga infrastruktur ini akan terus ramai, terus hidup, dan memberikan manfaat bagi banyak orang. </p>

	</text>
</newsitem>