<?xml version="1.0" encoding="iso-8859-1" ?>
<newsitem itemid="1" id="root" date="1996-08-21" xml:lang="en">
<title>PENGUSAHA DISEBUT WAIT AND SEE SAAT PEMILU, INI KATA BOS KADIN</title>
	<text>
<p>JawaPos.com - Indonesia akan menggelar pesta demokrasi tahun depan. Mulai dari Dewan Perwakilan Daerah (DPD) sampai dengan dengan pemilihan Presiden dan Wakil Presiden. Saat momentum itu terjadi, pengusaha disebut-sebut akan wait and see dalam melakukan ekspansi bisnisnya. Benarkah demikian? </p>

<p>Ketua Kamar Dagang dan Industri Indonesia (Kadin) Rosan P. Roeslani menilai pengusaha tidak terpengaruh dengan pemilu. Menurutnya, ekspansi bisnis yang dilakukan pengusaha menyesuaikan dengan permintaan pasar. </p>

<p>"Kita sih bukan wait and see, lebih ke kalau demandnya agak flat ya kita kan agak nahan diri, kita engga ekspansi usaha. Kalau demand kuat ya kita ekspansi usaha. Jadi bukan karena wait and see," ujarnya di Hotel Aryaduta, Jakarta, Kamis (2/8). </p>

<p>Selain itu, menjelang tahun politik, pihaknya berharap semua akan berjalan baik-baik saja. Rosan menilai para pelaku usaha telah beberapa kali melewati masa pemilu dengan sangat baik. </p>

<p>"Harapannya semua berjalan dengan baik dan kita semua meyakini semua berjalan dengan baik. Tadi saya sudah sampaikan juga, ini kan memang acara lima tahunan dan bukan hal yang baru buat kita. Kita melihatnya insya Allah semua bisa berjalan lancar," tandasnya. </p>

	</text>
</newsitem>