<?xml version="1.0" encoding="iso-8859-1" ?>
<newsitem itemid="1" id="root" date="1996-08-21" xml:lang="en">
<title>TIBA-TIBA JK USUL JANGAN LAGI IMPOR FERRARI DAN LAMBORGHINI, ADA APA?</title>
	<text>
<p>JawaPos.com - Defisit neraca transaksi berjalan sepanjang 2017 tercatat sebesar USD 17,3 miliar atau 1,7 persen dari Produk Domestik Bruto (PDB). Realisasi defisit neraca transaksi berjalan tahun lalu masih lebih rendah dibandingkan tahun 2016 yang mencapai sebesar 1,8 persen dari PDB. </p>

<p>Sementara Gubernur Bank Indonesia (BI) memperkirakan defisit Indonesia akan mencapai USD 25 miliar pada akhir tahun. </p>

<p>Wakil Presiden M Jusuf Kalla (JK) menilai perlu ada upaya lebih untuk memperbaiki defisit transaksi berjalan Indonesia. Namun, diakuinya hal itu tidak mudah. </p>

<p>"Seperti keinginan kita untuk naikkan ekspor sawit, mereka ancam ada pembatas, tapi kita ancam balik kita nggak beli Airbus, dubesnya datang semua ke saya, untuk klarifikasi tidak benar itu pak. Tapi akhirnya ditunda itu karena WTO juga tidak bisa mengatasi masalah yang ada," ujarnya dalam diskusi Bussines Lunch di Hotel Aryaduta, Jakarta, Kamis (2/8). </p>

<p>Upaya lainnya, adalah mengurangi komponen-komponen impor barang mewah. JK bahkan mengusulkan untuk tidak mengimpor Ferrari ataupun Lamborghini. </p>

<p>"Saya malah usulkan sudah hentikan impor mobil di atas 3,000 cc, jangan impor Ferrari jangan Lamborghini. Juga pengusaha, karena survei menko perekonomian, karena cuma 80 persen devisa masuk ke Indonesia, jadi kita minta ada sikap jelas kalau devisa masuk semuanya," terangnya. </p>

<p>Disisi lain, sebenarnya Indonesia bisa saja melakukan kebijakan seperti Thailand dengan memberlakukan devisa terkontrol. Langkah itu membuat devisa Thailand cukup melimpah, lantaran hasil ekspor perusahaan harus dikonversi ke mata uang mereka, Bath. </p>

<p>"Memang devisa kita bebas sejak tahun 80-an dan lebih bebas lagi setelah krisis. Kalau di Singapura, keluarkan USD 10,000 harus ada baselinenya, untuk bayar sekolah dan lainnya. Kita lebih bebas dari Singapura bahkan Malaysia, jadi perlu aturan aturan lebih baik," tandasnya. </p>

	</text>
</newsitem>