<?xml version="1.0" encoding="iso-8859-1" ?>
<newsitem itemid="1" id="root" date="1996-08-21" xml:lang="en">
<title>KPK TAK AJUKAN BANDING VONIS 15 TAHUN PENJARA SETYA NOVANTO</title>
	<text>
<p>JAKARTA - Komisi Pemberantasan Korupsi (KPK) tidak akan mengajukan banding atas vonis 15 tahun penjara Majelis Hakim Pengadilan Tindak Pidana Korupsi (Tipikor) Jakarta kepada mantan Ketua DPR Setya Novanto. Namun, diakui Ketua KPK Agus Rahardjo bahwa upaya hukum lain masih bisa ditempuh atas vonis tersebut. </p>

<p>"Kalau dari pihak KPK, mungkin tidak ada banding. Kalau vonis untuk anu ya seperti itu, tapi kemungkinan yang lain masih ada kan," ujar Agus di Kompleks Parlemen, Senayan, Jakarta, Jumat (27/4/2018).</p>

<p>Sedangkan mengenai dugaan tindak pidana pencucian uang (TPPU) Setya Novanto dalam kasus dugaan korupsi proyek pengadaan kartu tanda penduduk elektronik (e-KTP), dia tidak menampik bahwa KPK bakal mengusutnya. "Pasti ada langkah berikutnya," katanya. </p>

<p>Diketahui, pria yang akrab disapa Setnov itu juga dikenakan denda sebesar Rp500 juta subsider tiga bulan terkait kasus dugaan korupsi proyek pengadaan e-KTP. Majelis hakim juga mencabut hak politik Setya Novanto selama lima tahun. </p>

<p>Vonis Majelis Hakim Pengadilan Tipikor Jakarta itu lebih rendah dari tuntutan Jaksa Penuntut Umum (JPU) KPK yakni 16 tahun penjara dan ditambah denda Rp1 miliar subsider enam bulan kurungan. </p>

	</text>
</newsitem>