<?xml version="1.0" encoding="iso-8859-1" ?>
<newsitem itemid="1" id="root" date="1996-08-21" xml:lang="en">
<title>CUITAN JOKOWI TENTANG NOVEL BERUSIA SETAHUN, KPK: SEGERA UNGKAP!</title>
	<text>
<p>Jakarta - Hari ini tepat setahun Presiden Joko Widodo (Jokowi) mencuit soal kasus teror terhadap penyidik KPK Novel Baswedan. KPK pun berharap kasus ini segera terungkap. </p>

<p>"Harapan kami, (kasus) segera bisa terungkap," kata Ketua KPK Agus Rahardjo di kantornya, Jalan Kuningan Persada, Jakarta Selatan, Rabu (1/8/2018). </p>

<p>Agus mengatakan dalam waktu dekat KPK bakal menanyakan kembali perkembangan kasus ini ke Polri. Jika nantinya Polri mengaku menyerah, KPK bakal menanyakan kepada Jokowi soal tindak lanjutnya. </p>

<p>"Dalam waktu dekat kami akan menanyakan ke teman-teman Polri lagi. Mungkin kalau misalkan teman-teman Polri sudah menyerah, ya kita menanyakan kepada Presiden apakah ada langkah selanjutnya," ujar Agus </p>

<p>Sebelumnya, pada 1 Agustus 2017, Jokowi mencuit soal kasus Novel setelah bertemu dengan Kapolri Jenderal Tito Karnavian. Setahun berselang, teka-teki siapa penyerang Novel belum juga terjawab. </p>

<p>"Kasus yang menimpa Pak Novel Baswedan harus segera dituntaskan. Pengusutannya terus mengalami kemajuan -Jkw," tulis Jokowi pada 1 Agustus 2017. </p>

<p>Novel mengalami teror air keras pada 11 April 2017. Setelah 16 bulan berlalu, Novel kembali bertugas di KPK meski masih harus menjalani pengobatan untuk kedua matanya. </p>

	</text>
</newsitem>