<?xml version="1.0" encoding="iso-8859-1" ?>
<newsitem itemid="1" id="root" date="1996-08-21" xml:lang="en">
<title>JOKOWI BELUM BERANI GENDONG CUCU KEDUANYA</title>
	<text>
<p>Jakarta - Presiden Joko Widodo (Jokowi) gembira menyambut kelahiran cucu keduanya yang merupakan anak putrinya, Kahiyang Ayu. Namun, dia belum berani menggendong cucunya itu. Apa alasannya? </p>

<p>"Masih kecil, saya nggak berani gendong-gendong," kata Jokowi kepada wartawan di RS YPK Mandiri, Jl. Gereja Theresia, Menteng, Jakarta Pusat, Rabu (1/8/2018). </p>

<p>Cucu kedua Jokowi ini lahir lewat operasi caesar di tanggal cantik. Jokowi mengaku tidak ikut campur dalam menentukan tanggal kelahirannya itu. </p>

<p>"(Soal tanggal) ya tanya bapaknya, ibunya. Kok tanya saya, nanti tanya bapaknya ibunya. Saya ke sini kan nengok tidur semua," kata Jokowi. </p>

<p>Sementara itu istri Jokowi, Iriana mengaku senang mendapat cucu perempuan. Jokowi juga mengungkapkan yang paling senang mendapat cucu perempuan adalah Irana. </p>

<p>"Seneng semua," tutur Iriana sambil tersenyum ketika ditanya perihal cucu perempuannya. </p>

<p>"Seneng, paling seneng, Ibu paling seneng," timpal Jokowi. </p>

	</text>
</newsitem>