<?xml version="1.0" encoding="iso-8859-1" ?>
<newsitem itemid="1" id="root" date="1996-08-21" xml:lang="en">
<title>EKS NAPI KORUPSI, SUSNO DUADJI MUNDUR DARI CALEG PBB</title>
	<text>
<p>Jakarta - Susno Duadji mundur dari pencalegan Partai Bulan Bintang (PBB). PBB langsung mengganti Susno dengan bakal caleg lainnya. </p>

<p>"Sudah (diganti), sudah diproses semua sesuai ketentuan KPU," ujar Ketua DPP PBB Sukmo Harsono di kantor KPU, Jl Imam Bonjol, Jakarta Pusat, Rabu (1/8/2018). </p>

<p>Sukmo mengatakan Susno tidak dicoret dari daftar bacaleg PBB. Tapi Susno mengundurkan diri. "Pak Susno tidak diganti. Setahu saya sudah mengundurkan diri sebelum dicoret, sudah mundur sebelum dicoret," kata Sukmo. </p>

<p>Menurut Sukmo, Susno bukan kader partainya. Susno maju menjadi bakal caleg dari Dapil Sumsel II. </p>

<p>"Jadi bukan kader PBB yang pernah tersangka korupsi kemudian mendaftar sebagai caleg, bukan. Karena dia datang kita anggap pernah berprestasi, mantan pejabat, pindah ke PBB mencaleg, kita terima. Ternyata, dalam screening KPU, dia pernah terlibat dalam tindakan korupsi, ini di luar perkiraan kita," tuturnya. </p>

<p>Selain itu, terdapat beberapa bakal caleg berstatus eks napi korupsi di tingkat kabupaten/kota. Tapi Sukmo menegaskan nama bacaleg tersebut sudah dicoret. </p>

<p>"Kalau dari beberapa info di daerah 8 (bacaleg). Iya (sudah dicoret), dan semua bukan dari kader PBB," kata Sukmo. </p>

<p>Susno divonis 3,5 tahun penjara dalam kasus korupsi PT Salmah Arowana Lestari dan korupsi dana pengamanan Pilkada Jawa Barat oleh Pengadilan Negeri Jakarta Selatan. </p>

<p>Susno terbukti menyalahgunakan kewenangannya saat menjabat Kabareskrim Mabes Polri dalam penanganan kasus terkait PT Salmah Arowana. Vonis itu dikuatkan hingga tingkat kasasi, sedangkan permohonan peninjauan kembali ditolak. </p>

	</text>
</newsitem>