<?xml version="1.0" encoding="iso-8859-1" ?>
<newsitem itemid="1" id="root" date="1996-08-21" xml:lang="en">
<title>BAWA 4 KG SABU, SEPASANG KEKASIH DITANGKAP DI BANDARA KUALANAMU</title>
	<text>
<p>Medan - Sepasang kekasih, Lukman-Eka Wirawati ditangkap saat akan terbang melalui Bandara Kualanamu, Deli Serdang, Sumut. Dari tangannya ditemukan 4 kg sabu. </p>

<p>Lukman-Eka ditangkap pada Selasa (31/7/2018) malam sekitar pukul 23.30 WIB. "Keduanya kita amankan di Bandara Kualanamu," jelas Kasat Reskrim Polrestabes Medan, AKBP Rafhael Sandi, kepada detikcom, Rabu (1/8/2018). </p>

<p>Sebelum ditangkap, petugas sudah memantau gerak- gerik keduanya saat berada di Medan. </p>


<p>"Mereka kita ikuti dari mulai di Medan sampai bandara," paparnya. </p>

<p>Dari tangan keduanya, petugas menyita 4 kg sabu yang dikemas dalam plastik kacang. </p>

<p>"Awalnya,mereka membantah ada menyimpan sabu di dalan tas milik mereka. Tapi setelah diperiksa ditemukan narkoba dalam plastik kacang," ungkapnya. </p>

<p>Rencananya, calon penumpang ini akan terbang menggunakan pesawat komersil menuju Makassar. </p>

<p>"Mereka mau berangkat ke Makasar," tambahnya. </p>

	</text>
</newsitem>