<?xml version="1.0" encoding="iso-8859-1" ?>
<newsitem itemid="1" id="root" date="1996-08-21" xml:lang="en">
<title>PIMPINAN MPR DUKUNG PARA ULAMA BERPOLITIK PRAKTIS</title>
	<text>
<p>JawaPos.com - Ulama dan para pemuka agama memiliki peran penting di tahun politik. Sejumlah elite partai politik pun kerap berlomba-lomba untuk mencari simpati dan dukungan dari para ulama. </p>

<p>Wakil Ketua Majelis Permusyawaratan Rakyat (MPR) Mahyuddin mengatakan, tak masalah dengan ulama yang mulai terjun ke politik. Pasalnya, aktif dalam politik merupakan hak setiap masyarakat Indonesia. </p>

<p>"Saya kira politik itu hak setiap orang. Tidak cuma ulama, ibu rumah tangga juga boleh berpolitik. Tapi, memang ada koridornya," kata Mahyuddin di Gedung DPR RI, Jakarta, Jumat (3/8). </p>

<p>Menurutnya, saat ini yang paling penting dalam dunia politik adalah etika dan moral. Dia menambahkan, saling menebar kebencian dan fitnah dinilainya tak dibenarkan. </p>

<p>"Kita pakai etika moral dalam berpolitik, misalnya menghalalkan segala cara yang tidak benar itu berpolitik yang menyebarkan fitnah misalkan di media sosial memfitnah orang. Apalagi yang difitnah misalnya kepala negara. Itu yang nggak boleh," ungkapnya. </p>

<p>Oleh karena itu, Mahyuddin menuturkan, dirinya mendukung para ulama untuk masuk ke ranah politik. Apalagi, mayoritas masyarakat Indonesia beragama Islam. </p>

<p>Sehingga, kata Mahyuddin, nantinya para ulama dapat memperjuangkan regulasi yang dapat mengakomodasi kepentingan umat Islam. Di sisi lain, para ulama juga dapat menjaga keutuhan Pancasila dan ideologi negara. </p>

<p>"Selama ini kita banyak UU, misalnya warisan Belanda. Ada baiknya kalau misalkan orang-orang Islam ini yang duduk di politik berjuang untuk peraturan-peraturan yang lebih syariah," ucapnya. </p>

<p>"Misalnya UU (ajaran) Tuhan itu UU yang paling benar menurut saya. Makanya kalau maling itu kalau di Islam potong tangan. Ya kemudian kita ubah saja warisan Belanda itu kita ubah saja koruptor potong tangan begitu. Jadi kan kita tidak perlu menyiapkan penjara macam-macam lagi terjadi kayak kasus di Sukamiskin," sambungnya. </p>

	</text>
</newsitem>