<?xml version="1.0" encoding="iso-8859-1" ?>
<newsitem itemid="1" id="root" date="1996-08-21" xml:lang="en">
<title>KELOLA BLOK ROKAN, PERTAMINA PIKIR-PIKIR GANDENG PIHAK LAIN</title>
	<text>
<p>Liputan6.com, Jakarta Pemerintah menetapkan PT Pertamina (Persero) sebagai pengelola blok minyak dan gas (migas) Rokan usai 2021. Sebelumnya, Wilayah Kerja (WK) ini dikelola PT Chevron Indonesia. </p>

<p>Plt Dirut PT Pertamina (Persero) Nicke Widyawati mengatakan pihaknya tengah menjajaki kemungkinan kerja sama dengan pihak lain dalam pengelolaan Blok Rokan. "Kita terbuka dengan partnership," ungkap dia dalam acara Forum Merdeka Barat, di Jakarta, Rabu (1/8/2018). </p>

<p>Menurut dia, rekan kerja dibutuhkan dalam upaya mitigasi risiko, baik penggunaan teknologi maupun pendanaan. Rekan kerja yang dicari Pertamina tentu yang sudah teruji kualitasnya dalam pengelolaan blok migas. </p>

<p>"Ini untuk mitigasi risiko. EOR di sumur-sumur Pertamina ini cari partner untuk teknologi risk. Kita akan pelajari sampai akhir 2020. Apakah mitigasi ini harus kita lakukan sendiri atau sharing dengan partneryang proven," jelas dia. </p>

<p>"Kedua, mitigasi untuk pendanaan. Kita lihat ada banyak yang tertarik. Kita terbuka," ucap Nicke. </p>

<p>Dia pun menegaskan, usai pengalihan operator pengelola Blok Rokan, pihaknya akan tetap menggunakan sumber daya manusia yang saat ini sudah tersedia di blok tersebut. </p>

<p>"Ini jangan sampai timbulkan lay off. Maka semua karyawan itu kembali pindah ke Pertamina. Di Mahakam juga begitu. Begitu berpindah. Ini kita lagi proses. Kita akan tetap gunakan tenaga kerja nasional. Malah kita mungkin akan menambah tenaga kerja karena sudah ada pensiun dan lain-lain," katanya. </p>

	</text>
</newsitem>