<?xml version="1.0" encoding="iso-8859-1" ?>
<newsitem itemid="1" id="root" date="1996-08-21" xml:lang="en">
<title>SURVEI MEDIAN, 3 CAWAPRES YANG DINILAI POTENSIAL DAMPINGI PRABOWO</title>
	<text>
<p>JawaPos.com - Media Survei Nasional (Median) merilis hasil riset terbaru terkait bursa calon wakil presiden (Cawapres). Hasilnya, tiga figur populer masuk dalam kandidat pendamping potensial Prabowo Subianto pada Pilpres 2019. </p>

<p>Direktur Eksekutif Rico Marbun mengatakan, ketiga figur yang dimaksud yakni Ketua Komando Tugas Bersama (Kogasma) Agus Harimurti Yudhoyono (AHY), Anies Matta, dan Ketua Umum Partai Amanat Nasional (PAN) Zulkifli Hasan. </p>

<p>"Perbedaan elektabilitas ketiga tokoh tersebut relatif tipis jika dipasangkan dengan Prabowo. Secara berurutan, Prabowo-AHY meraih 33 persen, Prabowo-Anis Matta 32,9 persen, dan Prabowo-Zulkifli Hasan 32,4 persen," ungkap Rico di Jakarta, Rabu (1/8). </p>

<p>Dengan perbedaan yang sangat tipis, maka ketiganya memiliki kesempatan sama. Namun, lanjut Rico, aspek keterwakilan masyarakat Jawa dan Luar Jawa harus diperhatikan oleh Prabowo dalam menentukan cawapres agar dapat meraih suara pemilih luar Jawa. </p>

<p>Selain itu, faktor perpaduan militer dan sipil juga harus diperhatikan oleh Prabowo. Mengingat dirinya capres dengan latar belakang militer. </p>

<p>"Faktor kompetensi cawapres juga perlu diperhatikan oleh Prabowo. Mengingat tantangan pemerintahan ke depan tidak mudah. Sebenarnya Prabowo membutuhkan the man of crisis untuk mendampinginya," pungkasnya. </p>

<p>Sebagai informasi, survei ini digelar pada 6-15 Juli 2018, dengan melibatkan 1.200 responden pemilik hak suara di 34 provinsi, melalui teknik multistage random sampling dan margin of error sebesar 2,9 persen. Hasil survei menunjukkan dinamika politik yang terjadi selama masa pengambilan data. </p>

	</text>
</newsitem>