<?xml version="1.0" encoding="iso-8859-1" ?>
<newsitem itemid="1" id="root" date="1996-08-21" xml:lang="en">
<title>PIPA BOCOR YANG BIKIN JALAN DI TANAH ABANG TERGENANG DIPERBAIKI</title>
	<text>
<p>Jakarta - Pipa air yang bocor hingga membuat Jalan Jatibaru, Tanah Abang, Jakarta Pusat tergenang diperbaiki. Perbaikan membutuhkan waktu selama 12 jam dan bakal mengganggu suplai air. </p>

<p>"Saat ini Palyja (PT PAM Lyonnaise Jaya) sedang berupaya melakukan pekerjaan perbaikan kebocoran yang diperkirakan akan memakan waktu 12 jam dan suplai air ke pelanggan akan mengalami gangguan untuk sementara waktu," kata Corporate Communications & Social Responsibilities Division Head Palyja, Lydia Astriningworo dalam keterangan tertulisnya kepada wartawan, Kamis (1/8/2018). </p>

<p>Kebocoran pipa berdiameter 900 mm itu disebut terjadi karena pekerjaan teknis pihak lain. Perbaikan dilakukan agar pelayanan ke pelanggan kembali normal. </p>

<p>"Telah terjadi kebocoran pipa diameter 900 mm di Jl Kebon Jati (Depan Stasiun Tanah Abang), Jakarta Pusat karena pekerjaan teknis pihak lain, pada tanggal 02 Agustus 2018 pukul 16.30 WIB," ujarnya. </p>

<p>Adapun wilayah yang akan terdampak saat perbaikan ialah Jembatan Lima, Duri Pulo, Krendang, Tomang, Pekojan, Kali Anyar, Gambir, Penjaringan, Cideng, Jembatan Lima, Tanah Sereal, Petojo Selatan, Kampung Bali, Kebon Sirih, Petojo Utara, Perniagaan, Jembatan Besi, Grogol, Duri Selatan dan Sekitarnya. Pihak Palyja pun menyiagakan armada mobil tangki untuk mengantisipasi keadaan darurat, seperti rumah sakit dan rumah ibadah, untuk memasok air bersih ke beberapa wilayah. </p>

<p>Sebelumnya, meski tak ada hujan, jalan di Jatibaru, Tanah Abang, Jakarta Pusat, tergenang. Genangan air itu disebut muncul karena ada pipa saluran air yang bocor. </p>

<p>"Palyja kena bor katanya," kata petugas PPSU yang menolak menyebutkan namanya di lokasi. </p>

	</text>
</newsitem>