<?xml version="1.0" encoding="iso-8859-1" ?>
<newsitem itemid="1" id="root" date="1996-08-21" xml:lang="en">
<title>PERTAMINA KELOLA BLOK ROKAN, IMPOR MINYAK MENTAH TERPANGKAS 100 RIBU BAREL</title>
	<text>
<p>Liputan6.com, Jakarta PT Pertamina (Persero) akan mengurangi impor minyak mentah sekitar 100 ribu barel per hari, seiring keberhasilan perusahaan mendapatkan hak pengelolaan Blok Rokan di Riau, mulai 2021. Saat ini Pertamina mengimpor minyak mentah mencapai 400 ribu barel per hari. </p>

<p>Senior Vice President ?Strategi dan Pengembangan Pertamina Daniel Syahputra Purba mengatakan, dari sekitar 200 ribu barel produksi minyak mentah Blok Rokan per hari, Pertamina akan mendapat jatah 100 ribu barel per hari. Sedangkan produksi sisanya, menjadi bagian pemerintah. </p>

<p>"Kan kalau Pertamina 100 persen semua masuk ke dalam negeri. Sekarang produksi kan 200 ribu barel per hari dari produksi itu dari 200 kan government entitlement setengahnya," kata Daniel, di Jakarta Convention Center (JCC), Kamis (2/8/2018). </p>

<p>Menurut Daniel, 100 ribu barel per hari minyak mentah yang didapat dari Blok Rokan, akan dipasok untuk memenuhi kebutuhan dalam negeri. Dengan begitu, impor minyak mentah Pertamina yang saat ini sekitar 400 ribu barel per hari akan berkurang menjadi 300 ribu barel per hari. </p>

?<p>"Berarti tambahan dari 200 ribu kan 100 ribu barel per hari ya bagian Pertamina, ya impor crude akan berkurang 100 ribu," tutur dia. </p>

<p>D?aniel mengungkapkan, minyak mentah dari Blok Rokan akan diolah pada fasilitas pengolahan minyak (minyak) Pertamina. Pengurangan impor minyak mentah akan meningkatkan ketahanan energi nasional. </p>

<p>"Sekarang kita impor 400 ribu berkurang 100 ribu kan lumayan banget kan, dan juga security supply," dia menandaskan. </p>

<p>Penunjukan PT Pertamina (Persero) untuk mengelola Blok Rokan di Riau dinilai merupakan hal biasa. Sebab sudah menjadi hak perusahaan minyak dan gas (?migas) nasional mengelola ladang migas di negaranya sendiri. </p>
 
<p>Direktur Eksekutif Indonesia Resources Studies (IRRES)? Marwan Batubara mengatakan, Pertamina memang berhak menerima Blok Rokan bahkan tanpa mengajukan proposal. Sebab itu, penunjukan Pertamina mengelola Rokan merupakan hal yang biasa. </p>

<p>"Itukan sebetulnya mengembalikan ke tangan yang berhak bukan hal istimewa. Proses proposal itu menyalahi konstitusi," kata Marwan, saat berbincang dengan Liputan6.com di Jakarta, Kamis (2/8/2018). </p>
 
<p>Menurut Marwan, dalam pengelolaan Rokan ke depan, Pertamina perlu mencari mitra. Hal ini untuk mengurangi risiko investasi dan menggenjot pencarian minyak di blok tersebut. </p>
 
<p>"Pertamina cari partner dengan tender siapa menawarkan lebih baik dan harus bayar di muka kan sahamnya dibagi. Uangnya untuk investasi lagi," tutur dia. </p>
 
<p>Marwan menegaskan, Pertamina menggandeng mitra untuk mengelola Rokan, bukan karena tidak mampu menggarap ladang yang menghasikan minyak tebesar di Indonesia tersebut. Mitra tersebut diharapkan untuk membantu dalam eksplorasi. </p>
 
<p>Selama ini pekerja lokal dinilai sudah mampu menggarap blok tersebut. "Ya mampu saja orang di darat itu, sudah banyak orang kita yang kerja. Tapi oke kalau cari mitra untuk eksplorasi," dia menandaskan. </p>

	</text>
</newsitem>