<?xml version="1.0" encoding="iso-8859-1" ?>
<newsitem itemid="1" id="root" date="1996-08-21" xml:lang="en">
<title>SAH! BANDARA KEDIRI MASUK PROYEK STRATEGIS NASIONAL</title>
	<text>
<p>Jakarta - Bandara Kediri di Jawa Timur kini resmi masuk dalam Proyek Strategis Nasional (PSN). Penetapan bandara yang akan dibangun oleh PT Gudang Garam Tbk (GGRM) ini tercantum dalam Peraturan Presiden Nomor 56 Tahun 2018 tentang Perubahan Kedua atas Peraturan Presiden Nomor 3 Tahun 2016 tentang Percepatan Pelaksanaan Proyek Strategis Nasional. </p>

<p>Peraturan ini diteken Presiden Joko Widodo (Jokowi) pada 20 Juli 2018. Dalam peraturan itu tertulis, peraturan berlaku sejak diundangkan. </p>

<p>"Peraturan Presiden ini mulai berlaku pada tanggal diundangkan. Agar setiap orang mengetahuinya, memerintahkan pengundangan Peraturan Presiden ini dengan penempatannya dalam Lembaran Negara Republik Indonesia," bunyi Pasal II. </p>

<p>Masuknya Bandara Kediri ke dalam PSN sebelumnya telah diungkapkan Menteri Koordinator Bidang Kemaritiman Luhut Binsar Pandjaitan. Luhut mengatakan, Presiden dalam waktu dekat akan memasukkan Bandara Kediri dalam PSN. Menurut Luhut, adanya bandara ini akan mendorong kesejahteraan masyarakat di sekitarnya. </p>

<p>"Dalam waktu dekat Presiden akan menandatangani bahwa pembangunan Bandara Kediri adalah bagian PSN, jadi nanti Kediri atau di wilayah sini akan mempunyai bandara internasional, yang akan membantu kesejahteraan masyarakat sekitar," kata Luhut dalam keterangan tertulisnya di Jakarta, Senin (16/7/2018). </p>

<p>Menurut Luhut, pembangunan Bandara Kediri masih menyisakan masalah lahan. Luhut bilang, lahan tersebut akan digunakan untuk penambahan landas pacu atau runway. </p>

<p>Luhut bilang, butuh 500 hektar untuk perluasan runway. Dengan tambahan runway ini, maka nantinya pesawat berbadan lebar (wide body) bisa mendarat. </p>

<p>Dia menambahkan, dengan masuk PSN maka permasalahan lahan ini bisa teratasi. </p>

<p>"Hanya tinggal masalah di penggunaan lahan seluas 500 hektar saja untuk perluasan runway, nantinya apabila itu sudah diperluas maka akan bisa didarati oleh pesawat berbadan lebar dan bisa diatasi jika sudah masuk dalam PSN," tutupnya. </p>

	</text>
</newsitem>