<?xml version="1.0" encoding="iso-8859-1" ?>
<newsitem itemid="1" id="root" date="1996-08-21" xml:lang="en">
<title>GEMPA 6,1 SR GUNCANG MALUKU TENGGARA</title>
	<text>
<p>Liputan6.com, Jakarta - Gempa berkekuatan 6,1 Skala Richter (SR) mengguncang Maluku. Lindu yang terjadi pada Jumat (3/8/2018) pukul 12.42 WIB itu berkedalaman 65 kilometer. </p>

<p>Berdasarkan informasi dari Badan Meteorologi Klimatologi dan Geofisika (BMKG), lokasi gempa berada di 6,14 Lintang Selatan dan 132,67 Bujur Timur atau 43 km Barat Daya Maluku Tenggara. </p>

<p>BMKG menyatakan, gempa tersebut tidak berpotensi tsunami. </p>

<p>Sementara itu, Badan Nasional Penanggulangan Bencana (BNPB) menyampaikan, gempa dirasakan sejumlah masyarakat. </p>

<p>"Di Pulau Kai bagian barat, tepatnya Desa Ohoidertawun, terasa guncangan cukup kuat selama 2-5 detik. Masyarakat ke luar rumah," ucap Kepala Pusat Data, Informasi dan Humas BNPB Sutopo Purwo Nugroho. </p>

<p>Dia menambahkan, belum ada laporan korban jiwa dan kerusakan akibat gempa. </p>

	</text>
</newsitem>