<?xml version="1.0" encoding="iso-8859-1" ?>
<newsitem itemid="1" id="root" date="1996-08-21" xml:lang="en">
<title>AIRLANGGA SOWAN KE RUMAH HABIBIE JELANG PENDAFTARAN PILPRES</title>
	<text>
<p>Jakarta, CNN Indonesia -- Ketua Umum Partai Golkar Airlangga Hartarto menyambangi kediaman mantan presiden ketiga RI Bacharuddin Jusuf Habibie (BJ Habibie) di Jalan Patra Kuningan XIII No 5 Jakarta Selatan, Jumat (3/8) Malam. <p>

<p>Airlangga tiba sekitar pukul 18.40 WIB bersama jajaran elite partai Golkar. Diantaranya, Ketua DPP Partai Golkar Ace Hasan Syadzily, Sekretaris Jenderal Paulus Lodewijk, Ketua Koordinator Bidang Perekonomian Aziz Syamsuddin dan Bendahara Umum Robert Joppy Kardinal. <p>

<p>Setibanya di lokasi, Airlangga tidak mengutarakan maksud dari pertemuan malam hari ini. Ia hanya melontarkan senyum kepada awak media. <p>

<p>Sementara itu, Robert Joppy Kardinal mengatakan pertemuan kali ini dalam rangka silaturahmi ketua umum bersama para elite partai dengan tokoh politisi senior partai Golkar jelang pemilihan presiden 2019. <p>

<p>Sebelumnya pun, kata Robert, sejumlah tokoh senior Partai Golkar juga dikunjungi oleh Airlangga. Di antaranya, Abu Rizal Bakrie dan Akbar Tandjung. <p>

<p>"Masa pak Habibie enggak didatangin. Sebagai orang Indonesia kan harus sowan ke senior-senior supaya diberkahi," kata Robert. <p>

<p>Ketika disinggung soal pokok pembicaraan yang akan dibahas dalam pertemuan ini, Robert mengaku tidak tahu. <p>

<p>"Saya tidak tahu, saya dapat whatsap saja dari Sekjen disuru kembali dari dapil (daerah pemilihan)," kata Robert. <p>

<p>Golkar saat ini masuk dalam koalisi partai pendukung Joko Widodo. Partai koalisi Jokowi sudah beberapa kali menggelar pertemuan untuk mematangkan persiapan Pilpres 2019. <p>

<p>Meski sudah merapatkan barisan, partai koalisi Jokowi belum mengumumkan siapa cawapres pendamping jelang pendaftara capres besok, 4-10 Agustus 2018. <p>

	</text>
</newsitem>