<?xml version="1.0" encoding="iso-8859-1" ?>
<newsitem itemid="1" id="root" date="1996-08-21" xml:lang="en">
<title>GENJOT PRODUKSI BLOK ROKAN, PERTAMINA AKAN EKSPLORASI 7.000 TITIK BARU</title>
	<text>
<p>Liputan6.com, Jakarta Plt Dirut PT Pertamina (Persero) Nicke Widyawati mengatakan pihaknya akan berupaya mengoptimalkan produksi Blok Rokan, yang terus menurun. Ini usai terpilihnya perusahaan sebagai pengelola blok minyak dan gas (migas) Rokan setelah 2021, menggantikan PT Chevron Indonesia. </p>

<p>"Jadi kalau kita lihat, Blok ini sudah 94 tahun. Memang karakter sumur, kalau tidak ada discovery, maka akan menurun. Cadangan tetap, tinggal seberapa cepat diambil saja," kata dia dalam Forum Merdeka Barat, di Jakarta, Rabu (1/8/2018). </p>

<p>Salah satu upaya meningkatkan produksi Blok Rokan adalah dengan menambah titik-titik eksplorasi. Pertamina berencana bakal menambah 7.000 titik ekplorasi. </p>

<p>"Kita harus menambah area. Eksplorasi, kan, di Duri dan Minas. Jadi, kita akan menambah titik eksplorasi," kata dia. </p>

<p>Nicke menjelaskan dalam mengelola Blok Rokan, pihaknya bakal menggunakan dua cara, yaitu konvensional dan nonkonvensional. </p>

<p>Cara konvensional, seperti penambahan area eksplorasi. "Kita sudah pelajari data teknis Rokan, perlu ada teknologi dan beberapa titik eksplorasi," ujar Nicke. </p>

<p>"Nonkonvensional dengan menggunakan teknologi EOR. Di Rokan ini sudah dilakukan, akan kita lanjutkan. Kita akan meningkatkan bisa double capacity. Kalau mau nambah produksi lagi pakai EOR," dia menandaskan. </p>

	</text>
</newsitem>