<?xml version="1.0" encoding="iso-8859-1" ?>
<newsitem itemid="1" id="root" date="1996-08-21" xml:lang="en">
<title>J&T EXPRESS RAIH PENGHARGAAN TOP BRAND AWARD 2018</title>
	<text>
<p>Jakarta - Perusahaan yang fokus pada pengiriman e-commerce di Indonesia, J&T Express meraih penghargaan bergengsi Top Brand Award 2018. Penghargaan pada kategori courier service berhasil diraih J&T Express memasuki tahun ketiganya. </p>

<p>Ajang Top Brand Award 2018 diadakan di Hotel Mulia, Senayan, Jakarta Selatan. J&T Express mendapatkan predikat TOP pada kategori jasa pengiriman berdasarkan hasil survei Frontier Consulting Group. </p>

<p>Survei Index fase 2 dilakukan secara berkala setiap tahunnya meliputi 250 kategori dengan mengambil sampel sebanyak 12 ribu orang secara serentak dari Jabodetabek, Bandung, Semarang, Yogyakarta, Surabaya, Malang, Denpasar, Palembang, Pekanbaru, Medan, Makassar, Manado, Balikpapan, Samarinda, dan Banjarmasin. </p>

<p>Survei tersebut dilakukan pada periode April hingga Mei 2018 dengan tiga parameter yaitu Mind Share, Market Share, dan Commitment Share. Dilansir dari Majalah marketing edisi Juli 2018, hasil survei menyatakan bahwa J&T Express sebagai salah satu merek yang mendapat predikat Top Brand dengan index 13,9%.</p>

<p>"Memasuki 3 tahun berdirinya J&T Express, kami sangat senang bahwa merek kami sudah dikenal baik bahkan menjadi pilihan jasa pengiriman yang ingin digunakan oleh masyarakat luas. Kami mengucapkan terima kasih atas kepercayaan pelanggan yang selama ini telah menggunakan jasa kami," ujar Chief Financial Officer J&T Express Sam Liu dalam keterangan tertulis, Senin (30/7/2018). </p>

<p>Sam Liu mengatakan, dengan menerima penghargaan ini tentunya J&T Express akan terus memperbaiki kinerjanya agar menjadi lebih baik. Khususnya untuk memberikan pelayanan terbaik kepada para pelanggan J&T Express. </p>

<p>Penghargaan Top Brand Award 2018 tidak hanya memotivasi J&T Express untuk memberikan pelayanan yang lebih baik, namun juga memperkuat visi J&T Express untuk mengembangkan pasarnya ke Asia Tenggara pada 2018. </p>

<p>Memasuki tahun ketiga, J&T Express memiliki lebih dari 2.000 drop point (kantor cabang) dan 54 gateway (pusat sortir) yang tersebar di seluruh Indonesia. Mengusung 'Express Your Online Business' sebagai slogan, J&T Express merupakan jasa pengiriman pertama di Indonesia yang fokus pada bisnis online dengan sejumlah fasilitas yang memudahkan para pelaku bisnis e-commerce yang kini terus bertumbuh dengan pesat. </p>

	</text>
</newsitem>