<?xml version="1.0" encoding="iso-8859-1" ?>
<newsitem itemid="1" id="root" date="1996-08-21" xml:lang="en">
<title>INNALILLAHI, PENDIRI PKS YUSUF SUPENDI MENINGGAL DUNIA</title>
	<text>
<p>JawaPos.com - Pendiri Partai Keadilan Sejahtera (PKS), yang kini menjadi bakal caleg dari Partai Demokrasi Indonesia Perjuangan (PDIP) Yusuf Supendi dikabarkan meninggal dunia, pada Jumat (3/8) sekira pukul 06.00 WIB. </p>

<p>Ketua DPP PDIP, Hendrawan Supratikno membenarkan kabar tersebut. Partai berlogo banteng ini pun mengucapkan duka cita sedalam-dalamnya atas meninggalnya Yusuf Supendi. </p>

<p>"Kami sungguh ikut berduka dan turut sepenanggungan dengan keluarga besar ditinggalkan. Semoga kasih sayang teladan dan kenangan bersama beliau tetap hidup di antara keluarga dan teman-teman," ujar Hendrawan saat dihubungi, Jumat (3/8). </p>

<p>Hendrawan menambahkan, Yusuf Supendi mengalami kelelahan akibat persiapan pencalegan di Pemilu 2019 mendatang. </p>

<p>"Kecapean karena persiapan-persiapan pencalegan dan pelatihan bacaleg. Beliau ikut pelatihan beberapa hari yang lalu," katanya. </p>

<p>Terpisah, Ketua DPP PKS Mardani Ali Sera juga mengucapkan duka mendalam atas kepergian salah satu pendiri partai berlogo bulan sabit kembar ini. </p>

<p>"Innalilahi wa innalilahi rojiun. Semoga hustul khotimah dan keluarga yang ditinggalkan mendapat kesabaran," kata Mardani dalam akun Twitter miliknya @MardaniAliSera. </p>

<p>Adapun rumah duka almarhum di Jalan Saorman RT 12/01 nomor 25 A Pekayon, Pasar Rebo, Jakarta Timur. Dari informasi yang dihimpun Yusuf Supendi akan dimakamkan setelah Salat Jumat di tempat pemakaman umum (TPU) Kalisari, Cijantung. </p>

	</text>
</newsitem>