<?xml version="1.0" encoding="iso-8859-1" ?>
<newsitem itemid="1" id="root" date="1996-08-21" xml:lang="en">
<title>CERITA SAKSI MATA YANG MELIHAT GILI LAWA KEBAKARAN</title>
	<text>
<p>Labuan Bajo - Kurniawan, salah seorang guide di Labuan Bajo, NTT melihat kebakaran di Gili Lawa. Katanya, gemuruh apinya begitu kencang! </p>

<p>Rabu (1/8) malam kemarin, Gili Lawa di Taman Nasional Komodo kebakaran. Kurniawan menuturkan ceritanya saat melihat api melahap pulau cantik tersebut. </p>

<p>"Saya tidur di kapal, kebangun tengah malam karena suara gemuruh api yang begitu kencang," katanya kepada detikTravel, Kamis (2/8/2018). </p>

<p>Kurniawan saat itu sedang membawa turis asal Australia dan bermalam di kapal yang bersandar di dekat Gili Lawa. Dia melanjutkan cerita, penampakan apinya sangat terang. </p>

<p>"Pijar api sangat terang, membakar habis Gili Lawa sampai ke puncaknya. Ditambah angin juga kencang, saat itu ada beberapa kapal yang datang mungkin petugas taman nasional yang mau memadamkan apinya," ujar Kurniawan. </p>

<p>Menurut Kurniawan, Gili Lawa merupakan salah satu destinasi yang sering didatangi turis. Sebab pulaunya cantik dengan padang savana dan panorama sunset. </p>

<p>"Saat itu sebenarnya kita mau trekking, tapi karena tamu kita sebelumnya sudah trekking dan sudah capek jadinya kita istirahat saja," tutur pria yang baru 1 bulan bekerja menjadi guide dan koki di Labuan Bajo tersebut. </p>

<p>Kurniawan tak mau menduga-duga penyebab kebakaran di Gili Lawa. Dia hanya berharap agar siapapun baik wisatawan atau guide untuk menjaga alam. Jangan sampai kejadian seperti ini terulang lagi. </p>

<p>Sebelumnya, Kepala Balai Taman Nasional Komodo Budhy sudah menegaskan kalau penyelidikan penyebab kebakaran di Gili Lawa masih dalam proses. "Masih dalam proses penyelidikan di Polres Manggarai Barat. Penyebabnya bisa karena banyak hal, tentu ada aktivitas yang menyalakan api," tegasnya. </p>

	</text>
</newsitem>