<?xml version="1.0" encoding="iso-8859-1" ?>
<newsitem itemid="1" id="root" date="1996-08-21" xml:lang="en">
<title>LANJUT NYALEG, MANTAN KORUPTOR DARI GERINDRA OPTIMIS MENANG GUGATAN MA</title>
	<text>
<p>JawaPos.com - Komisi Pemilihan Umum (KPU) DKI Jakarta menetapkan Wakil Ketua DPRD DKI M Taufik dengan status tidak memenuhi syarat (TMS) sebagai calon legislatif (caleg). Sebab, Taufik melanggar PKPU 20/2018 yang melarang mantan koruptor untuk mencalonkan diri. </p>

<p>"Tidak dikembalikan, tapi TMS (tidak memenuhi Syarat)," ujar Komisioner KPU DKI, Nurdin saat dihubungi, Kamis (2/8). </p>

<p>Berkas Ketua DPD Gerindra DKI Jakarta itu akan mengalami pemeriksaan kembali. Jika ditemukan salah satu kriteria di antaranya mantan narapidana bandar narkoba, pelecehan anak dan mantan narapidana korupsi, maka Taufik berpotensi gagal 'nyaleg'. </p>

<p>"Nanti akan kita cek berkas-berkasnya kalo ternyata di putusannya dan pernah tersangkut 3 hal itu, maka secara otomatis akan menjadi TMS," jelas Nurdin. </p>

<p>Sementara itu, Taufik kini sedang dalam proses menggugat PKPU tersebut ke Mahkamah Agung (MA). Gugatan sudah masuk sejak 10 Juli 2018 dengan nomor 43 P/HUM/2018. </p>

<p>Dia pun mengaku optimis gugatannya dikabulkan oleh MA, karena aturan tersebut melanggar undang-undang. Pasalnya, lima tahun lalu, banyak juga caleg wakil rakyat yang menggugat PKPU dan berakhir dengan menang. </p>

<p> "Insya Allah minggu depan sudah ada keputusan, insya Allah keputusannya baik," kata Taufik terpisah.23:21:08</p>

<p>Taufik mengungkapkan, aturan yang seperti demikian dapat merusak Indonesia yang disebut sebagai negara hukum. "KPU itu bukan pembuat norma, kalau nanti semacam KPU pembuat norma. Rusak ini tatanan hukum di negeri," pungkasnya. </p>

<p>Sebagai informasi, Taufik sendiri, merupakan mantan narapidana kasus korupsi. Saat itu, dirinya menjabat sebagai Ketua KPU DKI lalu divonis 18 bulan penjara pada 27 April 2004 lalu. Dia dinilai merugikan uang negara sebesar Rp 488 juta dalam kasus korupsi pengadaan barang dan alat peraga Pemilu 2004. </p>

	</text>
</newsitem>