<?xml version="1.0" encoding="iso-8859-1" ?>
<newsitem itemid="1" id="root" date="1996-08-21" xml:lang="en">
<title>TERINFEKSI LARVA, 900 KG BUAH IMPOR ASAL THAILAND DIMUSNAHKAN</title>
	<text>
<p>Jakarta - Balai Besar Karantina Pertanian (BBKP) Soekarno-Hatta, Tangerang, Banten memusnahkan ratusan kilogram buah impor asal Thailand. Buah itu diketahui terinfeksi larva yang belum ada di Indonesia. </p>

<p>"Ratusan kilogram buah tersebut masuk melalui Bandara Soekarno Hatta sudah dalam kondisi busuk akibat terinfeksi larva lalat buah hidup, setelah diidentifikasi di laboratorium merupakan spesies yang belum ada di Indonesia," kata Kepala BBKP Soekarno Hatta, Imam Djajadi dalam keterangan tertulisnya, Kamis (2/8/2018). </p>

<p>Buah tersebut terdiri dari 630 kilogram jambu air dan 180 kilogram long kong yang dikumpulkan sejak masa libur Lebaran lalu. Larva yang ada di buah tersebut dianggap dapat membahayakan buah lainnya yang ada di Indonesia. </p>

<p>"Kami melakukan tindakan pemusnahan ini guna menjamin larva lalat buah dan juga kutu putih yang dapat membahayakan ini tidak masuk dan tersebar di negara kita" ujar Imam. </p>

<p>Selain dua jenis buah tersebut, Balai Karantina Soekarno-Hatta juga memusnahkan beberapa komoditas pertanian yang masuk ke Indonesia dalam kurun tiga bulan terakhir. Pemusnahan dilakukan karena tidak dilengkapi dokumen persyaratan karantina dan ditemukan hama dan penyakit yang mengancam sumber daya alam hayati di Indonesia. </p>

<p>"Sedangkan komoditas hewan yang juga dimusnahkan berupa bahan asal hewan sebanyak 30 koli atau setara dengan 401,69 kilogram, pakan kuda berupa rumput sejumlah 5 koli, kadaver reptil sebanyak 379 ekor dan berbagai macam kadaver serangga," pungkasnya. </p>

	</text>
</newsitem>