<?xml version="1.0" encoding="iso-8859-1" ?>
<newsitem itemid="1" id="root" date="1996-08-21" xml:lang="en">
<title>MISTERI BERUBAHNYA NOMOR KASASI PKS VS FAHRI HAMZAH</title>
	<text>
<p>Jakarta - Mahkamah Agung menolak permohonan kasasi PKS tentang pemecatan Fahri Hamzah. Putusan ini mengundang misteri karena tiba-tiba saja nomor perkara berubah. </p>

<p>Awalnya, perkara kasasi itu mengantongi nomor 607 K/Pdt.Sus-Parpol/2018. Namun belakangan, berubah menjadi nomor 1876 K/PDT/2018. Yaitu dari kualifikasi perdata khusus menjadi perdata umum. Perubahan nomor yang tiba-tiba itu membuat PKS heran. </p>

<p>"Apakah kasus ini begitu istimewa karena penggugatnya seorang Wakil Ketua DPR?" ujar Tim Advokasi Hukum DPP PKS Zainudin Paru, Kamis (2/8/2018). </p>

<p>Selain soal nomor, PKS heran karena putusannya sangat cepat. Berkas ini diputus pada 30 Juli dengan susunan ketua majelis kasasi Takdir Rahmadi dengan anggota Nurul Elmiyah dan I Gusti Agung Sumantha. </p>

<p>"Bagi kami, putusan kasasi ini cukup mengherankan karena putusannya begitu cepat. Artinya, perkara ini kelihatannya menjadi atensi lebih dari MA di tengah ribuan perkara kasasi (perdata umum) yang masuk ke Mahkamah Agung," ujarnya. </p>

<p>Hingga berita ini diturunkan, MA belum memberikan tanggapan soal putusan itu, termasuk soal perubahan nomor perkara. </p>

	</text>
</newsitem>