<?xml version="1.0" encoding="iso-8859-1" ?>
<newsitem itemid="1" id="root" date="1996-08-21" xml:lang="en">
<title>2 POLISI DI PAPUA TERLUKA DITEMBAK KELOMPOK BERSENJATA</title>
	<text>
<p>Jayapura - Dua polisi, yakni Bripka Abraham Balagaise dan Briptu Ronaldus Abar, ditembak kelompok kriminal bersenjata (KKB). Akibatnya, keduanya mengalami luka tembak di bagian paha dan lengan. </p>

<p>"Kedua anggota itu mengalami luka tembak dan sudah dievakuasi ke RSUD Mulia, Puncak Jaya, untuk mendapat perawatan," ujar Kabid Humas Polda Papua Kombes Ahmad Musthofa Kamal, Kamis (2/8/2018). </p>

<p>Peristiwa ini terjadi saat keduanya melintas menggunakan sepeda motor di Jalan Sosial, Distrik Pagaleme, Kabupaten Puncak Jaya, Papua, sore tadi. Kamal mengatakan penembakan terjadi saat keduanya menuju Mapolres Puncak Jaya. </p>

<p>Keduanya ditembak KKB dari arah sebelah kiri jalan. Abraham mengalami luka tembak di paha kiri dan lengan kiri. Sedangkan Ronaldus mengalami luka tembak pada lengan kiri. </p>

<p>Mendapat informasi penembakan itu, aparat Polres Puncak Jaya langsung menuju tempat kejadian perkara (TKP) dan mengejar pelaku penembakan yang melarikan diri ke arah gunung. </p>

<p>Kamal menyayangkan peristiwa tersebut. Situasi di Kabupaten Puncak Jaya yang sudah kondusif setelah pelaksanaan Pilkada Serentak 2018 tercoreng perbuatan kelompok yang tidak bertanggung jawab. </p>

<p>"Kedua personel Polres Puncak Jaya yang menjadi korban penembakan rencananya, Jumat (3/8), akan dibawa ke Rumah Sakit Bhayangkara Polda Papua guna mendapatkan perawatan medis lebih lanjut," ujarnya. </p>

	</text>
</newsitem>