<?xml version="1.0" encoding="iso-8859-1" ?>
<newsitem itemid="1" id="root" date="1996-08-21" xml:lang="en">
<title>4 NELAYAN TERJEBAK OMBAK TINGGI</title>
	<text>
<p>JawaPos.com - Empat nelayan terjebak ombak setinggi 2 meter. Perahu yang mereka tumpangi tidak bisa menepi ke bibir pantai. Insiden tersebut terjadi di kawasan pesisir Pantai Kampung Tangnga-tangnga, Kelurahan Bontosunggu, kecamatan Bissappu, Bantaeng, Sulawesi Selatan (Sulsel). </p>

<p>Tim Basarnas Pos SAR Kabupaten Bantaeng lantas mengevakuasi keempat nelayan. "Ketinggian ombak mengakibatkan para nelayan tidak bisa untuk merapat ke bibir pantai," ujar Humas Basarnas Makassar Ade melalui keterangan resminya, Jumat (3/8). </p>

<p>Proses evakuasi sendiri berlangsung menegangkan dan disaksikan sejumlah warga. Dilengkapi pelampung dengan kelengkapan laut lainnya, tim Basarnas mengangkut para nelayan yang sempat terjebak di antara terjangan ombak di luar bibir pantai. "Untuk sementara perahu mereka di simpan di luar sampai ombak memungkinkan mereka untuk masuk," ujarnya. </p>

<p>Hingga kini, proses evakuasi terus berlanjut. Tim Basarnas juga melakukan pencarian atas kemungkinan masih adanya nelayan yang terjebak di luar pantai. </p>

	</text>
</newsitem>