<?xml version="1.0" encoding="iso-8859-1" ?>
<newsitem itemid="1" id="root" date="1996-08-21" xml:lang="en">
<title>TILANG ON THE SPOT DITERAPKAN, POLISI: TURUNKAN ANGKA PELANGGARAN</title>
	<text>
<p>Surabaya - Penerapan tilang on the spot dari hasil kamera tilang di Surabaya efektif menurunkan pelanggaran lalu lintas. Pengendara pun lebih patuh berlalu lintas. </p>

<p>"Sangat membantu kami (polisi) dalam penindakan pelanggar lalu lintas. Karena warga tidak bisa mengelak jika melanggar karena ada bukti foto pelanggaran," kata Kapolrestabes Surabaya Kombes Pol Rudi Setiawan disela tilang on the spot di perempatan Kertajaya-Dharmawangsa, Kamis (2/8/2018). </p>

<p>Menurut Rudi, jumlah pelanggaran di 4 titik kamera tilang menurun 10-20 persen khususnya motor. "Ada penurunan pelanggaran marka dan menerobos traffic light hampir 20 persen," ujar Rudi. </p>

<p>Kepala Dinas Perhubungan Kota Surabaya Irvan Wahjudrajat berencana akan menerapkan kamera tilang di semua titik traffic light Kota Surabaya. Menurutnya, tahun ini sebanyak 15 titik masih berbasis CCTV. </p>

<p>"Titik atau tempat-tempat yang berpotensi padat dan banyak pelanggaran kita prioritaskan," kata Irvan. </p>

<p>Sedangkan foto pelanggar yang tertangkap 4 kamera tilang sudah bisa diakses bersama antara Pemerintah Kota dengan Polrestabes Surabaya. Mulai dari Command Center Siola, server Surabaya Intelligent Transportation System (SITS), Polrestabes Surabaya, bahkan hingga jajaran Polsek. </p>

<p>"Secara teknologi, kami mudah berbagi bukti pelanggaran," tambahnya. </p>

	</text>
</newsitem>