<?xml version="1.0" encoding="iso-8859-1" ?>
<newsitem itemid="1" id="root" date="1996-08-21" xml:lang="en">
<title>TEKA TEKI BOS PERTAMINA, NICKE MAKIN MESRA DENGAN RINI</title>
	<text>
<p>JawaPos.com - Teka teki Direktur Utama PT Pertamina (Persero) masih belum terlihat. Alasannya, pengajuan menjadi orang nomor satu di perusahaan pelat merah ini berada di tangan Presiden Jokowi. </p>

<p>Kabar yang berhembus Nicke Widyawati merupakan calon kuat yang menempati posisi tersebut. "Saya belom dapet keputusannya dari Presiden. Nanti kalau bu menteri sudah dapat keputusan dari Presiden, kemudian nanti dibuat RUPS," ujar Deputi Menteri BUMN Bidang Usaha Pertambangan Industri Strategis dan Media KBUMN, Fajar Harry Sampurno di Kantornya, Kamis (2/8). </p>

<p>Meski belum dapat dipastikan, namun 'kemesraan' antara Nicke dan Rini tidak dapat ditampik lagi. Salah satu momen itu tergambar saat kunjungan Rini ke Satelit Merah Putih di SpaceX, Florida, Amerika Serikat pada 24 Juli lalu. </p>

<p>Peninjauan tersebut dilakukan untuk memastikan bahwa Satelit Merah Putih siap diluncurkan dalam waktu dekat. Dalam kunjungan itu tak hanya Direktur Utama PT Telkom Indonesia (Persero) Tbk Alex Sinaga saja yang ikut serta. Rini ikut memboyong belasan dirut-dirut BUMN lainnya dan juga staf khusus. </p>

<p>Pada Kamis (2/8), Nicke juga sudah menghadap Presiden Joko Widodo. Namun, Nicke mengaku pertemuannya siang hari itu untuk membahas tentang kilang Balikpapan bukan tentang Blok Rokan atau pergantian Dirut. </p>

<p>Terpisah, Menteri BUMN Rini Soemarno mengatakan keputusan dirut baru Pertamina akan diumumkan dalam waktu dekat. Bahkan, jauh-jauh hari saat open house di rumahnya, Rini mengaku akan umumkan Dirut definitif Pertamina pada Juli ini. </p>

<p>"Insya Allah dalam waktu dekat kita lihat saja. Insya Allah dalam waktu dekat bisa sejam atau 24 jam," ujar Rini di Gedung Bursa Efek Indonesia, Jakarta, Selasa (31/7). </p>

<p>Ya, kunjungan Rini ke Amerika Serikat memang bukan hanya untuk menyambangi Satelit di markas Elon Musk saja. Sebelumnya, Rini datang ke AS untuk menghadiri Investment Forum. Dalam keterangan resmi yang diterima Jawapos.com, Nicke ikut dalam kunjungan ke AS untuk menghadiri Pameran Gas. </p>

<p>Wanita kelahiran Tasikmalaya 25 Desember 1967 ini sebetulnya tidak asing dalam kancah BUMN energi. Nicke mengawali karirnya di dunia perbankan. Pada 1991, Nicke masuk ke PT Rekayasa Industri, sebuah perusahaan yang bergerak di bidang jasa Engineering, Procurement, Construction (EPC) dengan jabatan Direktur Bisnis. </p>

<p>Karir Nicke terus berjalan mulus. Pada Desember 2014, dirinya diangkat menjadi Direktur Perencanaan PLN. Wanita lulusan Institut Teknologi Bandung (ITB) ini merupakan perempuan pertama yang berada di kursi tertinggi PT PLN. </p>

<p>Sebelumnya, Nicke juga sempat menjabat sebagai Direktur Utama PT Mega Eltra, sebuah perusahaan kontraktor listrik di lingkungan holding PT Pupuk Sriwijaya. Hingga akhirnya pada Desember 2017, Nicke ditunjuk sebagai Direktur Sumber Daya Manusia (SDM) PT Pertamina (Persero) sekaligus Ketua Komite dan Implementasi Holding BUMN Migas. </p>

<p>Saat itu, Rini Soemarno mengatakan perseroan membutuhkan orang yang mampu meningkatkan kinerja SDM yang dimiliki. Dan Nicke, kata Rini, adalah sosok yang tepat untuk mengisi jabatan tersebut. </p>

<p>"Bu Nicke itu yang Pertamina perlukan," ujar Rini. </p>

	</text>
</newsitem>