<?xml version="1.0" encoding="iso-8859-1" ?>
<newsitem itemid="1" id="root" date="1996-08-21" xml:lang="en">
<title>MAYAT PRIA DITEMUKAN MENGAMBANG DI KALIMALANG</title>
	<text>
<p>Jakarta - Sesosok mayat pria tanpa identitas ditemukan mengambang di saluran Kalimalang, Duren Sawit, Jakarta Timur. Mayat itu diduga hanyut dari arah Bekasi. </p>

<p>"Belum tahu identitasnya, kayaknya dia hanyut itu. Soalnya sudah nyangkut di pinggir kali," kata Kapolsek Duren Sawit Kompol Suhut saat dikonfirmasi, Kamis (2/8/2018). </p>

<p>Mayat yang diperkirakan berusia 35 tahun itu pertama kali ditemukan sekitar pukul 12.00 WIB. Polisi masih menyelidiki penyebab kematian mayat itu. </p>

<p>"Penyebabnya masih diselidiki ya. Sementara tidak ditemukan luka-luka, hanya ada bengkak saja," tambahnya. </p>

<p>Menurut Suhut, petugas masih berupaya mengevakuasi mayat tersebut. Mayat itu akan dibawa ke Rumah Sakit Cipto Mangunkusumo. </p>

<p>"Ini masih diangkat. Nanti dibawa ke RSCM," tuturnya. </p>

	</text>
</newsitem>