<?xml version="1.0" encoding="iso-8859-1" ?>
<newsitem itemid="1" id="root" date="1996-08-21" xml:lang="en">
<title>PENYEBAB GILI LAWA KEBAKARAN MASIH DISELIDIKI</title>
	<text>
<p>Labuan Bajo - Kebakaran terjadi di Gili Lawa yang masuk dalam wilayah Taman Nasional Komodo, NTT. Penyebabnya masih diselidiki. </p>

<p>Rabu (1/8) malam, kebakaran terjadi di Gili Lawa. Api melahap habis bagian puncaknya dan padang savana. Kepala Balai Taman Nasional Komodo Budhy Kurniawan menjelaskan, kini penyebab kebakarannya masih diselidiki. </p>

<p>"Masih dalam proses penyelidikan di Polres Manggarai Barat. Saat kebakaran, memang ada beberapa kapal di sekitar Gili Lawa, mereka itulah yang dimintai keterangan dan informasi," kata Budhy kepada detikTravel, Kamis (2/8/2018). </p>

<p>Beredar beberapa kabar, bahwa kebakaran di Gili Lawa disebabkan oleh putung rokok dan beberapa wisatawan yang menyalakan kembang api. Namun, Budhy masih menegaskan kalau penyebab kebakaran di Gili Lawa masih dalam penyelidikan. </p>

<p>"Sekali lagi, penyebabnya masih diselidiki. Penyebabnya bisa karena banyak hal, tentu ada aktivitas yang menyalakan api," tegas Budhy. </p>

<p>Gili Lawa merupakan pulau yang tidak berpenghuni dan penuh dengan padang savana. Ditambah sedang kemarau, maka sangatlah berbahaya jika ada percikan api yang bisa membuat kebakaran besar. </p>

<p>"Sekarang hal ini sudah ditangani kepolisian dan kami dari pihak Taman Nasional Komodo membantu penyelidikan," tutup Budhy. </p>

	</text>
</newsitem>