<?xml version="1.0" encoding="iso-8859-1" ?>
<newsitem itemid="1" id="root" date="1996-08-21" xml:lang="en">
<title>JK MINTA MK PERCEPAT PUTUSAN, PPP: HORMATI MK, JANGAN DIDESAK</title>
	<text>
<p>Jakarta - PPP meminta semua pihak menghormati Mahkamah Konstitusi (MK). MK tak boleh diintervensi. </p>

<p>"PPP tetap menghormati MK yang memiliki ketentuan beracara sendiri. Jadi jangan didesak-desak sehingga tidak menimbulkan kesan intervensi," kata Wasekjen PPP Achmad Baidowi kepada wartawan, Kamis (2/8/2018). </p>

<p>Pernyataan ini disampaikan terkait pernyataan Wapres Jusuf Kalla (JK) yang berharap MK memutuskan gugatan uji materi syarat cawapres diketok sebelum pendaftaran capres-cawapres pada 10 Agustus. Gugatan uji materi ini diajukan Perindo. </p>

<p>Baidowi atau Awiek mengatakan PPP sepenuhnya menyerahkan putusan uji materi syarat cawapres kepada MK. Awiek menyebut ada hal lain yang perlu jadi prioritas MK, yaitu terkait sengketa Pilkada Serentak 2018. </p>

<p>"PPP menyerahkan sepenuhnya pada MK untuk memutus perkara terkait dengan waktu. Hanya saja, saat ini, MK sedang menangani perkara pilkada yang jumlahnya cukup banyak. Karena persoalan pilkada ini juga cukup penting terkait dengan masyarakat maka harus mendapat prioritas," ujar Awiek. </p>

<p>JK sebelumnya mengemukakan harapannya agar putusan diketok MK sebelum pendaftaran capres/cawapres ditutup pada 10 Agustus. Soal ini, Jimly meminta MK memutuskan uji materi setelah pendaftaran capres/cawapres ditutup. </p>

<p>"Kalau begitu putusannya jangan sebelum tanggal 10. (Diputuskan) sesudah tanggal 10, bila perlu tanggal 11. Kalau sudah tanggal 11 nggak bisa lagi, karena pendaftaran (capres/cawapres) sudah (tutup)," kata Jimly menanggapi JK. </p>

	</text>
</newsitem>