<?xml version="1.0" encoding="iso-8859-1" ?>
<newsitem itemid="1" id="root" date="1996-08-21" xml:lang="en">
<title>TARGETKAN 10 BESAR ASIAN GAMES, JOKOWI SEGERA CEK PERSIAPAN ATLET</title>
	<text>
<p>Jakarta - Presiden Joko Widodo (Jokowi) menargetkan Indonesia masuk 10 besar di Asian Games 2018. Jokowi akan mengecek persiapan atlet mulai besok. </p>

<p>"Persiapan atlet ini nanti mulai besok saya mau cek untuk persiapan atletnya, moga-moga semua atlet siap untuk tanding di tanggal 18 (Agustus)," ujar Jokowi di trotoar Jl MH Thamrin, Jakarta Pusat, Kamis (2/8/2018). </p>

<p>Indonesia kali ini akan bertindak sebagai tuan rumah Asian Games yang pertama sejak 1962 di masa kepemimpinan Sukarno. Soal target, Jokowi tetap konsisten minimal 10 besar. </p>

<p>"Masak target berubah? Enak saja. Tetap di 10 besar," tegasnya. Persiapan lain menjelang Asian Games, seperti venue, juga sudah selesai. Jokowi segera meresmikan venue Asian Games. </p>

<p>"Ya nanti kalau tidak besok, lusalah ya," kata dia. </p>

	</text>
</newsitem>