<?xml version="1.0" encoding="iso-8859-1" ?>
<newsitem itemid="1" id="root" date="1996-08-21" xml:lang="en">
<title>AKUISISI TAMBANG RIO TINTO, ADARO KUCURKAN RP 36,4 TRILIUN</title>
	<text>
<p>Jakarta - PT Adaro Energy Tbk (ADRO) bersama EMR Capital Ltd (EMR) telah merampungkan akuisisi kepemilikan Rio Tinto atas Kestrel Coal Mine (Kestrel) sebanyak 80%. Akuisisi 80% tersebut senilai dengan US$ 2,6 miliar atau setara Rp 36,4 triliun (kurs Rp 14.000). <p>

<p>"Intinya total akuisisi US$ 2,25 miliar plus lain-lain jadi US$ 2,5-2,6 miliar lah," kata Presiden Direktur ADRO Garibaldi Thohir di Kawasan Senayan, Jakarta Selatan, Kamis (2/8/2018). <p>

<p>Untuk mengakuisisi Kestrel, Adaro menggandeng EMR yang merupakan private equity. Kemudian, mereka membentuk perusahaan patungan bernama Kestrel Coal Resources Pty Ltd. Adapun kepemilikan saham Adaro sebesar 48% dan EMR 52%.<p>

<p>Selanjutnya, setelah akuisisi ini saham Kestrel Coal Resources Pty Ltd di Kestrel menjadi 80% dan Mitsui Coal Australia 20%.<p>

<p>"Intinya saya bangga, saya senang. Sebetulnya ini merupakan visi Adaro," ungkapnya. <p>

<p>Dana yang digunakan untuk mengambil alih kepemilikan Rio Tinto 60% berasal dari utang. Tanpa merinci, setidaknya ada 14 bank baik dalam dan luar negeri terkait aksi korporasi tersebut dan sebanyak 40% berasal dari modal sendiri. <p>

<p>Pria yang kerap disapa Boy Thohir itu mengungkapkan, akuisisi tersebut akan berkontribusi terhadap kinerja Adaro tahun ini. <p>

<p>"Karena transaksi Kestrel sudah sekarang, ada kontribusi nggak akhir tahun? Ada lah pasti kan, berapa bulan kan lumayan," tutupnya. <p>

<p>Untuk diketahui, Kestrel merupakan tambang dengan aset batu bara berkualitas tinggi. Tambang ini terletak 40 km di utara kota Emerald yang berada di area batu bara Bowen Basin, di tengah negara bagian Queensland. <p>

<p>Pada tahun 2017, Kestrel memproduksi 4,25 Mt batubara metalurgi berkualitas tinggi dan memiliki cadangan yang dapat dijual (marketable reserves) sebesar 146 Mt dan sumber daya sebesar 241 Mt. <p>

	</text>
</newsitem>