<?xml version="1.0" encoding="iso-8859-1" ?>
<newsitem itemid="1" id="root" date="1996-08-21" xml:lang="en">
<title>DITAHAN, TURIS INGGRIS YANG TAMPAR PETUGAS IMIGRASI AKAN DIDEPORTASI</title>
	<text>
<p>Jakarta - Turis asal Inggris yang menampar petugas Imigrasi Bandara Ngurah Rai, Bali, kini ditahan polisi. Ke depan, turis perempuan berinisial AT itu akan dideportasi. </p>

<p>"Terkait pelanggaran keimigrasiannya, yang bersangkutan akan dikenakan tindakan Keimigrasian berupa pendeportasian dan masuk dalam daftar penangkalan," kata Kepala Bagian Humas Ditjen Imigrasi Agung Sampurno saat dikonfirmasi, Kamis (2/8/2018). "Sehingga yan bersangkutan tidak dapat masuk lagi ke Indoneisa," jelasnya.Hanya saja tindakan pendeportasian tersebut baru akan dilakukan setelah urusan AT dengan polisi selesai. Agung hanya memastikan bahwa deportasi pasti dilakukan. </p>

<p>"Mengenai hasil pemeriksaan dari polisi kami serahkan sepenuhnya kepada penyidik polisi yang menanganinya," ujar Agung. </p>

<p>"Deportasi pasti karena itu salah satu tindakan Keimigrasian tapi yan bersangkutan juga harus bertanggung jawab atas perbuatannya," imbuhnya. Sebelumnya diberitakan seorang turis Inggris keturunan India berinisial AT marah-marah dan menambar petugas Imigrasi Bandara Ngurah Rai, pada Sabtu (28/7). AT tak terima saat petugas menginterogasi dia lebih jauh karena diketahui telah overstay, melebihi izin tinggal. </p>

<p>"Warga negara yang bersangkutan overstay, melebihi izin tinggal keimigrasiannya di Indonesia. Ketika akan berangkat, didata, ternyata yang bersangkutan itu overstay," ujar Agung saat dimintai konfirmasi, Selasa (31/7). </p>

<p>Izin tinggal AT telah berakhir sejak 18 Februari 2018 lalu. Diketahui setiap orang asing yang overstay akan dikenai denda US$ 25 per hari. </p>

	</text>
</newsitem>