<?xml version="1.0" encoding="iso-8859-1" ?>
<newsitem itemid="1" id="root" date="1996-08-21" xml:lang="en">
<title>WARGA CIREBON MINTA MARKAS SEKTE PENGHAPUS UTANG DISTERILKAN</title>
	<text>
<p>Cirebon - Nasib United Nation Swissindo Trust Internasional Orbit (UN Swissindo) atau yang juga dikenal dengan nama Sekte Penghapus Utangberada di ujung tanduk. Pemimpin sekte, Soegiharto Notonegoro, diamankan pihak kepolisian. </p>

<p>Pria yang karib disapa 'Yang Mulia Sino' oleh pengikutnya itu diamankan di kediamannya di Perumahan Griya Caraka, Kecamatan Kedawung, Kabupaten Cirebon, Jawa Barat, Kamis (2/8/2018) pagi. Warga Perumahan Griya Caraka mengaku senang adanya penangkapan pimpinan sekte tersebut. </p>

<p>Sudah bertahun-tahun lamanya warga menantikan adanya penangkapan Sino. "Ini (penangkapan) momen yang kita harapkan sejak dulu. Kita pernah lapor ke polisi soal ini, sudah lama. Tadi pagi ditangkap, Soegaharto juga dibawa sama polisi," kata Ketua RT 2 Perumahan Griya Caraka Dadang saat dihubungi melalui sambungan telepon, Kamis (2/8/2018). </p>


<p>Kendati Sino telah diamankan kepolisian, Dadang mengaku beberapa pengikut sekte tersebut masih keluyuran. Keberadaan pengikut sektetersebut, diakui Dadang, sangat mengganggu warga sekitar. </p>

<p>"Tadi lihat ada dua orang pengikutnya di situ. Harapannya sih bisa steril, tidak ada aktivitas lagi di situ. Mungkin yang lain pada sembunyi," ucap Dadang. </p>

<p>Sino ditangkap Bareskrim di kediamannya di markas Sekte Penghapus Utang pada hari ini, Kamis (2/8/2018). Sino mengklaim dirinya adalah Presiden Besar Perserikatan Bangsa-bangsa (PBB). Dia memiliki misi besar ingin menghapuskan utang umat manusia di dunia. Namun OJK dan Satgas Waspada Investasi mengeluarkan keputusan bahwa UN Swissindo tak memiliki izin untuk melaksanakan kegiatan pelunasan utang tersebut. </p>

<p>Pasca penangkapan, kediaman Sino yang juga dijadikan markas sektetersebut terlihat sepi. Tak ada aktivitas yang terlihat di rumah bernomor K 24 itu. Di pos penjagaan yang lokasinya beberapa meter dari kediaman Sino pun terlihat sepi. Padahal, pos penjagaan itu biasanya diduduki sejumlah pengikutnya. </p>

	</text>
</newsitem>