<?xml version="1.0" encoding="iso-8859-1" ?>
<newsitem itemid="1" id="root" date="1996-08-21" xml:lang="en">
<title>BOS DITANGKAP, BEGINI PENAMPAKAN MARKAS SEKTE PENGHAPUS UTANG</title>
	<text>
<p>Cirebon - Pemimpin United Nation Swissindo Trust Internasional Orbit (UN Swissindo) atau yang juga dikenal dengan nama Sekte Penghapus Utang, Soegiharto Notonegoro (Sino), ditangkap Bareskrim Polri. Rumah Sino di Cirebon terpantau sepi. </p>

<p>Soegiharto diamankan Bareskrim di kediamannya di Perumahan Griya Caraka, Kecamatan Kedawung, Kabupaten Cirebon, Jawa Barat, Kamis (2/8/2018). Pasca-penangkapan, kediamannya yang juga dijadikan tempat berkumpul para pengikut Sekte Penghapus Utang itu terlihat sepi. Gerbang rumahnya pun digembok. </p>

<p>Hingga sore ini, tak ada aktivitas yang terlihat di rumah yang bernomor K 24 itu. Di pos penjagaan yang lokasinya beberapa meter dari rumah tersebut pun tampak sepi. Pos penjagaan itu biasanya diduduki sejumlah pengikutnya. </p>

<p>Salah seorang petugas satpam Perumahan Griya Caraka, Suherman, mengatakan penangkapan bos UN Swissindo itu dilakukan sekitar pukul 08.00 WIB. Suherman mengaku menyaksikan secara langsung penangkapannya. </p>

<p>Tak hanya itu, menurut Suherman, Bareskrim juga membawa sejumlah dokumen yang ada di kediaman Sino. "Pagi tadi. Saya ikut menyaksikan, ada dokumen yang dibawa dari rumah itu. Kurang tahu dokumen apa. Hanya Sino yang dibawa," kata Suherma saat ditemui detikcom di Perumahan Griya Caraka. </p>

<p>Seperti diberitakan sebelumnya, UN Swissindo atau yang juga dikenal dengan nama Sekte Penghapus Utang sepertinya akan segera tutup cerita. Bos UN Swissindo Soegiharto Notonegoro atau Sino telah dicokok polisi. </p>

<p>"Ya," kata Wadir Tipideksus Bareskrim Polri Kombes Daniel Tahi Monang Silitonga mengkonfirmasi penangkapan kepada detikcom, Kamis (2/8). </p>

	</text>
</newsitem>