<?xml version="1.0" encoding="iso-8859-1" ?>
<newsitem itemid="1" id="root" date="1996-08-21" xml:lang="en">
<title>PASTIKAN KEAMANAN SAAT ASIAN GAMES, TIM GULTOR TNI AKAN TURUN GUNUNG</title>
	<text>
<p>JawaPos.com - Gelaran akbar Asian Games akan segera dimulai. Segala aspek kesiapan bertahap mulai rampung. Begitu pula dari segi keamanan, baik Polri, TNI maupun lembaga lain terus berbenah memastikan selama even berlangsung tidak ada ancaman apapun termasuk terorisme. </p>

<p>Danjen Kopassus Mayjen TNI Eko Margiyono mengatakan, TNI telah memetakan beberapa wilayah rawan bahaya. Seperti seluruh venue pertandingan di komplek Gelora Bung Karno, Jakarta dan Jakabaring, Palembang. </p>

<p>Selain itu tempat menginap atlit juga disebut sebagai area rawan. Dan terakhir yang menjadi perhatian aparat yakni proses perjalanan atlit ke venue pertandingan. </p>

<p>"Ada beberapa titik konsen kita, salah satunya venue di GBK, kemudian ada juga penampungan atlit di Kemayoran, kemudian perjalan atlit ke venue. Kita sudah mengantisaipasi di mana pun teror itu kita sudah siap secara keseluruhan," ujar Eko di Komplek GBK Senayan, Jakarta Selatan, Rabu (1/8). </p>

<p>Sementara itu TNI juga terus berkordinasi dengan Polri sebagai pemangku utama kebijakan pengamanan. Untuk di tahap awal, khusus di Jakarta, TNI menerjunkan pasukan Kodam Jaya sedang di Palembang ada Kodam Sriwijaya II. </p>

<p>"Pengamanan dengan Polri kita sangat intensif, kordinasi pembagian kewenang masing-masing. Di tahap awal (untuk membantu) Polri kalau di Jakarta ada Kodam Jaya atau di Palembang ada Kodam Sriwijaya II," terangnya. </p>

<p>Di sisi lain lanjut Eko, Tim Gultor TNI sebagai kesatuan penanggulangan terorisme hanya akan diturunkan ketika tingkatan bahaya sudah meningkat. Selain itu tim akan diterjunkan sesuai arahan Panglima TNI dan Kapolri. </p>

<p>"Kami dari Gultor TNI baru turun kalau sesuai eskalasi bahaya meningkat, itu sesuai pertimbangan Panglima dan Kapolri," pungkasnya. </p>

	</text>
</newsitem>