<?xml version="1.0" encoding="iso-8859-1" ?>
<newsitem itemid="1" id="root" date="1996-08-21" xml:lang="en">
<title>UANG SAKU ATLET ASIAN GAMES RP1 JUTA PER HARI</title>
	<text>
<p>Jakarta, CNN Indonesia -- Kementerian Pemuda dan Olahraga Republik Indonesia (Kemenpora RI) menyatakan setiap atlet akan mendapatkan uang saku Rp1 juta per hari selama penyelenggaraan Asian Games dan Asian Para Games. </p>

<p>Asian Games 2018 berlangsung pada 18 Agustus hingga 2 September di DKI Jakarta dan Palembang. Sebanyak 45 negara peserta bertanding dalam pesta olahraga terbesar di Asia edisi ke-18 tersebut. </p>

<p>"Uang saku ini urusan kami dengan KOI tadi malam (2/8), Alhamdulillah sudah bagus karena sudah keluar SBML (Standar Biaya Umum Lainnya). Berdasarkan SK Menteri Keuangan sudah melonjak tinggi sekali," kata Sesmenpora Gatot S. Dewa Broto kepada para awak media di Kantor Kemenpora RI pada Jumat (3/8). </p>

<p>"Berdasarkan surat pada 26 Juli 2018, per hari Rp1 juta pada Asian Games dan Para Games 2018. Padahal sesuai ketentuan peraturan yang ada sebelumnya cuma Rp150 ribu ketika event. Ini langsung masuk ke rekening atlet, fantastis," ucap Gatot. </p>

<p>Gatot berjanji tidak akan ada masalah dalam pencairan dana uang saku untuk atlet. Keputusan tentang besaran uang saku juga sudah disampaikan dalam pertemuan dengan para wakil cabang olahraga hari Jumat (3/8). </p>

<p>"Uang saku ini tidak akan telat diberikan, karena uangnya sudah ada. Kini tinggal menunggu pengukuhan kontingen pada pekan depan," ucap Gatot. </p>

<p>Gatot juga mengabarkan 50 persen tiket untuk pembukaan Asian Games 2018 di Stadion Utama Gelora Bung Karno (SUGBK) sudah terjual. </p>

	</text>
</newsitem>