<?xml version="1.0" encoding="iso-8859-1" ?>
<newsitem itemid="1" id="root" date="1996-08-21" xml:lang="en">
<title>PROYEK BANDARA SUKABUMI TELAN RP 400 M, INI DIA LOKASINYA</title>
	<text>
<p>Sukabumi - Rencana pembangunan Bandara Sukabumi yang berlokasi di Kecamatan Cikembar ditarget rampung pada tahun 2021-2022. Prosesnya masih menunggu pembebasan lahan oleh Pemprov Jabar. </p>

<p>"Saya bicara dengan Pak Gubernur (Pj. M Iriawan), kemarin gubernur baru ke Cikembar. Melihat lokasinya, pemerintah daerah akan membebaskan lahan pembangunan dari pemerintah pusat melalui Kementerian Perhubungan," kata Menteri Perhubungan (Menhub) Budi Karya Sumadi di Sukabumi, Jabar, Kamis (2/8/2018). </p>

<p>Budi sudah memproyeksi anggaran yang diperlukan untuk membangun bandara tersebut. </p>

<p>"Proyeksi anggaran kira-kira Rp 300 hingga Rp 400 miliar," ucapnya. </p>

<p>Budi menjelaskan Cikembar dipilih karena lokasi tersebut berada di tengah-tengah antara Kota Sukabumi dan pusat perkotaan Kabupaten Sukabumi di Palabuhanratu. Kehadiran bandara Sukabumi akan mampu mengembalikan kejayaan pariwisata di Sukabumi. </p>

<p>"Saat kecil siapa sih yang enggak dengar nama Palabuhanratu, apalagi sekarang ada Geopark Ciletuh. Lokasi Cikembar sangat cocok karena berada di tentah-tengah," tutur Budi. </p>

<p>Pj Gubernur Jabar M Iriawan menambahkan sudah meninjau lahan proyek bandara. Proses studi kelayakannya masih proses. </p>

<p>"Secara kasat mata kondisinya bisa ya (untuk bandara), tapi harus diperiksa tim khusus. Baru nanti kita akan bebaskan setelah ada perubahan tata ruang. Setelah lahan siap baru pusat membangun infrastruktur," kata Iriawan. </p>

<p>Menurut dia, bandara dapat meningkatkan semua sektor untuk masyarakat, baik ekonomi, pariwisata dan lainnya. </p>

<p>"Ini dampaknya bagus untuk masyarakat, Insya Allah pembebasan tahun ini (pembebasan) bisa di mulai," ucap Iriawan. </p>

	</text>
</newsitem>