<?xml version="1.0" encoding="iso-8859-1" ?>
<newsitem itemid="1" id="root" date="1996-08-21" xml:lang="en">
<title>HABIBIE DISEBUT RESTUI DUKUNGAN GOLKAR KE JOKOWI</title>
	<text>
<p>Jakarta, CNN Indonesia -- Ketua Umum Partai Golkar Airlangga Hartarto mengklaim Presiden ketiga RI sekaligus politikus senior Partai Golkar Bacharuddin Jusuf Habibie menyetujui dukungan partainya kepada Joko Widodo di Pemilu 2019. </p>

<p>Hal ini disampaikan Airlangga usai bertemu BJ Habibie di kediamannya di Jalan Patra Kuningan XIII No 5, Jakarta Selatan, Jumat (3/8) malam. </p>

<p>"Partai Golkar juga sudah mengambil keputusan untuk mendukung Pak Jokowi, beliau tentu sebagai Dewan Kehormatan Partai Golkar sangat mendukung itu," kata dia. </p>

<p>Selain menyampaikan dukungannya, lanjut Airlangga, Habibie juga mengatakan agar pemerintah fokus pada pengembangan sektor ekonomi. Langkah ini demi memberi kesejahteraan bagi rakyat setelah sektor infrastruktur digenjot secafa massif. </p>

<p>"Tahapan infrastruktur sudah dilaksanakan secara masif. Nah, tentu periode kedua bagaimana untuk pengembangan ekonomi dan pengembangan kesejahteraan," kata Airlangga. </p>

<p>Di samping itu, Habibie juga berpesan agar perhatian ditujukan kepada kaum milenial. Hal ini juga, kata Airlangga, menjadi tugas partai yang mengisi komposisi pemerintahan dan parlemen. </p>

<p>"Tentu ini yang dititipkan Pak Habibie agar generasi milenial bisa menikmati kesejahteraan dan juga menikmati kesempatan bekerja dan kehidupan lebih baik. Dan, itu adalah tugas dari kami yang saat sekarang mendukung. Sebagian ada di Pemerintah dan di Parlemen," kata Airlangga. </p>

<p>Pertemuan Airlangga bersama para elite Golkar dengan Habibie berlangsung tertutup di kediamannya. Pertemuan berlangsung sekitar satu jam sejak pukul 18.40 WIB. </p>

<p>Turut hadir dalam pertemuan itu, Ketua DPP Partai Golkar Ace Hasan Syadzily, Sekretaris Jenderal Partai Golkar Paulus Lodewijk, Ketua Koordinator Bidang Perekonomian Aziz Syamsuddin, dan Bendahara Umum Partai Golkar Robert Joppy Kardinal. </p>

	</text>
</newsitem>