<?xml version="1.0" encoding="iso-8859-1" ?>
<newsitem itemid="1" id="root" date="1996-08-21" xml:lang="en">
<title>KETUA KOPERASI DI DESA INI NEKAT GELAPKAN  UANG NASABAH RP 74,8 JUTA</title>
	<text>
<p>GABUS - Susanto Widodo, 43, warga Desa Tanjungsari, Jakenan, harus meringkuk di tahanan Mapolres Pati pada Rabu (1/8) lalu. Pasalnya, Ketua Koperasi Mapan Karya (Makarya) itu nekat membawa kabur uang nasabah Rp 74,8 juta. </p>

<p>Kapolres Pati AKBP Uri Nartanty melalui Kasubbag Humas Iptu Agung Suhariono menyampaikan, tersangka berhasil diringkus Satreskrim Polsek Kayen di Jalan Raya Pati-Kayen turut Desa Gebang, Kecamatan Gabus pada Rabu, (1/8) pukul 14.30 lalu. </p>

<p>Dijelaskan, tersangka dilaporkan korbannya yang berjumlah enam orang pada Rabu (1/8) sekitar pukul 10.00 lalu. Mereka (korban) merupakan warga Kabupaten Pati. Salah satunya, Siti Rufi'ah, 43, asal Desa/Kecamatan Kayen. </p>

<p>Diterangkan korban pernah menabung di Koperasi Mapan Karya (Makarya) mulai April sampai Desember 2016 yang diketuai tersangka. Jumlah tabungan bervariasi sesuai yang tercatat di buku tabungan masing-masing korban. </p>

<p>Dan dijamin bahwa dana yang di simpan tersebut aman dan dapat diambil sewaktu-waktu. Tapi saat akan mengambil tabungan, Koperasi Makarya yang berlokasi di Jalan Pati-Sukolilo Km. 18 tidak dapat mencairkan. </p>

<p>Dengan alasan kesulitan keuangan atau tidak ada uang. Lalu tersangka berjanji akan mengembalikannya. Namun kenyataannya sampai sekarang tak dikembalikan. Jumlah keseluruhan dana tabungan sebesar Rp 74,87 juta. </p>

<p>Padahal aset berupa 1 (satu) bidang tanah dan bangunan Kantor Koperasi Makarya telah dijual dan laku senilai Rp 900 juta. Sayangnya, uang itu tak digunakan untuk membayar uang nasabah tapi untuk kepentingan sendiri. Korban sudah berkali-kali menanyakan kepada pihak Koperasi Makarya. Tapi kini tak ada kepastian untuk memeroleh uang tabungan. </p>

<p>"Dari hasil penyelidikan perkara yang diadukan telah memenuhi unsur pidana penipuan dan atau penggelapan sebagaimana dimaksud dalam pasal 378 KUHP Subsidair 372 KUHP. Selanjutnya ditingkatkan ke proses penyelidikan, sehingga SW diamankan dan kemudian dibawa ke Polsek Kayen guna proses penyidikan lebih lanjut," ungkapnya. </p>

	</text>
</newsitem>