<?xml version="1.0" encoding="iso-8859-1" ?>
<newsitem itemid="1" id="root" date="1996-08-21" xml:lang="en">
<title>EMPAT REKTOR DAN ULAMA SUMBAR JADI  TIM SUKSES JOKOWI 2019</title>
	<text>
<p>JawaPos.com - Menjelang hari pendaftaran pasangan calon preside-calon wakil presiden (capres-cawapres) relawan yang menjadi tim sukses Jokowi semakin tumbuh di sejumlah daerah. Di Sumatera Barat terdapat Forum Komunikasi Relawan pemenangan Jokowi (FKRJ). </p>

<p>Menariknya di komposisi dewan penasihat terdapat empat rektor dan beberapa nama ulama. Mereka dikukuhkan Ketua Dewan Pembina Relawan Jokowi (Rejo) Sidarto Danusubroto di Kota Padang, Kamis (2/8). Keempat rektor tersebut yakni, Tafdil Husni (Rektor Universitas Andalas), Ganefri, (Rektor Universitas Negeri Padang), Eka Putra Wirman (Rektor UIN IB Padang), dan Musliar Kasim (Rektor Universitas Baiturrahmah). Musliar merupakan mantan Wakil Menteri Pendidikan Nasional (Mendiknas) era Susilo Bambang Yudhoyono (SBY). Nama-nama mereka tertera di lampiran SK kepengurusan (FKRJ). </p>

<p>Selain para rektor terdapat juga sederet nama ulama. Di antaranya Ketua Pimpinan Wilayah Muhammadiyah Sumbar, Shofwan Karim Elha; Buya Masoed Abidin; Gusrizal Gazahar; dan Ketua MUI Kota Padang, Duski Samad. </p>

<p>Dari nama tokoh ulama itu, baru Ketua MUI Sumbar yang membantah SK tersebut dan menegaskan namanya dicatut tim FKRJ Sumbar 2019. </p>

<p>Ketua FKRJ Sumbar 2019 Mayjen (Purn) Hartind Asrin mengatakan, sebelum memutuskan nama-nama tersebut, pihaknya terlebih dahulu sudah melakukan pertemuan pada 25 Juli 2018. </p>

<p>"Hampir semua yang datang waktu itu mendukung. Ada juga yang kami hubungi dengan telepon seluler dan mereka mendukung," kata Hartind saat diwawancarai awak media usai pengukuhan FKRJ Sumbar 2019 di Padang. </p>

<p>Meski begitu, kata Hartind Asrin, prinsip bergabung dalam FKRJ adalah bebas. Dengan kata lain, kalau tidak setuju dan berkenan, tidak masalah. "Kalau tidak mau, ya ndak apa. Nanti kita bicarakan lagi. Tidak ada paksaan," terangnya. </p>

<p>Hartind juga menerangkan soal empat nama Rektor yang masuk dalam Dewan Penasehat FKRJ Sumbar 2019. "Rektor itu sebagai pribadi dan dia (para rektor) tidak punya target. Kita berbuat yang terbaik dan serahkan kepada tokoh-tokoh. Hampir 80 persen tokoh yang datang," klaim Hartind. </p>

	</text>
</newsitem>