<?xml version="1.0" encoding="iso-8859-1" ?>
<newsitem itemid="1" id="root" date="1996-08-21" xml:lang="en">
<title>KETUA MPR KRITIK PERDEBATAN ANGKA KEMISKINAN: CARI SOLUSINYA!</title>
	<text>
<p>Jakarta - Ketua MPR Zulkifli Hasan heran dengan perdebatan soal angka kemiskinan. Dia menilai perdebatan tersebut justru menjauhkan esensi persoalan pengentasan kemiskinan. </p>

<p>"Jumlah warga miskin bukan hal untuk diperdebatkan, tapi dicari solusinya. Sementara rakyat miskin harus berjuang hidup dari hari ke hari, tapi yang tersaji di publik adalah perdebatan soal metode pengukuran," kata Zulkifli kepada wartawan, Rabu (1/8/2018). </p>

<p>Dia mengatakan kemiskinan harus dilihat realitasnya. Faktanya, dia melanjutkan, penurunan ekonomi, pelemahan rupiah dan kemiskinan sangat kasat mata. </p>

<p>"Terserah mau pakai ukuran indeks PPP (purchase parity power) seperti kata BPS atau kurs normal. Kalau mau jujur, tanyakan ke rakyat apakah mereka nyaman hidup dengan uang USD 1 per hari? Tanyakan ke rakyat apakah kian hari makin sejahtera atau sebaliknya. Itulah mengapa setiap saya ke daerah, saya selalu bertanya tentang hal itu," lanjut Zulkifli.</p>

<p>Terlepas dari perdebatan tentang angka kemiskinan, Zulkifli mengapresiasi berbagai upaya pemerintah. Namun demikian, ia meminta pemerintah tidak anti dengan kritik yang disampaikan berbagai pihak. </p>

<p>"Saya percaya pemerintah berupaya keras. Namun kritik yang disampaikan oleh berbagai pihak perlu didengarkan juga. Negara akan kuat jika kritik dijadikan sebagai pelecut semangat bekerja bukan dianggap sebagai serangan politis jelang Pilpres semata," tutup Zulkifli</p>

	</text>
</newsitem>