<?xml version="1.0" encoding="iso-8859-1" ?>
<newsitem itemid="1" id="root" date="1996-08-21" xml:lang="en">
<title>KUNJUNGI TN ALASPURWO, LUHUT: INI BAGUS SEKALI</title>
	<text>
<p>Banyuwangi - Taman Nasional Alaspurwo mencuri perhatian Menko Maritim Luhut saat kunjungan ke Banyuwangi. Punya alam indah, Luhut puji TN Alaspurwo. </p>

<p>Menteri Koordinator (Menko) Kemaritiman Luhut Binsar Panjaitan terkesima dengan keindahan Taman Nasional (TN) Alaspurwo. Luhut berharap TN Alaspurwo menjadi destinasi andalan selain Kawah Ijen. </p>

<p>Tak hanya melihat dahsyat dan keindahan ombak Pantai Plengkung atau G-land, Luhut juga mendatangi padang Savana Sadengan, melihat puluhan banteng sedang berkumpul. </p>


<p>"Ini sangat bagus sekali. Pasti tamu delegasi IMF-World Bank senang jika diajak kesini," ujarnya kepada detikTravel, Minggu (29/7/2018). </p>

<p>Menteri Luhut mengatakan, potensi wisata TN Alaspurwo bisa dibagi menjadi beberapa segmen. Seperti halnya di Pantai Plengkung yang dikenal memiliki ombak terbesar kedua setelah Hawai, bisa menjadi destinasi high end. Sementara beberapa wilayah juga bisa dibuat destinasi bagi domestik. </p>
<p>"Karena turis mancanegara sangat suka dengan wisata adventure. Jarang ada hutan yang bertemu langsung dengan pantai yang panjang. Sementara Sadengan ini wisata komen langka yang bisa langsung dengan mata telanjang kumpulan banteng. Ini bagus sekali," tambahnya. </p>

<p>Luhut mengaku perlu adanya penambahan infrastruktur penunjang destinasi wisata. Antara lain kamar mandi dan toilet, BTS dan masih banyak lagi. </p>

<p>"Harus ada pembangunan. Tapi yang tidak mengganggu lingkungan yang ada. Taman Nasional memiliki karakteristik berbeda dengan destinasi wisata lain. Buka nerombak tapi kita akan melengkapi," tambahnya. </p>

<p>Saat di TN Alaspurwo, Menko Kemaritiman Luhut Binsar Panjaitan juga sempat menyapa beberapa turis mancanegara yang sedang berlibur di G-land. Mereka mengaku senang dengan keindahan alam yang natural dan ombak yang panjang dan tinggi yang bisa didapat sepanjang hari. </p>

<p>"G-land ist Wonderful. We have any momen in this place," ujar Katarina, salah satu turis manca dari Selandia Baru. </p>

	</text>
</newsitem>