<?xml version="1.0" encoding="iso-8859-1" ?>
<newsitem itemid="1" id="root" date="1996-08-21" xml:lang="en">
<title>POLISI SITA 23 GRAM SABU DARI AKBP HARTONO</title>
	<text>
<p>Jakarta - Polisi menyita 23 gram sabu dari AKBP Hartono, mantan Wakil Direktur Reserse Narkoba Polda Kalimantan Barat. AKBP Harsono diduga menyisihkan sabu tersebut untuk konsumsi pribadi. </p>

<p>"Hasil pemeriksaan terakhir barang bukti sekitar 23 gram sabu. Oknum AKBP H itu ke Jakarta sedang melakukan pengembangan salah satu kasus narkoba dengan timnya. Namun yang bersangkutan melakukan perbuatan di luar kewenangan yaitu mengambil 23 gram sabu itu untuk digunakan sendiri," kata Karo Penmas Divisi Humas Polri Brigjen Mohammad Iqbal kepada wartawan, Selasa (31/7/2018). </p>

<p>AKBP Hartono menurut Iqbal akan dijerat hukum pidana. Iqbal mengatakan proses pidana terhadap AKBP Hartono akan ditangani Direktorat Reserse Narkoba Polda Metro Jaya karena lokasi disitanya 23 gram sabu tersebut masuk wilayah hukum Polda Metro Jaya. </p>

<p>"Kita akan lakukan proses tindakan disiplin dan kode etik profesi, dan juga proses pidana dan insyaallah paling cepat sore ini akan dilimpahkan ke Polda Metro Jaya" jelas Iqbal.Iqbal menuturkan AKBP Hartono diketahui terbang dari Kalimantan Barat ke Jakarta untuk melakukan penyelidikan kasus narkoba dengan timnya. Iqbal menyampaikan mantan anak buah AKBP Hartono juga akan menjalankan tes urine. </p>

<p>"Ya, kita akan lakukan (tes urine kepada mantan anak buah AKBP Hartono) nanti, untuk kepentingan pengecekan. Memang timnya duluan tapi yang bersangkutan menyusul dari Kalimantan Barat," terang Iqbal. </p>

	</text>
</newsitem>