<?xml version="1.0" encoding="iso-8859-1" ?>
<newsitem itemid="1" id="root" date="1996-08-21" xml:lang="en">
<title>ANIES RESMIKAN VENUE EQUESTRIAN DI PULOMAS</title>
	<text>
<p>Jakarta - Gubernur DKI Jakarta Anies Baswedan meresmikan venue berkuda (equestrian) di Pulomas, Jakarta Timur. Venue tersebut akan digunakan para atlet berkuda pada Asian Games 2018. </p>

<p>Anies meresmikan dengan menandatangani prasasti di Jakarta International Equestrian Park Pulomas (JIEPP), Jalan Pulomas, Jakarta Timur, Kamis (2/8/2018). Hadir dalam peresmian tersebut Kejati DKI Jakarta Toni Spontana, Wali Kota Jakarta Timur M Anwar, serta Asisten Pembangunan dan Lingkungan Hidup Yusmada Faizal. </p>

<p>Anies mengapresiasi pembangunan venue yang akan digunakan untuk Asian Games ini. Dia mendapat informasi venue berkuda ini hanya ada tiga di Asia. </p>

<p>"Tepuk tangan untuk semua yang bekerja all out, dan tadi digambarkan equistrian ini kelas dunia. Bisa menampung 990 penonton dan fasilitasnya luar biasa," kata Anies. </p>

<p>Anies meminta fasilitas ini bisa dirawat dengan baik. Dia meminta warga bisa ikut menikmati fasilitas yang ada. </p>

<p>"Pulomas harus bisa merawat tempat ini dan mengembangkan tempat ini untuk event-event yang lebih besar. Titik lemah kita di maintainance. Semoga fasilitas ini diberi umur panjang," ucap Anies. </p>

<p>JIEPP mempunyai lahan seluas 35,25 hektare, JlEPP memiliki 5 arena, yaitu Field of Play sebagai arena utama, Training Arena, Warm Up Arena, Collecting Arena, Covered Training Arena, Cross Country dan fasilitas penunjang laninnya. Terdapat pula 156 kandang kuda di area ini. </p>

	</text>
</newsitem>