<?xml version="1.0" encoding="iso-8859-1" ?>
<newsitem itemid="1" id="root" date="1996-08-21" xml:lang="en">
<title>ROCKY GERUNG NILAI JOKOWI TERSANDERA POLITIK INTERNAL</title>
	<text>
<p>JawaPos.com - Partai Gerindra dan Partai Demokrat dapat dipastikan mengusung Prabowo Subianto di pemilihan Presiden (Pilpres) 2019. Kemungkinan besar pendamping Prabowo sebagai calon Wakil Presiden (cawapres) ialah Agus Harmurti Yudhoyono (AHY). Sementara calon petahana Joko Widodo dinilai tersandera politik internal. </p>

<p>"Polarisasi itu menjadi penting, karena sebelum polarisasi justru orang konfrontir. Tapi sekarang mau konfrontasi apa, orang sudah bisa pilih, Pak SBY dengan Pak Prabowo sudah mengungkapkan keinginannya. Tinggal Pak Jokowi yang masih tersandera politik internal PDIP," terang Rocky Gerung ketika menjadi narasumber diskusi publik bertajuk 'Pemimpin Muda di Pentas Politik Nasional' dikutip dari Rakyat Kalbar (Jawa Pos Group), Jumat (3/8). </p>

<p>Menurutnya, bloking pentas politik Gerindra dengan Demokrat sudah sangat jelas arahnya. Koalisi tersebut menguntungkan kedua belah pihak, lantaran sudah bisa menentukan siapa yang akan maju. </p>

<p>"Polarisasi sudah terjadi, itu sudah menguntungkan. Sudah ada bloking, Gerindra, Demokrat. Jokowi dengan siapa kita belum tahu. Yang diucapkan secara terbuka oleh Pak Prabowo dan SBY adalah AHY. Itu saja kalkulasi yang mau dibuat," paparnya. </p>

<p>Sementara partai lain, kata Pakar Filsafat Universitas Indonesia (UI) ini, belum menentukan sikap. Bisa saja partai-partai tersebut mengusung calon sendiri yang dianggap mumpuni menurut mereka dengan target pemilih masing-masing. Tapi bisa juga ikut berkoalisi dengan partai yang sudah menentukan pilihan. </p>

<p>"AHY sudah diucapkan, tapi dalam pertimbangan politik mungkin PAN, PKS dengan suara Islam dalam 2-3 hari diselesaikan, karena itu tinggal memilih opsinya saja," ulasnya. </p>

<p>Rocky mengatakan, banyak isu yang mungkin akan terjadi pada pilpres yang berbarengan dengan pileg nanti. Baik itu isu politik uang maupun SARA. Bahkan politik agama dan identitas pasti akan muncul. </p>

<p>Menyikapi isu-isu yang kemungkinan muncul itu, ia mengajak seluruh lapisan masyarakat untuk melek politik, mengetahui dan paham akan perkembangan politik. Terpenting tidak menelan mentah-mentah isu tersebut. Tapi mesti kroscek kebenarannya, sehingga pileg dan pilpres dapat berjalan kondusif. </p>

<p>"Entah muncul dimunculkan atau karena ketidakpuasan, itu pasti ada. Tapi nasib kita juga ditentukan oleh kemampuan mengolah isu identitas itu," pungkas Rocky. </p>

	</text>
</newsitem>