<?xml version="1.0" encoding="iso-8859-1" ?>
<newsitem itemid="1" id="root" date="1996-08-21" xml:lang="en">
<title>KETUA DPD GERINDRA DKI M TAUFIK DIPASTIKAN TAK BISA NYALEG</title>
	<text>
<p>Jakarta - Dokumen pendaftaran Wakil Ketua DPRD DKI Muhammad Taufik sebagai bakal caleg 2019 dikembalikan. KPU DKI Jakarta menyatakan status pendaftaran tidak memenuhi syarat (TMS). </p>

<p>"Dikembalikan (dokumennya), TMS," ujar Ketua KPU DKI Jakarta Betty Epsilon Idroos kepada detikcom, Kamis (2/8/2018). </p>

<p>Betty mengatakan saat ini proses pengembalian berkas sedang dilakukan. Pengembalian berkas ini dilakukan sebelum tahapan penyusunan dan penetapan daftar calon sementara (DCS)."Kami sedang proses pengembalian, pascaverifikasi berkas yang sedang dilakukan sebelum kami menyusun DCS," kata Betty. </p>

<p>Dokumen pendaftaran Taufik sebelumnya sempat dikembalikan KPU DKI Jakarta. Dokumen ini dikembalikan karena tidak melampirkan bukti eks napi korupsi. </p>

<p>Taufik pada masa perbaikan telah mengirimkan ulang berkas pendaftaran bakal caleg kepada KPU. Berkas tersebut menyertakan keterangannya sebagai orang yang pernah dihukum karena kasus korupsi. </p>

<p>"Kan harus ada pernyataan pernah dihukum, itu saja. Sudah saya kasih lagi kemarin sama berkas putusan, ya," kata Taufik (27/7). </p>

<p>Terkait pencalegan, Taufik menggugat aturan KPU yang mengatur eks napi korupsi tak bisa nyaleg ke Mahkamah Agung. Dalam website MA, gugatan Taufik teregister dengan nomor 43 P/HUM/2018 tertanggal 10 Juli 2018. </p>

	</text>
</newsitem>