<?xml version="1.0" encoding="iso-8859-1" ?>
<newsitem itemid="1" id="root" date="1996-08-21" xml:lang="en">
<title>SAAT EKONOM DAN DEWAN KRITISI PROGRAM SWASEMBADA DAN HOLDING BUMN</title>
	<text>
<p>JawaPos.com - Program swasembada dan holdingisasi Badan Usaha Milik Negara (BUMN) dikritisi kalangan ekonom dan dewan. Pasalnya, ada sejummlah komoditas yang produksinya turun dan menjauhi swasembada. Sementara holdingisasi BUMN dikhawatirkan berdampak negatif terhadap para pelaku industri secara umum, khususnya swasta. </p>

<p>Peneliti Indef, Ahmad Heri Firdaus melihat, salah satu ketidakoptimalan sektor pertanian dalam meraih kedaulatan dan kemandirian ini dapat terlihat dari perdagangan internasional Indonesia yang terus mengalami tekanan. Ini terlihat dari dominasi struktur impor barang konsumsi yang tidak mampu dipenuhi oleh produksi dalam negeri. </p>

<p> "Dominasi struktur impor barang konsumsi semakin besar. Sekarang 9%. Ini indikasi bahwa pertumbuhan industri lain mengambil keuntungan dari market negara kita," ucap Ahmad Heri kepada pers di Jakarta, Kamis (2/8). </p>

<p>Terkait hal ini, ia mengingatkan, penting bagi Presiden Joko Widodo untuk memperbaiki sisi kelembagaannya di sektor ekonomi. Menurutnya, banyak ketidaksolidan antarkementerian. Khususnya terkait data yang tidak seragam dengan kebutuhan yang ada. </p>

<p>Salah satunya, ia menilai, Kementerian Pertanian kerap mengeluarkan data yang berbeda dengan Badan Pusat Statistik. Yang pada akhirnya, data yang berbeda ini membuat tataniaga berbagai bermasalah karena dimanfaatkan oleh segelintir pihak. </p>

<p> "Kementerian Pertanian selalu mengklaim produksinya cukup dan cukup untuk beberapa komoditas. Sementara di pasar harganya mahal. Ini kan sangat anomali," imbuh akademisi IPB ini lagi. </p>

<p>Yang juga perlu diperhatikan adalah terkait sektor industri. Pasalnya, sektor ini sangat berperan terhadap produk domestik bruto (PDB). Sayangnya, pertumbuhannya sekarang sangat melambat. Kementerian BUMN dinilainya, kurang mendukung tercapainya hal ini. </p>

<p> "Sangat sulit di atas 5%. Ini harus kembali lagi kita mesti melakukan reindustrialisasi. </p>

<p>Kembangkan industri yang kita potensinya. Pertama industri agro, industri mining," tutur Heri. Sementara itu menurut ekonom industri dari Universitas Indonesia, Andi Fahmi mengkritisi, holdingisasi Badan Usaha Milik Negara (BUMN) yang tengah digencarkan Kementerian BUMN bisa berdampak negatif terhadap para pelaku industri secara umum, khususnya swasta. </p>

<p>Diakui, dengan holdingisasi, BUMN akan menjadi besar dengan permodalan yang semakin kuat. Di sisi lain, kontrol pemerintah terkait penetrasi holding BUMN ini di pasar industi tampak buyar dan lemah sehingga bisa terjadi monopoli yang dilakukan holding tersebut. </p>

<p> "Yang kita takutkan pemerintah dengan holding BUMN ini kontrolnya berkurang karena holding BUMN seolah menjadi entitas bisnis murni," ucapnya. </p>

<p>Dengan status tersebut, arah holding BUMN dianggap mengharuskan BUMN mencari untung besar-besaran. Di sisi lain, ia pun menyayangkan Kementerian BUMN yang belum mengatur aturan teknis mengenai holding BUMN. </p>

	</text>
</newsitem>