<?xml version="1.0" encoding="iso-8859-1" ?>
<newsitem itemid="1" id="root" date="1996-08-21" xml:lang="en">
<title>JOKOWI: FASILITAS PEJALAN KAKI DI DKI HAMPIR RAMPUNG</title>
	<text>
<p>Jakarta - Presiden Joko Widodo (Jokowi) meninjau revitalisasi trotoar Jl Sudirman-Jl MH Thamrin hari ini. Jokowi menilai segala persiapan sudah hampir rampung. </p>

<p>"Ini ngecek persiapan, terutama infrastruktur kota, fasilitas-fasilitas pejalan kaki, kemudian yang berkaitan dengan kebersihan kota dan juga venue-venue yang ada di GBK. Kita melihat ya hampir semuanya sudah dikatakan selesai," ujar Jokowi setelah melakukan peninjauan di trotoar Jl MH Thamrin, Jakarta Pusat, Kamis (2/8/2018). </p>

<p>Menurut Jokowi, pengerjaan revitalisasi trotoar merupakan salah satu pekerjaan besar. Jokowi memberi waktu untuk diselesaikan paling lambat setelah Asian Games. </p>

<p>"Ya kalau ada yang belum selesai, memang ini pekerjaan besar, jadi akan dilanjutkan lagi setelah Asian Games, saya kira itu," kata Jokowi. </p>

<p>Untuk masalah venue, Jokowi memastikan semuanya sudah rampung. Jokowi saat ini fokus mengecek persiapan atlet. </p>

<p>"Venue sudah selesai. Persiapan atlet ini nanti mulai besok saya mau cek untuk persiapan atletnya, moga-moga semua atlet siap untuk tanding di tanggal 18 (Agustus)," pungkasnya. </p>

	</text>
</newsitem>