<?xml version="1.0" encoding="iso-8859-1" ?>
<newsitem itemid="1" id="root" date="1996-08-21" xml:lang="en">
<title>DEMOKRAT 'USUNG' PRABOWO-AHY</title>
	<text>
<p>Jakarta - Waketum Partai Demokrat Syarief Hasan menyebut partainya mengusulkan Agus Harimurti Yudhoyono (AHY) sebagai cawapres Prabowo Subianto. Duet Prabowo-AHY bakal jadi kenyataan? </p>

<p>Isu santer berembus, dalam pertemuan empat sekjen parpol di rumah Sekjen Partai Gerindra Ahmad Muzani di Kemang, Jakarta Selatan, nama cawapres Prabowo yang di-mention dalam pertemuan itu adalah Salim Segaf Aljufri, Abdul Somad, AHY, dan Ketum PAN Zulkifli Hasan. </p>

<p>"Kalau dari Demokrat, ya memang kita usulkan AHY. Mereka usulkan nama-nama calon masing-masing. Setelah itu, kita serahkan ke Prabowo," kata Syarief. </p>

<p>Partai Demokrat yakin AHY bakal diperhitungkan jadi cawapres pendamping Prabowo. Karena elektabilitasnya juga tertinggi dibanding kandidat lainnya."Dia kan elektabilitasnya paling tinggi di antara lainnya," kata Syarief.Sementara itu, Sekretaris Majelis Tinggi Partai Demokrat Amir Syamsuddin menuturkan elektabilitas AHY tertinggi dibanding nama-nama lain berdasarkan banyak survei. </p>

<p>"Kalau berdasarkan survei kan seperti itu dan survei itu kan bukan survei kita dan mayoritas survei eksternal. Tentunya, setinggi apa semangat kita ataupun Ijtimak Ulama, dalam melakukan upaya seperti ini, survei kan strategis dan penting. Kalau melihat survei, hasilnya seperti itu," kata Amir. </p>

<p>"Akan tetapi kami hanya memberikan pendapat dan pada akhirnya berpulang pada capresnya," pungkasnya. </p>

	</text>
</newsitem>