<?xml version="1.0" encoding="iso-8859-1" ?>
<newsitem itemid="1" id="root" date="1996-08-21" xml:lang="en">
<title>JOKOWI-ANIES SEMOBIL USAI TINJAU REVITALISASI TROTOAR  JL. SUDIRMAN</title>
	<text>
<p>Jakarta - Presiden Joko Widodo (Jokowi) meninjau revitalisasi trotoar Jalan Sudirman bersama Gubernur DKI Jakarta Anies Baswedan. Seusai meninjau, Anies semobil dengan Anies. </p>

<p>Pantauan di lokasi, sekitar menara Da Vinci, Jl Sudirman, Jakarta Pusat, Kamis (2/8/2018), Jokowi selesai meninjau revitalisasi trotoar. Setelah itu, Jokowi, Anies, dan juga Menteri PUPR Basuki Hadimuljono duduk dalam satu mobil RI 1. </p>

<p>Mereka bertiga kemudian meninjau trotoar di sekitar Bundaran HI hingga menjajal pelican crossing. Setelah meninjau, tidak terlihat jelas apakah Anies masih semobil dengan Jokowi atau tidak. </p>

<p>Sebelumnya, Anies pernah satu mobil dengan Jokowi. Momen tersebut tertangkap setelah mereka meninjau Wisma Atlet di Kemayoran dan berjalan menuju kawasan GBK. </p>

<p>Anies mengakui tak hanya mengenai Asian Games yang dibicarakan dengan Jokowi. Namun, mantan Mendikbud itu enggan menjabarkan topik lainnya. </p>

<p>"Ya semobil (dengan Jokowi). Mayoritas (bahas) Asian Games, sekitar itu, dan memang saya sama-sama satu mobil, saya dengan Pak Presiden, Pak Basuki (Menteri PUPR)," kata Anies saat ditemui di Hotel Arya Duta, Jalan Prajurit KKO Usman, Jakarta Pusat, Senin (26/2). </p>

	</text>
</newsitem>