<?xml version="1.0" encoding="iso-8859-1" ?>
<newsitem itemid="1" id="root" date="1996-08-21" xml:lang="en">
<title>SEDIH... GILI LAWA YANG HIJAU KINI HITAM KARENA KEBAKARAN</title>
	<text>
<p>Labuan Bajo - Padang savana di Gili Lawa, Taman Nasional Komodo sejatinya hijau nan indah. Kini hitam, karena kebakaran. </p>

<p>Gili Lawa berada di bagian utara dari Pulau Komodo, NTT. Sayang, Rabu (1/8) kebakaran terjadi di Gili Lawa dan menghanguskan padang savananya. </p>

<p>"Sudah berubah warna hitam, dari hijau," kata Kepala Balai Taman Nasional Komodo Budhy Kurniawan kepada detikTravel, Kamis (2/8/2018). </p>

<p>Budhy menjelaskan, penyelidikan terjadinya kebakaran di Gili Lawa masih terus berlanjut. Namun sudah dilimpahkan, dari pihak Taman Nasional Komodo ke Polres Manggarai Barat. </p>

<p>"Penyebabnya bisa karena banyak hal, tentu ada aktivitas yang menyalakan api," ujar Budhy. Gili Lawa terkenal dengan padang savana hijau. Pulau kecil ini sudah jadi destinasi favorit wisatawan, terutama untuk melihat sunset. Apakah sekarang Gili Lawa ditutup dulu akibat kebakaran? </p>

<p>"Secara kebijakan tidak ada penutupan, wisatawan masih bisa mengunjungi Gili Lawa. Hanya kini warnanya sudah hitam," pungkas Budhy. </p>

	</text>
</newsitem>