<?xml version="1.0" encoding="iso-8859-1" ?>
<newsitem itemid="1" id="root" date="1996-08-21" xml:lang="en">
<title>ERUPSI VULKANIK, GUNUNG DUKONO HALMAHERA BERSTATUS WASPADA</title>
	<text>
<p>Ternate, CNN Indonesia -- Gunung api Dukono di Kabupaten Halmahera Utara, Maluku Utara kembali mengeluarkan abu vulkanik dari kawah Malupang Warirang, Jumat (3/8) pagi. </p>

<p>Semburan abu ini menyebabkan Kota Tobelo dan sekitarnya dilanda debu setebal 3 centimeter. </p>

<p>Kondisi Dukono yang masih kerap mengeluarkan abu membuat status gunung api ini berada pada level II Waspada. </p>

<p>Kepala Kantor Pemantau Gunungapi Dukono, Iwan Amat, mengatakan kondisi Dukono saat ini masih tertutup kabut sejak kemarin malam. Sementara itu berdasarkan pemantauan aktivitas, tercatat empat kali letusan dengan amplitudo 5 sampai 6 milimeter dan durasi 36,83 sampai 57,35 detik. </p>

<p>"Untuk tektonik lokal tercatat satu kali dengan amplitudo 5 milimeter dan durasi 41,21 detik, sedangkan tektonik jauh satu kali dengan amplitudo 6 milimeter dan durasi 60,51 detik," terangnya kepada CNN Indonesia, Jumat (3/8). </p>

<p>Selain itu, terjadi guncangan terus menerus (mikrotremor) dengan amplitudo 0,5 sampai 12 milimeter (dominan 2 milimeter). Saat ini, kabut di sekitar Dukono mencapai level III. </p>

<p>"Dari sisi meteorologi, cuaca berawan dan hujan. Angin bertiup lemah ke arah timur laut. Suhu udara 26 sampai 28 �C dan kelembaban udara 82 persen. Volume curah hujan tidak tercatat," sambung Iwan. </p>

<p>Aktivitas gunung setiggi 1.229 mdpl yang masih terus aktif membuat pihak pemantau Gunungapi Dukono mengeluarkan larangan mendekati kawah Malupang Warirang hingga radius 2 kilometer. </p>

<p>Iwan menambahkan, larangan tersebut tak lepas dari letusan dengan abu vulkanik secara periodik yang sering terjadi. </p>

<p>"Selain itu sebaran abu mengikuti arah dan kecepatan angin, sehingga area landasan abunya tidak tetap," ungkapnya. </p>

<p>Masyarakat di Kota Tobelo dan sekitarnya juga diimbau untuk terus menggunakan masker atau penutup hidung dan mulut bila beraktivitas di luar rumah. "Ini guna menghindari ancaman bahaya abu vulkanik pada sistem pernapasan," tandas Iwan. </p>

	</text>
</newsitem>