<?xml version="1.0" encoding="iso-8859-1" ?>
<newsitem itemid="1" id="root" date="1996-08-21" xml:lang="en">
<title>INGAT! GANJIL-GENAP TETAP BERLAKU SABTU-MINGGU SELAMA ASIAN GAMES</title>
	<text>
<p>Jakarta - Kebijakan ganjil-genap selama Asian Games 2018 tetap berlaku pada Sabtu dan Minggu. </p>

<p>Kebijakan tersebut diatur dalam Peraturan Gubernur Nomor 77 Tahun 2018 tentang Pembatasan Lalu Lintas dengan Sistem Ganjil Genap Selama Penyelenggaraan Asian Games 2018. </p>

<p>"Ya, itu terus. Waktunya itu tanggal 1 Agustus sampai 2 September, termasuk Sabtu dan Minggu," kata Gubernur DKI Anies Baswedan di Jl MH Thamrin, Jakarta Pusat, Kamis (2/8/2018). </p>

<p>Penerapan perluasan ganjil-genap mulai berlaku pada Rabu (1/8) kemarin. Perluasan ganjil-genap sudah diuji coba selama 1 bulan pada 2-31 Juli 2018. </p>

<p>Perluasan ganjil-genap berlaku di sejumlah ruas jalan, antara lain Jl Medan Merdeka Barat, Jl MH Thamrin, Jl Jenderal Sudirman, Jl HR Rasuna Said, dan Jl Metro Pondok Indah. Kakorlantas Polri Irjen Royke Lumowa mengklaim kebijakan tersebut berdampak positif terhadap kinerja lalu lintas. </p>

<p>"Di dua minggu pertama, kita evaluasinya peningkatan 11% kelancarannya dari ganjil-genap ini. Kemudian di minggu berikutnya ada peningkatan 14%," ujar Royke, Rabu (1/8). </p>

	</text>
</newsitem>