<?xml version="1.0" encoding="iso-8859-1" ?>
<newsitem itemid="1" id="root" date="1996-08-21" xml:lang="en">
<title>CAWAPRES PRABOWO MENGERUCUT 4 NAMA,  ADA ANIES HINGGA AHY</title>
	<text>
<p>Jakarta - Sekjen Gerindra Ahmad Muzani menyebut cawapres untuk Prabowo Subianto mengerucut ke empat nama. Keempatnya adalah Anies Baswedan, Salim Segaf Aljufri, Abdul Somad, dan Agus Harimurti Yudhoyono (AHY). </p>

<p>"Ya ada (nama) Pak Anies, ada seperti Pak Ustaz Salim, Ustaz Abdul Somad. Empat nama," kata Muzani di Jl Kertanegara IV, Kebayoran Baru, Jakarta Selatan, Kamis (2/8/2018).. Muzani juga menjelaskan masuknya AHY menjadi salah satu bakal cawapres Prabowo merupakan harapan Demokrat. Menurutnya, Demokrat berharap AHY diusung jadi cawapres. </p>

<p>"Ya itu harapan teman-teman Demokrat ya. Teman-teman Demokrat itu bisa mengusung Pak AHY dan seterusnya," ujarnya.  Di saat yang bersamaan, Ketua DPD Gerindra DKI M Taufik mengatakan Gerindra akan mengumumkan cawapres Prabowo pada 6 Agustus mendatang. Taufik mengungkapkan di antaranya berasal dari DKI. </p>

<p>"Tanggal 6 (Agustus 2018) nanti, iya hari Senin. Salah satunya (dari DKI)," sebut Taufik. </p>

	</text>
</newsitem>