<?xml version="1.0" encoding="iso-8859-1" ?>
<newsitem itemid="1" id="root" date="1996-08-21" xml:lang="en">
<title>PASCA KASUS AKBP HARTONO, PEJABAT UTAMA POLDA KALBAR DITES NARKOBA</title>
	<text>
<p>Jakarta - Sejumlah pejabat utama Polda Kalimantan Barat (Kalbar) menjalani tes urine. Polda Kalbar tak mau lagi kecolongan seperti kasus eks Wadir Narkoba AKBP Hartono. </p>

<p>"Bid Dokkes akan melaksanakan tes urine kepada secara rutin kepada seluruh jajaran polda kalbar kemudian diawali para pejabat utama polda dulu," kata Kasubah Humas Polda Kalbar AKP Cucu Safiyudin kepada wartawan, Selasa (31/7/2018). </p>

<p>Cucu menjelaskan tes narkoba itu juga dihadiri Kapolda Kalbar Irjen Didi Haryono dan juga Kepala BNNP Kalbar Brigjen Suyatmo. Tes urine menggunakan alat tes baru bernama rapid test promed. </p>


<p>"Tes itu menggunakan alat baru Promed, jadi begitu urine masuk di situ alat itu langsung menganalisa sendiri, tidak menggunakan yang stik. Tesnya dilakukan secara acak dan hasilnya negatif semua," terang Cucu. </p>

<p>Pihaknya menyesalkan peristiwa tertangkapnya AKBP Hartono di Bandara Soekarno-Hatta yang diketahui membawa sabu. Untuk itu, atas arahan kapolda tes urine itu dilakukan. </p>

<p>"Untuk fungsi pengawasan, langkah antisipasi terhadap anggota yang takut ada yang menyalahgunakan," pungkasnya. </p>

	</text>
</newsitem>