<?xml version="1.0" encoding="iso-8859-1" ?>
<newsitem itemid="1" id="root" date="1996-08-21" xml:lang="en">
<title>FAHRI VS PKS, KINI SIAPA YANG NANGIS BOMBAI?</title>
	<text>
<p>Jakarta - Mahkamah Agung (MA) menolak kasasi yang diajukan PKS. Dalam kasus itu, Fahri Hamzah tidak terima dirinya dipecat PKS. </p>

<p>PKS awalnya sangat yakin permohonan kasasi terhadap pemecatan Fahri menang di MA. Namun siapa dinyana, ternyata permohonan PKS ditolak dan gagal bikin Fahri 'nangis bombai'. </p>

<p>'Nangis bombai' adalah kata-kata yang dipakai elite PKS kala mengajukan permohonan ke MA. Kini setelah MA menolak permohonan PKS itu, giliran Fahri sedikit nyinyir mengenang hasrat PKS yang tak jadi kenyataan. </p>

<p>"Kita ingat ini ya, waktu pengadilan tinggi, lawyer-nya ngomong gini, mengintroduksi kata-kata, 'jangan bahagia dulu, Fahri Hamzah yang akan nangis bombai'," kata Fahri di kompleks parlemen, Senayan, Jakarta, Kamis (2/8/2018). </p>

<p>Rupanya kata-kata elite PKS itu begitu mengena buat Fahri. Nyatanya ia meng-capture berita tentang pernyataan elite PKS yang, menurutnya, juga viral di lingkup internal PKS itu. </p>

<p>Pernyataan itu diucapkan Ketua DPP PKS bidang hukum, Zainudin Paru, saat Fahri menang gugatan di tingkat pengadilan tinggi. </p>

<p>"Jadi jangan bahagia dulu, Fahri. Jangan sampai di kasasi kami yang menang. Malah nangis bombai," ujar Kepala Departemen Bidang Hukum dan HAM PKS Zainudin Paru saat dimintai konfirmasi, Kamis (14/12/2017). </p>

<p>Kasus bermula saat PKS memecat Fahri Hamzah. Tak terima, Fahri menggugat PKS ke pengadilan. Pada 14 November 2016, Pengadilan Negeri (PN) Jakarta Selatan mengabulkan gugatan Fahri terkait pemecatannya dari PKS. Selain menyatakan pemecatannya tidak sah, majelis hakim menghukum PKS membayar Rp 30 miliar kepada Fahri. </p>

<p>Gugatan Rp 30 miliar itu dikabulkan karena majelis menganggap apa yang dialami Fahri setelah dipecat sangat berat. Majelis menganggap Fahri mengalami tekanan psikologis akibat pemecatan tersebut. </p>

<p>Atas putusan PN Jaksel, PKS mengajukan banding. Tapi pada 7 November 2017, Pengadilan Tinggi Jakarta bergeming. PKS lalu mengajukan kasasi. </p>

<p>"Tolak," demikian lansir panitera MA yang dikutip dari website MA, Kamis (2/8/2018). Perkara itu mengantongi Nomor 607 K/PDT.SUS-Parpol/2018. Berkas ini diputus pada 30 Juli dengan susunan ketua majelis kasasi Takdir Rahmadi dengan anggota Nurul Elmiyah dan I Gusti Agung Sumantha. </p>

<p>Namun putusan ini mengundang misteri karena tiba-tiba saja nomor perkara berubah. Nomor perkara yang tadinya 607 K/Pdt.Sus-Parpol/2018 berubah menjadi 1876 K/PDT/2018 atau dari kualifikasi perdata khusus menjadi perdata umum. </p>

<p>"Apakah kasus ini begitu istimewa karena penggugatnya seorang Wakil Ketua DPR?" ujar anggota tim advokasi hukum DPP PKS Zainudin Paru, Kamis (2/8). </p>

<p>Namun kuasa hukum Fahri, Mujahid A Latief, memberikan penjelasan. "Jadi ini perlu dijelaskan setelah permohonan kasasi diajukan para pimpinan PKS, kemudian kami juga mengajukan kontra hukum kasasi kemudian registrasi," kata Mujahid di kompleks parlemen, Senayan, Jakarta, Kamis (2/8). </p>

<p>Dia mengatakan registrasi perkara itu awalnya didaftarkan di kamar perdata khusus. Namun, karena dinilai ada kesalahan, Fahri kemudian menyampaikan surat bahwa perkara itu merupakan perdata umum. </p>

	</text>
</newsitem>