<?xml version="1.0" encoding="iso-8859-1" ?>
<newsitem itemid="1" id="root" date="1996-08-21" xml:lang="en">
<title>AIRASIA MAU IKUT KEMBANGKAN TERMINAL MURAH DI SOETTA</title>
	<text>
<p>Jakarta - Manajemen AirAsia menyatakan minat untuk ikut serta mengelola dan mengembangkan Terminal 2 Bandara Soekarno-Hatta. Pemerintah sendiri berniat menjadikan terminal tersebut sebagai terminal maskapai berbiaya murah atau low cost carrier terminal (LCCT). </p>

<p>CEO AirAsia Indonesia Dendy Kurniawan mengatakan, dengan menjadikan Terminal 2 Bandara Soekarno Hatta menjadi LCCT diharapkan bisa memacu jumlah penumpang. </p>

<p>"Bisa pengelola, bisa juga investasi, tapi kan kita menunggu bagaimana skema yang ditawarkan pemerintah Terminal 2 akan dijadikan LCCT. Kita berminat juga mau ikut mengelola atau investasi," kata dia di Jakarta, Kamis (2/8/2018). </p>

<p>Adapun konsep AirAsia untuk mengelola terminal itu ialah dengan menghilangkan garbarata. Artinya, jumlah pesawat yang parkir bisa semakin banyak. </p>

<p>"Salah satu paling utama kita pengennya aerobridge bahasanya garbarata itu mending nggak ada, supaya lebih banyak tempat untuk parkir pesawat," ungkapnya. </p>

<p>Lebih lanjut, dengan menjadi LCCT maka biaya layanan yang dibebankan ke penumpang (passenger service charge/PSC) akan turun. PSC sendiri turut berkontribusi pada harga tiket. </p>

<p>"Bagaimana meningkatkan traffic, itulah kenapa secara push harus punya LCCT, supaya PSC turun sekarang Terminal 3 Rp 230.000 kalau diturunin, Rp 110.000," ungkapnya. </p>

<p>Meski begitu, berdasarkan informasi yang ia terima, PT Angkasa Pura II (Persero) berniat mengembangkan sendiri Terminal 2 menjadi LCCT. </p>

<p>"Tapi yang saya dengar AP II akan menggunakan dana internal mereka. Kami fine-fine aja," tutupnya. </p>

	</text>
</newsitem>