<?xml version="1.0" encoding="iso-8859-1" ?>
<newsitem itemid="1" id="root" date="1996-08-21" xml:lang="en">
<title>SAMBUT IMF-WORLD BANK, BANYUWANGI KUMPULKAN HOTEL DAN RESTORAN</title>
	<text>
<p>Banyuwangi - Jelang IMF-World Bank Annual Meeting pada Oktober 2018 mendatang, Banyuwangi menyiapkan segala macam wisata. Berbagai asepk penunjangnya pun diperhatikan. </p>

<p>Menjelang IMF-World Bank Annual Meeting pada Oktober 2018 mendatang, Banyuwangi mempersiapkan segala macam destinasi wisata. Tak hanya itu, Banyuwangi mempersiapkan akomodasi untuk menyambut para delegasi dari berbagai negara ini. </p>

<p>Sebagai upaya untuk mempersiapkan diri, Pemkab Banyuwangi mengumpulkan hotel dan restoran, di Pendopo Sabha Swagatha, Sabtu (28/7/2018). Pertemuan ini juga menyongsong rencana internasional flight (penerbangan internasional) yang seharusnya pada 2020, dipercepat menjadi tahun ini. Menyusul banyak maskapai yang tertarik membuka rute penerbangan internasional ke Banyuwangi. </p>


<p>"Hotel yang bagus itu bukan yang bisa mendatangkan tamu, tapi bagaimana tamu bisa datang lagi setelah menginap di hotel itu," kata Bupati Banyuwangi, Abdullah Azwar Anas di depan para Manager dan owner hotel di Banyuwangi. </p>

<p>Anas mengatakan saat ini kunjungan wisatawan mancangera sudah meningkat. Dengan adanya internasional flight tentu kunjungan wisatawan mancanegara akan kian meningkat. Tak hanya itu, yang paling dekat, kata Anas, adalah 2000 delegasi dari Annual Meeting IMF-World Bank 2018 pada bulan Oktober mendatang. </p>

<p>"Paling dekat ada 2000 delegasi dari berbagai negara dalam pertemuan IMF-World Bank. Hotel dan restoran harus bersinergi membantu kami agar membuat mereka bisa datang lagi ke Banyuwangi," kata Anas. </p>

<p>Sementara saat ini, beberapa maskapai telah tertarik untuk membuka rute penerbangan internasional. Seperti Sriwijaya yang akan membuka rute Tiongkok-Banyuwangi. Selain Sriwijaya, Citilink tertarik membuka jalur Malaysia-Banyuwangi, serta rute penerbangan internasional lainnya. 
Anas mengatakan selama ini Pemkab Banyuwangi telah menggelar banyak even melalui Banyuwangi Festival. Selain itu, banyak orang datang ke Banyuwangi untuk belajar reformasi birokrasi. Dampaknya tingkat okupansi hotel selama ini di Banyuwangi sangat baik. </p>

<p>"Saya juga telah membatasi izin pendirian hotel baru. Ini untuk agar okupansi hotel tetap terjaga," kata Anas. 
Anas berharap agar pihak hotel dan restoran bisa punya langkah-langkah tersendiri, berkolaborasi antar hotel untuk menggelar even, menginisiasi kegiatan-kegiatan khas Banyuwangi, atau lainnya yang membuat lebih nyaman wisatawan selama berlibur di Banyuwangi. </p>

<p>Anas juga meminta agar hotel bisa turut aktif mempromosikan wisata Banyuwangi, bisa melalui media, media sosial, media penerbangan, dan lainnya. </p>

<p>Selain itu, Anas juga meminta hotel merefresh diri dan lingkungan agar bisa menjadi daya tarik tersendiri bagi wisatawan. "Hotel dan restoran juga harus mempelajari kebiasaan-kebiasaan dan kegemaran wisatawan, terutama wisatawan asing. Lalu terapkan di hotel masing-masing," tambahnya. </p>

<p>Agus Setiawan, General Manager el Royale Hotel, menyambut rencana Bupati Anas. Menurut Agus, selama ini even-even yang digelar Banyuwangi sangat membantu. 
"Banyak tamu-tamu yang menginap ke hotel kami karena aktivitas even yang digelar Banyuwangi," kata Agus. </p>

<p>Agus mengatakan, selama ini banyak wisatawan asing yang datang seperti dari Eropa, Australia, serta Asia. "Tamu-tamu kami antusias sekali dengan even yang digelar Banyuwangi," tambahnya. </p>

	</text>
</newsitem>