<?xml version="1.0" encoding="iso-8859-1" ?>
<newsitem itemid="1" id="root" date="1996-08-21" xml:lang="en">
<title>MENANG KASASI, FAHRI KE PKS: DULU BILANG SAYA AKAN NANGIS BOMBAI</title>
	<text>
<p>Jakarta - Permohonan kasasi PKS terhadap pemecatan Fahri Hamzahditolak Mahkamah Agung (MA). Fahri menyindir lawyer PKS yang menyebut dirinya akan nangis bombai saat gugatan kasasi hendak dilayangkan. </p>

<p>"Kita ingat ini ya, waktu Pengadilan Tinggi, lawyernya ngomong gini, mengintroduksi kata-kata, 'jangan bahagia dulu, Fahri Hamzah yang akan nangis bombai'," kata Fahri di kompleks parlemen, Senayan, Jakarta, Kamis (2/8/2018). </p>

<p>Saat berbicara demikian, Fahri menunjukkan tangkapan layar pemberitaan lawyer PKS yang menyebut Fahri Hamzah akan nangis bombai. Tangkapan layar itu disebut Fahri dikirimkan para kader ke dirinya. </p>

<p>"Ini persis ini. Nah jadi temen-temen sekalian, itu kira-kira pesan dari kader yang masuk ke saya," ucap Fahri. </p>

<p>Saat Fahri Hamzah menang gugatan di tingkat Pengadilan Tinggi, Kepala Departemen Bidang Hukum dan HAM PKS Zainudin Paru meminta Fahri tak senang dulu. Fahri disebut akan nangis bombai. </p>

<p>"Jadi jangan bahagia dulu, Fahri. Jangan sampai di kasasi kami yang menang. Malah nangis bombai," ujar Kepala Departemen Bidang Hukum dan HAM PKS Zainudin Paru saat dimintai konfirmasi, Kamis (14/12/2017). </p>

	</text>
</newsitem>