<?xml version="1.0" encoding="iso-8859-1" ?>
<newsitem itemid="1" id="root" date="1996-08-21" xml:lang="en">
<title>KEMENHUB PASTIKAN KELANCARAN PENERBANGAN UNTUK ASIAN GAMES</title>
	<text>
<p>Palembang - Untuk turut menyukseskan gelaran Asian Games 2018, Direktorat Jenderal Perhubungan Udara Kementerian Perhubungan mendukung penuh terselenggaranya event tersebut melalui koordinasi dan sosialisasi, khususnya yang berkaitan dengan kelancaran penerbangan. </p>

<p>"Saya melihat semua sisi darat dan udara di bandara sudah siap. Kami dari Ditjen Perhubungan Udara mendukung penuh dan secara intens melakukan koordinasi dan sosialisasi dengan pengelola bandara, airnav, maskapai, dan stakeholder lainnya demi suksesnya pesta olahraga terbesar di Asia ini," ujar Pelaksana Tugas Dirjen Perhubungan Udara Pramintohadi Sukarno dalam keterangan tertulis, Kamis (2/8/2018). </p>

<p>Hal itu diungkap Praminto saat meninjau persiapan sektor penerbangan di Palembang, Rabu (1/8/2018). Dia didampingi Kepala Kantor Otoritas Bandar Udara (OBU) Wilayah VI Agoes Soebagio. </p>

<p>Menurut Praminto, Palembang akan didatangi 7.659 orang, yang terdiri atas atlet, ofisial, media, dan OCA family. Jumlah itu bisa meningkat jika ditambah dengan suporter, yang diprediksi mencapai ribuan orang. Dengan adanya tamu mancanegara tersebut, ia meminta agar delegasi disambut dengan pelayanan yang baik di bandara. </p>

<p>"Dengan banyaknya delegasi itu, akan banyak pula extra flight domestik maupun internasional. Untuk itu, kita perlu menyesuaikan slot time dan kapasitas bandara sehingga seluruh penerbangan bisa dilayani dengan baik," ungkapnya. </p>

<p>Ia melanjutkan, Ditjen Perhubungan Udara dan airnav telah berkoordinasi untuk mengantisipasi dan mempersiapkan pelayanan extra flight, termasuk mengatur flow penumpang dan kendaraan. Itu dilakukan agar tak terjadi penumpukan ataupun kemacetan di wilayah bandara. </p>

<p>OBU Wilayah VI Agoes Soebagio mengatakan pihaknya akan menyelenggarakan pertemuan Komite Facilitation (FAL) Bandara SMB II Palembang pada 3 Agustus 2018. Pertemuan ini dihadiri oleh Otoritas Bandar Udara, Bea-Cukai, Imigrasi, KKP, Karantina Ikan, Karantina Pertanian, Pengelola Bandara, dishub provinsi dan kota, groundhandling, maskapai penerbangan, dan BNN provinsi. </p>

<p>"Fasilitasi (FAL) udara adalah suatu rangkaian kegiatan di bidang penerbangan sipil internasional yang menyangkut urusan kelancaran penyelesaian bagi perjalanan pesawat, kru, penumpang beserta barang bawaannya, bagasi, kargo, dan pos serta dokumen di bandar udara internasional," ujar Agoes. </p>

<p>Agoes juga mengatakan OBU Wilayah VI saat ini juga tengah melakukan asesmen dan audit keamanan penerbangan di Bandara SMB II. Asesmen dan audit dilakukan pada 31 Juli hingga 4 Agustus. </p>

<p>"Audit ini merupakan pemeriksaan yang terjadwal, sistematis, dan mendalam terhadap prosedur, fasilitas, personel, dan dokumentasi organisasi penyedia jasa penerbangan untuk mengetahui tingkat kepatuhan terhadap ketentuan dan peraturan yang berlaku," lanjut Agoes. </p>

<p>Ia menyatakan pihaknya memfasilitasi posko monitoring pada area publik bandara yang bekerja sama dengan petugas dari Angkasa Pura II, Inasgoc, TNI, Polri, pemda, dinas perhubungan, CIQ, dan stakeholder terkait. Posko ini diharapkan bisa membantu apabila delegasi Asian Games menemui kesulitan di bandara. </p>

	</text>
</newsitem>