<?xml version="1.0" encoding="iso-8859-1" ?>
<newsitem itemid="1" id="root" date="1996-08-21" xml:lang="en">
<title>KEMENPORA MINTA PSSI CEPAT RESPONS ISU TERBARU</title>
	<text>
<p>Jakarta, CNN Indonesia -- Kementerian Pemuda dan Olahraga Republik Indonesia (Kemenpora) berharap induk olahraga sepak bola Indonesia PSSI lebih cepat tanggap dalam merespons isu terkini. </p>

<p>Hal itu disampaikan Sesmenpora RI Gatot S. Dewa Broto usai menggelar pertemuan dengan cabang olahraga (cabor) Asian Games 2018 pada Jumat (3/8) di Kantor Kemenpora.</p>

<p>PSSI menjadi cabor terakhir yang bertemu khusus dengan Menpora Imam Nahrawi. Beberapa hal yang dibahas dengan Menpora antara lain Timnas Indonesia U-16, U-19, dan rencana permintaan Asosiasi Sepak bola Malaysia (FAM) kepada Konfederasi Sepak bola Asia (AFC) untuk mendapat perlindungan khusus pada Asian Games. </p>

<p>Selain itu Menpora menyoroti sikap atau gaya PSSI dalam memberikan tanggapan netizen di dunia maya terkait isu sepak bola nasional. </p>

<p>"Permintaan Pak Menteri kalau ada isu di media sosial, PSSI segera respons. Jangan diam, jangan biarkan Pak Menpora atau anak buahnya buru-buru merespons. Karena beda sudut pandangnya," kata Gatot. </p>

<p>"Seperti hasil Komite Disiplin ramai kemarin, buruan (beri respons). Kalau perlu hitungan menit, karena kami [Kemenpora] cepat responsnya," katanya menambahkan. </p>

<p>Gatot juga menanyakan komitmen target sepak bola putra di Asian Games 2018. PSSI, lanjut Gatot, mengatakan targetnya masih sama yakni mencapai babak semifinal. </p>

<p>"Kami juga menanyakan Ezra [Walian] yang tidak jadi ikut Asian Games 2018. Dijelaskan [PSSI] karena ada pergantian klub," ucap Gatot. </p>

<p>"Ditanyakan juga tentang bagaimana hubungan Luis Milla dengan tim, kemudian tentang kualitas wasit. Intinya PSSI lebih peduli tentang masalah apapun, jangan sampai masalah bergulir terlalu jauh dan kemudian yang jadi 'samsak'-nya adalah Kemenpora. Tadi memang kami tidak berbicara spesifik karena waktunya tidak panjang," ujar Gatot. </p>

<p>Sementara itu Wakil Ketua Umum PSSI Joko Driyono membenarkan ada banyak hal yag dibicarakan dengan Menpora. PSSI menyampaikan persiapan Timnas Indonesia di Asian Games dan Piala AFF yang sedang berjalan. </p>

<p>"Tidak ada yang sangat spesial. Pertemuan ini adalah seyogyanya PSSI memberikan updatekepada beliau [Menpora RI], yang berlangsung dengan sangat baik," ujar Joko. </p>

	</text>
</newsitem>