<?xml version="1.0" encoding="iso-8859-1" ?>
<newsitem itemid="1" id="root" date="1996-08-21" xml:lang="en">
<title>GOLKAR SERAHKAN KE MK KAPAN PUTUSKAN GUGATAN SYARAT CAWAPRES</title>
	<text>
<p>Jakarta - Golkar menyerahkan kepada Mahkamah Konstitusi (MK) soal kapan gugatan syarat cawapres akan diputus. Sebagai parpol, Golkar hanya menunggu. </p>

<p>"Sebagai Parpol kita menunggu saja hasil putusan MK. Kita serahkan sepenuhnya pada mekanisme dan tata acara yang ada di MK," kata Wasekjen Golkar M Sarmuji kepada wartawan, Kamis (2/8/2018). </p>

<p>Sarmuji pun tak mempermasalahkan perbedaan pendapat antara Wapres Jusuf Kalla (JK) dengan eks Ketua MK Jimly Asshiddiqie soal kapan harusnya gugatan itu diputus. Menurutnya semua berpulang pada MK. </p>

<p>"Saran dari mana saja apakah sebelum atau sesudah tanggal 10 (Agustus 2018) dapat dipertimbangkan, tetapi semuanya berpulang pada MK sendiri," sebut dia. </p>

<p>Sebelumnya, terjadi silang pendapat antara Jimly dengan JK. Sebagai mantan Ketua MK, Jimly menyarankan gugatan syarat cawapres diputus setelah 10 Agustus 2018 atau setelah pendaftaran capres-cawapres ditutup. </p>

<p>"Kalau begitu, putusannya jangan sebelum tanggal 10. (Diputuskan) sesudah tanggal 10, bila perlu tanggal 11. Kalau sudah tanggal 11 nggak bisa lagi, karena pendaftaran (capres-cawapres) sudah (tutup)," ujar Jimly di gedung DPR, Senayan, Jakarta. </p>

<p>Hal ini berbeda dengan Wapres JK. Dia berharap putusan diketok sebelum pendaftaran capres-cawapres ditutup. </p>

	</text>
</newsitem>