<?xml version="1.0" encoding="iso-8859-1" ?>
<newsitem itemid="1" id="root" date="1996-08-21" xml:lang="en">
<title>KEDAPATAN PAKAI NARKOBA, KEPALA DESA MAUK TANGERANG DITANGKAP</title>
	<text>
<p>Tangerang - Kepala Desa Mauk, Tangerang, Saadullah Syiroch (53) diamankan Subdit III Ditresnarkoba Polda Banten. Ia kedapatan menggunakan narkoba jenis sabu-sabu. </p>

<p>Saadullah ditangkap pada Rabu (1/8) kemarin sekira pukul 19.30 WIB di kediamannya di Desa Mauk. Dari tangan pelaku, polisi menemukan sabu seberat 1,6 gram yang disembunyikan di saku pakaian. </p>

<p>"Iya benar, jadi sudah ditangkap dan ada barang buktinya dari yang bersangkutan," ujar Dirnarkoba Polda Banten Kombes Yohanes Hernowo saat dikonfirmasi wartawan melalui sambungan telepon, Tangerang, Banten, Kamis (2/8/2018).Selain sabu, polisi juga menemukan 1 buah alat hisap di kediamannya. Kepala desa tersebut, menurutnya dikenal sebagai pengguna narkoba yang sudah dicurigai pihak kepolisian. </p>

<p>"Memang sudah dimonitor, kita curigai, dia pemain dan kita geledah dapat," katanya. </p>

<p>Saat ini, Subdit III Ditresnarkoba masih melakukan pemeriksaan terhadap yang bersangkutan. Akibat perbuatannya, pelaku bisa diancam sesuai dengan UU 35 Tahun 2009 tentang Narkotika. </p>

	</text>
</newsitem>