<?xml version="1.0" encoding="iso-8859-1" ?>
<newsitem itemid="1" id="root" date="1996-08-21" xml:lang="en">
<title>KAPOLDA METRO AKAN TINDAK TEGAS 2 OKNUM POLISI YANG DIDUGA MEMERAS</title>
	<text>
<p>Jakarta - Dua oknum polisi, SP dan AG, diduga terlibat dalam pemerasan terhadap warga di Kota Bekasi, Jawa Barat. Kedua oknum itu saat ini masih diperiksa Propam Polda Metro Jaya. </p>

<p>"Saya lagi suruh Kabid Propam cek. Kabid Propam langsung cek. Yang di Bekasi, ya?" kata Kapolda Metro Jaya Irjen Idham Azis kepada wartawan di Mapolda Metro Jaya, Kamis (2/8/2018). </p>

<p>Idham mengatakan pihaknya tidak akan menoleransi oknum yang melakukan pelanggaran. Ia akan menindak tegas anggota yang nakal. </p>

<p>Saya sudah suruh cek, periksa internal. Kalau nanti mereka terbukti melanggar, ya kita tindak," tegas Idham. </p>

<p>SP bersama AG, PAK, dan K ditangkap Subdit Jatanras Polda Metro Jaya pada Rabu (1/8) dalam kasus pemerasan. Mereka memaksa korban mentransfer uang Rp 12.500.000. </p>

<p>Polisi mengamankan beberapa barang bukti, di antaranya uang tunai Rp 1 juta, satu sepeda motor, dan mobil minibus Toyota Avanza. Para pelaku dikenai Pasal 368 KUHP tentang Pemerasan. </p>

	</text>
</newsitem>