<?xml version="1.0" encoding="iso-8859-1" ?>
<newsitem itemid="1" id="root" date="1996-08-21" xml:lang="en">
<title>CERITA JOKOWI LOBI-LOBI DENGAN VIETNAM SOAL  EKSPOR MOBIL</title>
	<text>
<p>JawaPos.com - Pemerintah serius untuk mendorong perkembangan industri otomotif dalam negeri. Salah satunya, dengan melakukan kerja sama dengan negara tetangga terkait peraturan yang dapat mengganggu industri ekspor kendaraan. </p>

<p>Presiden Joko Widodo (Jokowi) mengatakan, pemerintah aktif melakukan koordinasi dengan Vietnam terkait aturan baru soal penentuan standar kelaikan mobil impor. Kebijakan itu, dinilai dapat menghambat ekspor mobil Indonesia. </p>

<p>Sedikit bercerita, Jokowi terang-terangan mengutarakan keluhannya kepada Vietnam yang membuat ekspor Indonesia terhambat. </p>

<p>"Misalnya kemarin urusan dengan Vietnam. Saya bertemu langsung dengan Perdana Menteri Vietnam. Saya sampaikan blak-blakan. Seperti apa kok mobil kita sampai masuk ada barrier seperti itu," ujarnya di ICE, BSD, Tangerang Selatan, Kamis (2/8). </p>

<p>Jokowi menyampaikan, Vietnam akan segera menyelesaikan persoalan tersebut dalam dua bulan. "(Kata Perdana Menteri Vietnam) 'Jokowi nanti berikan saya waktu untuk selesaikan ini. Dua bulan.' Memang selesai. Tapi ada lagi masalahnya non-barrier. Semua negara sekarang seperti itu. Kalau main barrier boleh, non-barrier. Nanti ketemu lagi ngomong lagi saya," tuturnya. </p>

<p>Sebagai informasi, Vietnam memiliki kebijakan baru dalam menentukan standar kelaikan mobil impor yang masuk ke negaranya. Kebijakan tersebut tertuang dalam, regulasi impor yang dikeluarkan Vietnam melalui Decree No. 116/2017/ND-CP (Decree on Requirements for Manufacturing, Assembly and Import Of Motor Vehicles and Trade in Motor Vehicle Warranty and Maintenance Services). </p>

<p>Aturan ini mengatur sejumlah persyaratan untuk kelaikan kendaraan termasuk emisi dan keselamatan. Regulasi ini mulai berlaku pada 1 Januari 2018. Dengan adanya kebijakan baru tersebut, ekspor mobil RI bisa terhambat. Sebab, Vietnam merupakan salah satu negara tujuan ekspor mobil dari RI. </p>

	</text>
</newsitem>