<?xml version="1.0" encoding="iso-8859-1" ?>
<newsitem itemid="1" id="root" date="1996-08-21" xml:lang="en">
<title>CALEG PAN BILANG BEGINI JIKA USTAD SOMAD MASIH MENOLAK JADI CAWAPRES</title>
	<text>
<p>JawaPos.com - Ustad Abdul Somad (UAS) disebut-sebut sebagai calon kuat pendamping Prabowo Subianto pada Pilpres 2019 mendatang. Figurnya dinilai kuat karena dosen UIN Pekanbaru itu dinilai memiliki massa yang banyak. </p>

<p>Itu diungkapkan oleh Eggi Sudjana yang merupakan salah satu pengacara Habib Rizieq Sihab. Menurutnya, dalam ijtimak para ulama lebih berat kepada UAS ketimbang Salim Segaf Al Jufri yang dijagokan Partai Keadilan Sosial (PKS). </p>

<p>"Kalau Habib Rizieq mengajukan nama pertama Salim Segaf kemudian Ustad Somad. Namun, dalam proses ijtimak suara ulama lebih berat kepada Ustad Somad," tutur Eggi yang kini berstatus caleg Partai Amanat Nasional (PAN), Jumat (3/8). </p>

<p>Namun, dia mengakui Ustad Somad telah menolak untuk maju sebagai cawapres. Hanya, pihaknya akan terus membujuk lulusan Kairo itu untuk maju mendampingi Prabowo di Pilpres 2019 demi perbaikan bangsa ini. </p>

<p>Eggi juga yakin mengaku yakin Ustad Somad akan menyumbang suara yang banyak bagi Prabowo di Pilpres 2019. Karena itu, rekomendasi ulama ini harus ikut diperhitungkan. "Saya yakin ulama akan ikut bergerak agar pemimpin pilihannya bisa keluar sebagai pemenang Pilpres," ucapnya. </p>

<p>Karena itu, dia berharap Ustad Somad bisa menerima tawaran tersebut. Apalagi bila empat pilar koalisi Partai Gerindra, PAN, PKS, dan Demokrat sepakat mengusung Prabowo-Ustad Somad. "Tentunya yang baru gabung koalisi pasti tahu dirilah. Nah, kalau koalisi sudah sepakat tapi Ustad Somad menolak, ini baru saya bilang Ustaz Somad tidak tahu diri," kelakarnya. </p>

	</text>
</newsitem>