<?xml version="1.0" encoding="iso-8859-1" ?>
<newsitem itemid="1" id="root" date="1996-08-21" xml:lang="en">
<title>PRABOWO-SALIM SEGAF SUDAH DI KEDIAMAN MAHER, PAN DIWAKILI SEKJEN</title>
	<text>
<p>Jakarta - Gerindra, PAN, dan PKS menggelar pertemuan malam ini di kediaman pengusaha Maher Algadri. Ketum Partai Gerindra Prabowo Subianto dan Ketua Majelis Syuro PKS Salim Segaf Aljufri sudah tiba di lokasi, tapi PAN hanya diwakili sang Sekjen Eddy Soeparno. </p>

<p>Pantauan detikcom hingga pukul 20.35 WIB, Selasa (31/7/2018), di kediaman Maher Algadri, Jl Prapanca Dalam VI, Jakarta Selatan, belum ada tanda-tanda Ketum PAN Zulkifli Hasan hadir. Baru Eddy Soeparno yang tampak hadir."Nanti ya, sudah ditunggu," ujar Eddy saat dimintai konfirmasi wartawan. </p>

<p>Prabowo hadir bersama Ketum Persaudaraan Alumni (PA) 212 Slamet Ma'arif. Sebelum Prabowo, sudah tiba lebih dulu Salim Segaf dan Presiden PKS. </p>

<p>Selain itu, hadir di lokasi Wakil Ketua Majelis Syuro PKS Hidayat Nur Wahid (HNW) dan Waketum Gerindra Rachmawati Soekarnoputri.Belum diketahui apa yang akan diperbincangkan dalam pertemuan ini. Namun, sebelumnya, Prabowo mengatakan pertemuan ini hanya memenuhi undangan makan bersama. </p>

<p>"Cuma undangan makan sate," ujar Prabowo saat tiba di lokasi. </p>

	</text>
</newsitem>