<?xml version="1.0" encoding="iso-8859-1" ?>
<newsitem itemid="1" id="root" date="1996-08-21" xml:lang="en">
<title>BI YAKIN KEBIJAKAN BIODIESEL CARA KILAT BANTU PERKUAT RUPIAH</title>
	<text>
<p>Jakarta, CNN Indonesia -- Bank Indonesia (BI) meyakini kebijakan pemerintah untuk memaksimalkan penggunaan campuran 20 persen biodiesel pada bahan bakar Solar atau B20 akan memperbaiki defisit neraca transaksi berjalan (Current Account Deficit/CAD) secara cepat. </p>

<p>Gubernur BI Perry Warjiyo mengatakan hal ini karena kebijakan B20 akan mengurangi volume impor minyak secara cepat, sehingga terjadi penghematan penggunaan devisa untuk keperluan impor. Pada akhirnya, aktivitas itu akan mengurangi tekanan terhadap CAD. </p>

<p>"Itu langkah konkrit yang dampaknya bisa dilihat dalam beberapa bulan ke depan untuk perbaiki CAD," ucap Perry di Kompleks BI, Jumat (3/8). </p>

<p>Meski begitu, ia belum bisa memperkirakan seberapa besar kontribusi penghematan impor minyak terhadap CAD. Sebelumnya, BI memperkirakan CAD akan melebar hingga US$25 miliar atau sekitar 2,5 persen terhadap Produk Domestik Bruto (PDB). Tahun lalu, CAD tercatat sebesar US$17,3 miliar atau sekitar 1,7 persen terhadap PDB. </p>

<p>"Nanti kami lihat dalam beberapa langkah ke depan. Ini masih dalam pembahasan penghematan impor dan dorongan terhadap ekspor, tapi yang jelas CAD akan turun," jelasnya. </p>

<p>Perry bilang seberapapun dampaknya pada perbaikan CAD, namun kebijakan ini menjadi bukti nyata bahwa pemerintah dan BI kompak berkoordinasi untuk menurunkan CAD. </p>

<p>Tujuannya, untuk mengurangi tekanan nilai tukar rupiah yang saat ini bertengger di kisaran Rp14.500 per dolar Amerika Serikat (AS). </p>

<p>Di sisi lain, peningkatkan penggunaan B20 turut mendorong kinerja sektor kelapa sawit yang selama ini juga berkontribusi meningkatkan devisa negara. Menurutnya, kebijakan B20 akan membuat kapasitas industri dan perkebunan meningkat. </p>

<p>"Ekspor kelapa sawit bisa naik dari sisi volume, sehingga dampaknya dua kali, akan mengurangi impor minyak, tapi juga dorong ekspor," pungkasnya. </p>

<p>Sebelumnya, menurut hitung-hitungan Menteri Koordinator Bidang Perekonomian Darmin Nasution, kebijakan B20 diperkirakan bisa mengurangi volume impor minyak sekitar 20 persen dengan nilai penghematan devisa mencapai US$21 juta per hari kerja. </p>

<p>Bersamaan dengan kebijakan biodiesel, Menteri Koordinator Bidang Kemaritiman Luhut Binsar Pandjaitan mengatakan pemerintah juga akan memperbaiki CAD melalui sektor pariwisata. Caranya dengan mengembangkan 10 destinasi Bali baru yang bisa menarik wisatawan mancanegara sehingga mendatangkan devisa. </p>

	</text>
</newsitem>