<?xml version="1.0" encoding="iso-8859-1" ?>
<newsitem itemid="1" id="root" date="1996-08-21" xml:lang="en">
<title>SUPORTER RUSAK STADION, SRIWIJAYA FC DIDENDA RP 150 JUTA</title>
	<text>
<p>Jakarta - Aksi perusakan Stadion Gelora Sriwijaya di Jakabaring Sport City oleh suporter Sriwijaya FC berbuntut hukuman. Laskar Wong Kito didenda Rp 150 juta. </p>

<p>Suporter merusak Stadion Gelora Sriwijaya saat timnya kalah 0-3 Arema 0-3 di pertandingan Liga 1, 21 Juli 2018. Bangku-bangku stadion dicopot dan dilempar ke lapangan. Para oknum itu juga melempari botol ke dalam lapangan. </p>

<p>Sebanyak 335 kursi dirusak dengan rincian 231 kursi rusak di tribune utara dan 104 di tribune selatan. Padahal, stadion itu bakal dijadikan salah satu venue Asian Games 2018 yang dimulai 18 Agustus mendatang. </p>

<p>Dalam sidang Komisi Disiplin PSSI yang digelar Kamis (2/8), Sriwijaya ditetapkan bersalah dengan jenis pelanggaran pelemparan botol dan perusakan stadion. Mereka didenda Rp 150 juta serta tribun utara dan selatannya juga harus ditutup di lima laga. </p>

<p>Selain Sriwijaya, Komdis PSSI juga menjatuhi hukuman kepada dua striker asing di Liga 1 2018. Ezechiel N'Douassel (striker Persib Bandung) dan Ivan Carlos dihukum larangan bertanding. </p>

<p>Ezechiel N'Douassel dinyatakan bersalah dalam laga Barito Putera vs Persib di Stadion 17 Mei, Banjarmasin, 22 Juli 2018. Di laga itu, striker asal Chad tersebut kedapatan memukul bek Barito Putera, Hansamu Yama. </p>

<p>Kejadian itu diselidiki dan akhirnya Komdis menghukum Ezechiel N'Douassel larangan bermain dua laga. Penyerang berusia 30 tahun itu harus absen saat Persib menghadapi Sriwijaya FC (4/8) dan Mitra Kukar (10/8). Selain itu, Ezechiel N'Douassel juga didenda sebesar Rp 20 juta. </p>

<p>Sementara Ivan Carlos dihukum Komdis PSSI karena aksinya di laga Persija vs Bali United, 17 Juli 2018. Di laga itu, Ivan Carlos meludahi kiper Bali United Wawan Hendrawan dalam sebuah cekcok. Striker yang kini sudah dilepas Persija itu dihukum larangan bertanding enam laga. </p>

	</text>
</newsitem>