<?xml version="1.0" encoding="iso-8859-1" ?>
<newsitem itemid="1" id="root" date="1996-08-21" xml:lang="en">
<title>PAN MASIH INGIN USUNG ZULKIFLI HASAN DI PILPRES 2019</title>
	<text>
<p>Jakarta - Rakernas PAN untuk menentukan arah dukungan Pilpres 2019segera digelar. Sampai saat ini, PAN masih ingin mengusung Ketua Umum Zulkifli Hasan. Keputusan mengusung Zulkifli diambil lewat Rakernas PAN sebelumnya yang digelar di Bandung, Jawa Barat. </p>

<p>"Oh iya itu (masih) berlaku," ujar Waketum PAN Bara Hasibuan, Selasa (31/7/2018). </p>

<p>PAN belum memutuskan apakah mendukung petahana Presiden Joko Widodo atau Prabowo Subianto. Yang pasti, jika mendukung salah satu calon, PAN tak akan memaksakan kehendak harus mendapat posisi cawapres. </p>

<p>"Kalau itu kan preferensi kita (posisi cawapres) tapi kita tidak akan memaksa. Kita akan berjiwa besar pada saat kader kita tidak dipilih. Tapi tentu itu menjadi pilihan utama kita," sebut Bara. </p>

<p>Rakernas PAN akan digelar 5-6 Agustus 2018. Lokasi di Jakarta, tetapi Bara menyebut untuk tempat rakernas masih belum diputuskan. </p>

	</text>
</newsitem>