<?xml version="1.0" encoding="iso-8859-1" ?>
<newsitem itemid="1" id="root" date="1996-08-21" xml:lang="en">
<title>BUKTIKAN TAK ADA LAGI BAU, JK SARAPAN PISANG DI SAMPING KALI ITEM</title>
	<text>
<p>JawaPos.com - Wakil Presiden Jusuf Kalla (JK) memastikan tidak ada bau tak sedap lagi dari Kali Item yang berada di sebelah Wisma Atlet Kemayoran, Jakarta Pusat. Hal itu dapat dibuktikan saat dirinya didampingi Gubernur DKI Jakarta Anies Baswedan mencoba memakan buah pisang persis di samping kali tersebut. </p>

<p>"Bau nggak, bau nggak? Nggak kan, ini hanya bau pisang saja, jadi ya sudah ketawan kan gimana? Sudah tidak bau," ujar JK saat di lokasi, Jumat (3/8). </p>

<p>Pembuktian dilakukan lantaran saat ini memasuki 15 hari menjelang perhelatan Asian Games 2018. Kali Item yang terkenal dengan bau dan warnanya itu dikhawatirkan mengganggu aktivitas para atlet se-Asia yang menginap di wisma tersebut. </p>

<p>Bahkan, tempat makan atau cafetaria atlet berada persis di samping kali. Oleh karena itu, Pemprov DKI Jakarta hingga saat ini masih berupaya menjernihkan dan menghilangkan bau dengan berbagai teknologi serta menutup permukaannya dengan kain waring. </p>

<p>Tak hanya JK dan Anies, turut serta dalam peninjauan tersebut yakni Menteri Pekerjaan Umum dan Perumahan Rakyat (PUPR) Basuki Hadimuljono, Menteri Pemuda dan Olahraga (Menpora) Imam Nahrawi, Wakapolri Komjen Pol Syafruddin, dan Ketua INASGOC Erick Thohir. </p>

<p>Awalnya, mereka meninjau langsung tower 1 Wisma Atlet. Rombongan masuk ke beberapa ruangan seperti kamar tidur, taman antar tower dan setelah itu rombongan berjalan ke gedung tempat makan para atlit nantinya. Gedung tersebut masuk dalam tahap finalisasi. </p>

<p>Setelah itu, mereka berbincang dan berdiskusi terkait penanganan kali yang aslinya bernama Kali Sentiong itu dan membuktikan bahwa aktivitas makan tidak akan terganggu. </p>

<p>Usai peninjauan, JK bersama rombongan bergegas menuju Gelora Bung Karno (GBK) dengan mengunakan bus rombongan. Mereka lanjut mengecek kesiapan lain dalam rangka ajang olahraga terbesar kedua setelah Olimpiade itu. </p>

	</text>
</newsitem>