<?xml version="1.0" encoding="iso-8859-1" ?>
<newsitem itemid="1" id="root" date="1996-08-21" xml:lang="en">
<title>BRI RILIS PRODUK INOVASI TERBARU MY QR</title>
	<text>
<p>Liputan6.com, Solo - PT Bank Rakyat Indonesia (Persero) Tbk (BRI) meluncurkan inovasi produk terbarunya My QR. Produk tersebut menjadi alat pembayaran kekinian dengan emanfaatkan smartphone untuk memindai QR Code. </p>

<p>Peluncuran produk My QR dimeriahkan dengan pagelaran kegiatan Harmoni Pasar Klewer di halaman Balaikota Solo, Jumat malam (3/8/2018). </p>

<p>Peluncuran My QR dilakukan langsung oleh Direktur Utama BRI, Suprajarto, para direksi serta Wali Kota Solo, FX Hadi Rudyatmo. Peluncuran produk tersebut juga ditandai dengan demo penggunan My QR saat transaksi pembelian kerajinan batik. </p>

<p>Suprajarto menjelaskan, produk My QR merupakan salah satu digital payment milik BRI. Produk tersebut baru diluncurkan secara resmi pada Jumat 3 Agustus di Solo bersamaan dengan kegiatan Harmoni Pasar Klewer. </p>

<p>"Sebetulnya kita sudah uji coba lama ya, tapi kita baru terima izin dari BI (Bank Indonesia). Oleh karena itu kita launching besar-besaran," kata dia di Balaikota Solo, Jumat malam, 3 Agustus 2018. </p>

<p>Dia menuturkan, peluncuran produk My QR sebagai salah satu bentuk dari pengembangan teknologi yang luar biasa. Sebagai bank dalam negeri, BRI harus bisa memiliki produk inovasi yang sangat kekinian itu. </p>

<p>"My QR adalah belanja dengan barcode atau QR Code. Semoga produk ini bermanfaat dan sesuai dengan harapan Bapak Presiden dalam rangka pengembangan teknologi yang luar biasa," ujar dia. </p>

<p>Ia pun mengaku optimistis inovasi produk itu bisa diterima pasar. Lantaran basis nasabah jumlahnya cukup banyak mencapai jutaan nasabah. "Tahun ini pasti di atas lima juta bisa sampai untuk pengguna My QR," sebutnya. </p>

<p>Sedangkan untuk transaksi, ia berharap jumlahnya bisa tinggi, bahkan ukurannya sudah tidak miliar lagi namun hingga triliunan rupiah. "Itu untuk jumlah transaksi ya," ucapnya. </p>

<p>Untuk menggenjot penetrasi inovasi produk My QR ia pun akan menyasar Pasar Klewer, Solo yang menjadi pusat perdagangan produk tekstil hingga batik. </p>

<p>Selain itu, jumlah pedagang yang ada di pasar produk tekstil terbesar di Jawa Tengah itu juga cukup banyak. </p>

<p>"Pasar Klewer menjadi pasar potensial yang luar biasa. Kalau nggak salah jumlah pedagangnya di sana mencapai di atas 800 pedagang," sebutnya. </p>

	</text>
</newsitem>