<?xml version="1.0" encoding="iso-8859-1" ?>
<newsitem itemid="1" id="root" date="1996-08-21" xml:lang="en">
<title>BANDARA KEDIRI RESMI MASUK PSN, INI RESPONS MENHUB</title>
	<text>
<p>Jakarta - Bandara Kediri di Jawa Timur resmi masuk dalam Proyek Strategis Nasional (PSN). Penetapan bandara yang akan dibangun oleh PT Gudang Garam Tbk (GGRM) ini tercantum dalam Peraturan Presiden Nomor 56 Tahun 2018 tentang Perubahan Kedua atas Peraturan Presiden Nomor 3 Tahun 2016 tentang Percepatan Pelaksanaan Proyek Strategis Nasional. </p>

<p>Peraturan tersebut diteken Presiden Joko Widodo (Jokowi) pada Jumat (20/7/2018). </p>

<p>"Peraturan Presiden ini mulai berlaku pada tanggal diundangkan. Agar setiap orang mengetahuinya, memerintahkan pengundangan Peraturan Presiden ini dengan penempatannya dalam Lembaran Negara Republik Indonesia," bunyi pasal II. Menteri Perhubungan (Menhub) Budi Karya Sumadi menjelaskan Bandara Kediri saat ini masih dalam tahap desain</p>

<p>"Bandara Kediri masih design, lagi bikin proposal," kata Budi Karya usai acara penandatanganan kontrak untuk Proyek Pembangunan Pelabuhan Patimban (I), Paket I yaitu konstruksi terminal, Gedung Karsa Kementerian Perhubungan, Jumat (27/7/2018). </p>

<p>Sedangkan untuk lahan Bandara Kediri, menurut Budi sedang disiapkan. Lahan yang dibutuhkan sekitar 400 hingga 600 hektare</p>

<p>"Tinggal sedikit lagi (lahan), nggak banyak-banyak," kata Budi. </p>

<p>Sebelumnya proyek Bandara Kediri sempat diusulkan masuk dalam PSN, namun ditolak dalam rapat terbatas di kantor presiden, Senin (16/4/2018). Kemudian, Menteri Koordinator Kemaritiman Luhut Binsar Pandjaitan mengatakan proyek Bandara Kediri akan dimasukkan dalam PSN. </p>

	</text>
</newsitem>