<?xml version="1.0" encoding="iso-8859-1" ?>
<newsitem itemid="1" id="root" date="1996-08-21" xml:lang="en">
<title>POLRES JAKBAR MUSNAHKAN NARKOBA SENILAI RP 20 M</title>
	<text>
		<p>Jakarta - Satuan Reserse Narkoba Polres Metro Jakarta Barat memusnahkan barang bukti narkoba senilai Rp 20 miliar. Barang bukti tersebut hasil sitaan dalam kasus yang diungkap selama periode Juni-Juli 2018. </p>

		<p>"Barang bukti ini kami musnahkan karena sudah mendapat ketetapan status sita dari Kejaksaan Jakarta untuk dimusnahkan," ujar Kasat Narkoba Polres Metro Jakarta Barat AKBP Erick Frendiz kepada wartawan di kantornya, Slipi, Jakarta Barat, Kamis (2/8/2018). </p>

		<p>Barang bukti tersebut merupakan pengungkapan dari 10 kasus dengan total tersangka 11 orang. Barang bukti tersebut yakni 10,5 Kg sabu, 10.430 gram ekstasi dan 2 Kg ganja kering. </p>

		<p>"Nominalnya (nilai) kurang lebih Rp 20 miliar. Dengan barang bukti ini kita bisa menyelamatkan 65.710 jiwa," imbuhnya. </p>

		<p>narkoba tersebut disita dari beberapa jaringan. Di antaranya 4 Kg sabu dan 4.800 butir ekstasi yang disita Polsek Tambora beberapa waktu lalu. </p>

		<p>"Jadi tawuran ini sebagai kamuflase untuk peredaran narkoba sabu sebesar 4 kg dan ekstasi 4.800 butir," ucapnya. </p>

		<p>Lebih lanjut, Erick mengatakan bahwa dengan tertangkapnya jaringan membuktikan bahwa permintaan terhadap narkoba masih ada. Suplai dari jaringan masih ada karena permintaan atau pasar juga masih cukup tinggi. </p>

		<p>Sementara Kepala Seksi Pengelolaan Barang Bukti dan Barang Rampasan Kejari Jakarta Barat Putri Ayu Wulandari mengatakan, sebagian barang bukti disisihkan untuk kepentingan pembuktian di pengadilan nanti. </p>

		<p>"Jadi biasanya yang sudah dikirimkan ke kejaksaan tahap dua itu hanya sampel saja atau sedikit. Penyisihan dari pemusnahan barbuk Polres Jakarta Barat, jadi yang dikasih ke kita hanya sedikit saja, nanti untuk di persidangan akan tetap kita hadirkan barang bukti lainnya yang berkaitan dengan tindak pidana narkotika," ujar Putri. </p>
	</text>
</newsitem>