<?xml version="1.0" encoding="iso-8859-1" ?>
<newsitem itemid="1" id="root" date="1996-08-21" xml:lang="en">
<title>JOKOWI SERAHKAN NASIB ESEMKA KE INDUSTRI</title>
	<text>
<p>Tangerang - Hingga saat ini mobil Esemka yang disebut-sebut sebagai mobil nasional masih belum jelas nasibnya. Presiden Joko Widodo sudah menyerahkan nasib Esemka ke industri. </p>

<p>"Terserah industri Esemka sudah diambil alih industri, kalau memang pabriknya selesai sudah bisa memproduksi ya silahkan," ujarnya di arena GIIAS 2018, ICE BSD, Kamis (2/8/2018). </p>

<p>Pemerintah sendiri kata Jokowi saat ini hanya berkewajiban untuk terus mendorong proses pengembangan Esemka pada industri. "Karena itu memang kewajiban pemerintah untuk terus mendorong agar industri otomotif terus berkembang," katanya. </p>

<p>PT Adiperkasa Citra Esemka Hero disebut-sebut sebagai produsen mobil Esemka. Rencananya pabrik Esemka ada di kawasan Cileungsi, Bogor, namun saat dikunjungi detikOto bulan Februari lalu, pabrik itu masih sepi. Kota lain yang kabarnya menjadi tempat produksi Esemka, Boyolali juga belum kelihatan ngebul saat dikunjungi beberapa waktu lalu.</p>

<p>Esemka menjadi tenar setelah Jokowi memutuskan menjadikan kendaraan SUV itu sebagai mobil dinas. Mobil rakitan anak-anak SMK di Solo itu pun masih belum jelas nasibnya. </p>

	</text>
</newsitem>