<?xml version="1.0" encoding="iso-8859-1" ?>
<newsitem itemid="1" id="root" date="1996-08-21" xml:lang="en">
<title>IDI: MAU HEMAT RP 386 M, ATURAN BARU BPJS BISA SEBABKAN KERUGIAN BESAR</title>
	<text>
<p>JawaPos.com - Aturan baru Badan Penyelenggara Jaminan Sosial (BPJS) Kesehatan ditolak oleh para dokter dalam ikatan profesi Pengurus Besar Ikatan Dokter Indonesia (PB IDI). Sebab aturan baru tersebut dinilai membatasi dan menurunkan kualitas pelayanan kesehatan oleh dokter terhadap pasien. </p>

<p>Ketua Umum PB IDI Prof.Dr.I.Oetama Marsis, Sp.OG menjelaskan kebijakan yang tertuang dalam aturan baru BPJS Kesehatan telah menyimpang dari tujuan Indonesia Sehat. Prof. Marsis mendesak pemerintah melakukan transformasi pelayanan kesehatan. </p>

<p>"Harus koreksi kalau BPJS melakukan sesuatu menyimpang. Saya mengatakan kita dukung BPJS perbaiki Jaminan Kesehatan Nasional. Berdasarkan rembug nasional tentang Indonesia ke depan Oktober 2017 lalu menghasilkan Inpres Nomor 8 tahun 2017 untuk mentransformasi layanan kesehatan," tegasnya dalam konferensi pers di kantor PB IDI Jakarta Pusat soal aturan baru BPJS Kesehatan, Kamis (2/8). </p>

<p>Prof. Marsis bahkan memandang kebijakan aturan baru BPJS Kesehatan justru akan menyebabkan kerugian besar di masa depan. Sebab, akan lebih banyak orang sakit akibat pembatasan layanan, yang mutu kualitasnya dikurangi. Sehingga, biaya pelayanan kesehatan di masa depan justru akan lebih besar dari saat ini. </p>

<p>"Kebijakan ini mau hemat Rp 386 miliar. Tapi nantinya justru kerugian yang terjadi jauh lebih besar," tukasnya. </p>

<p>Misalnya aturan soal bayi baru lahir dengan kondisi sehat post operasi caesar maupun per vaginam dengan atau tanpa penyulit dibayar dalam 1 paket persalinan. Itu akan menimbulkan risiko bayi tidak sehat atau ibu mengalami komplikasi. Maka biayanya akan jauh lebih besar jika dibatasi. </p>

<p>Ia pun dengan tegas mengkritik kinerja BPJS Kesehatan yang selama ini hanya berhasil meningkatkan angka cakupan peserta namun tidak mempertimbangkan mutu pelayanan. Sehingga, untuk meminimalisasi kerugian khususnya pasien, IDI minta aturan baru BPJS kesehatan dibatalkan. </p>

<p>"IDI meminta BPJS Kesehatan membatalkan Perdirjampel nomor 2,3, dan 5 tahun 2018 untuk direvisi sesuai dengan kewenangan BPJS Kesehatan yang hanya membahas teknis pembayaran dan tidak memasuki ranah medis," tukas Prof. Marsis. </p>

<p>Seperti diketahui, aturan baru tersebut tertuang dalam Perdirjampel BPJS Kesehatan no. 2, 3 dan 5 tahun 2018, yang mengatur pembatasan tiga layanan. Pertama, tentang bayi baru lahir dengan kondisi sehat post operasicaesar maupun per vaginam dengan atau tanpa penyulit dibayar dalam 1 paket persalinan. </p>

<p>Kedua, penderita penyakit katarak dijamin BPJS kesehatan apabila visus kurang dari 6/18 dan jumlah operasi katarak dibatasi dengan kuota. Dan ketiga, tindakan rehabilitasi medis dibatasi maksimal 2 kali per minggu (8 kali dalam 1 bulan). </p>

	</text>
</newsitem>