<?xml version="1.0" encoding="iso-8859-1" ?>
<newsitem itemid="1" id="root" date="1996-08-21" xml:lang="en">
<title>IRIANA DAN BESANNYA KEMBALI JENGUK KAHIYANG KE RS YPK MENTENG</title>
	<text>
<p>Jakarta - Ibu Negara Iriana Jokowi kembali menyambangi RS YPK Mandiri untuk menengok anaknya Kahiyang Ayu dan cucu perempuannya. Iriana datang bersama Ade Hanifah Siregar yang merupakan ibunda suami Kahiyang, Bobby Nasution. </p>

<p>Pantauan detikcom, Iriana bersama Hanifah tiba di RS YPK Mandiri, Jalan Menteng, Jakarta Pusat, Kamis (2/8/2018) pukul 14.18 WIB, Iriana yang memakai batik panjang bercorak coklat dengan dibalut kerudung berwarna merah muda langsung turun dengan besannya, Hanifah yang memakai baju putih panjang. </p>

<p>Sebelumnya, Presiden Jokowi mengatakan Kahiyang dan anaknya akan diperbolehkan kembali ke rumah pada Jumat (3/8) besok. Untuk sekarang hingga besok, Kahiyang dan bayinya tetap di RS YPK. </p>

<p>"Insyaallah hari Jumat sudah bisa pulang semua, sehat nggak ada masalah," tutur Jokowi kepada wartawan, Rabu (1/8). </p>

<p>Diketahui juga, hari ini adalah hari kedua Putri kedua Presiden Jokowi, Kahiyang Ayu dirawat di rumah sakit pasca melahirkan dengan operasi caesar. Anak Kahiyanh yang lahir berjenis kelamin perempuan dengan berat badan 3,4 kilogram dan panjang 49 sentimeter. </p>

	</text>
</newsitem>