<?xml version="1.0" encoding="iso-8859-1" ?>
<newsitem itemid="1" id="root" date="1996-08-21" xml:lang="en">
<title>ATURAN BARU BPJS KESEHATAN, IDAI: ANGKA KEMATIAN BAYI SULIT TURUN</title>
	<text>
<p>JawaPos.com - Salah satu aturan baru Badan Penyelenggara Jaminan Sosial (BPJS) Kesehatan menyinggung soal pelayanan bayi baru lahir. Isinya, bayi baru lahir dengan kondisi sehat post operasi caesar maupun normal dengan atau tanpa penyulit dibayar dalam 1 paket persalinan. Dengan kata lain, bayi yang lahir dalam kondisi tidak sehat, pelayanannya tidak ditanggung BPJS Kesehatan. </p>

<p>Mengenai aturan baru itu, Ketua Umum Ikatan Dokter Anak Indonesia (IDAI) DR. dr. Aman Bhakti Pulungan, Sp.A(K), FAAP mengeluarkan pernyataan keras. Menurutnya aturan baru BPJS Kesehatan tak bisa dilakukan. Sebab tak ada yang bisa menjamin setiap bayi akan lahir sehat. </p>

<p>Sekalipun selama ibunya kontrol menjelang detik-detik kelahiran bayi dalam keadaan sehat. Akan tetapi dalam hitungan detik-detik saat persalinan, bayi bisa saja berisiko. Dokter Aman menjelaskan bayi yang lahir caesar semuanya juga berisiko. Bisa saja bayi lahir tiba-tiba mengalami gagal napas (afiksi). </p>

<p>"Bisa jadi saat itu bayi mengalami afiksi, tak bisa bernapas dengan baik. Maka harus dilakukan resusitasi. Tentu semua berharap bayi sehat. Tetapi kan tak bisa dijamin. Nah aturan satu paket mengurangi layanan, salah satunya enggak ada dokter anak yang disiapkan saat lahir. Maka siapa yang mau menolong ketika bayi tiba-tiba sakit," jelas katanya ketus dalam konferensi pers di kantor Pengurus Besar Ikatan Dokter Indonesia (PB IDI) Jakarta Pusat, Kamis (3/8). </p>

<p>Paket BPJS yang baru tak bisa memasukkan layanan lengkap seperti biasanya. Paket yang dikurangi dinilai mempersulit kerja dokter melakukan pelayanan, salah satunya resusitasi (pemberian napas dengan alat pada bayi). </p>

<p>Ia mencontohkan, dua minggu lalu dirinya menangani pasien jam 2.30 pagi yang haru melakukan tindakan sectio atau caesar. Sebelumnya tak terindikasi sectio. Dalam perjalanannya bayi ini harus diinkubasi, memang akhirnya bayi sehat. Tapi kalau dengan aturan baru BPJS Kesehatan, tentulah bayi yang tadi tak akan tertolong. </p>

<p>Bayi yang semula memang lahir sehat namun dalam perjalanannya tiba-tiba sakit, akan terancam nyawanya. Sehingga, adanya aturan baru BPJS Kesehatan, dia khawatir Angka Kematian Bayi (AKB) di Indonesia tak akan bisa turun. </p>

<p>"Bagaimana kita bisa menurunkan Angka Kematian Bayi (AKB) di Indonesia kalau bayi ini belum lahir tapi sudah terdiskriminasi di Indonesia. Pada saat Menteri Kesehatan baru naik, kami IDAI ditanya Menkes kira-kira bagaimana turunkan AKB. Kami kirim 5 spesialis kebidanan, bedah, anastesi dan penyakit dalam ke wilayah terpencil. Bagaimana dokter mau menurunkan AKB ketika diatur dengan aturan ini," tukasnya. </p>

<p>Jadi filosofinya, kata dia, ini bukan masalah uang. Negara harus menanggung semuanya untuk menurunkan AKB. Bayi punya hak untuk hidup. Jangan sampai bayi terancam nyawanya atau bahkan cacat karena paket yang tak lengkap. </p>

<p>"Kalau mereka afiksi saja dan tak ditatalaksana, maka jika tak ditangani nanti bisa cacat. Jika sudah begitu, siapa yang mau bayar?," tuturnya. </p>

<p>Indonesia memiliki 4 ribu dokter anak yang terbatas dalam aturan baru BPJS Kesehatan. Dokter Aman khawatir tahun depan AKB tak akan bisa ditekan. </p>

<p>"Maka satu hal saya rasa, kalau nanti pemerintahan ini tak bisa turunkan AKB tahun depan, itu salah BPJS," tutupnya. </p>

<p>Seperti diketahui, aturan baru yang tertuang dalam Perdirjampel BPJS Kesehatan no. 2, 3 dan 5 tahun 2018, mengatur pembatasan tiga layanan. Pertama, tentang bayi baru lahir dengan kondisi sehat post operasicaesar maupun per vaginam dengan atau tanpa penyulit dibayar dalam 1 paket persalinan. </p>

<p>Kedua, penderita penyakit katarak dijamin BPJS kesehatan apabila visus kurang dari 6/18 dan jumlah operasi katarak dibatasi dengan kuota. Dan ketiga, tindakan rehabilitasi medis dibatasi maksimal 2 kali per minggu (8 kali dalam 1 bulan). </p>

	</text>
</newsitem>