<?xml version="1.0" encoding="iso-8859-1" ?>
<newsitem itemid="1" id="root" date="1996-08-21" xml:lang="en">
<title>GUGATAN SYARAT CAWAPRES, JIMLY: KALAU CEPET-CEPETAN, MK MAIN POLITIK</title>
	<text>
<p>Jakarta - Eks Ketua Mahkamah Konstitusi (MK) Jimly Asshiddiqie meminta agar MK tidak tergesa-gesa memutuskan gugatan syarat cawapres yang diajukan Perindo. Jimly mengingatkan MK bisa dinilai ikut bermain politik. </p>

<p>"MK tidak bisa hanya seminggu memutuskan. Dia harus mendengar banyak pihak, audi et alteram partem. Maksudnya semua pihak harus didengar. Maka tidak mungkin dia menyelesaikan hanya dalam waktu 10 hari. Kalau 10 hari, orang akan mencatat itu dia mau cepet-cepetan. Artinya, dia sengaja main politik untuk bikin kegaduhan," kata Jimly kepada wartawan di gedung DPR, Senayan, Jakarta, Kamis (2/8/2018). </p>

<p>Pernyataan Jimly ini menanggapi munculnya dorongan agar MK mempercepat putusan gugatan syarat cawapres. Perindo mengajukan gugatan uji materi Pasal 169 huruf n UU Pemilu terkait syarat calon presiden/cawapres yang mengatur calon belum pernah menjabat presiden atau wakil presiden selama 2 (dua) kali masa jabatan dalam jabatan yang sama. </p>

<p>Wapres Jusuf Kalla (JK) berharap agar putusan diketok MK sebelum pendaftaran capres/cawapres ditutup pada 10 Agustus. Soal ini, Jimly meminta MK agar memutuskan uji materi setelah pendaftaran capres/cawapres ditutup. </p>

<p>"Kalau begitu putusannya jangan sebelum tanggal 10. (Diputuskan) sesudah tanggal 10, bila perlu tanggal 11. Kalau sudah tanggal 11 nggak bisa lagi, karena pendaftaran (capres/cawapres) sudah (tutup)," katanya. </p>

<p>Menurut Jimly, putusan uji materi tak bisa tergesa-gesa karena tahapan persidangan yang harus dilalui. </p>

<p>Soal permintaan agar putusan gugatan syarat cawapres dipercepat dinilai MK bukan intervensi. Tapi MK tetap mengikuti prosedur untuk menyidangkan gugatan uji materi. </p>

<p>"Pastinya saya kira itu bukan intervensi. Kalau masyarakat berharap, publik berharap, saya kira itu wajar dan sah-sah saja," kata Sekjen MK Guntur Hamzah. </p>

	</text>
</newsitem>