<?xml version="1.0" encoding="iso-8859-1" ?>
<newsitem itemid="1" id="root" date="1996-08-21" xml:lang="en">
<title>2 OKNUM POLISI DIDUGA TERLIBAT PEMERASAN WARGA DI BEKASI</title>
	<text>
<p>Jakarta - Polisi menangkap empat laki-laki yang memeras pemuda di Bekasi, Jawa Barat. Dua di antaranya merupakan oknum polisi. </p>

<p>Kejadian itu dialami korban bernama Baindro (27). Korban ketika itu sedang nongkrong bersama tiga rekannya di Jalan Harapan Baru, Kota Bekasi, pada Selasa (24/7) sekitar pukul 00.20 WIB. </p>

<p>Ia lalu didatangi lima pelaku yang naik mobil dan sepeda motor. Kelima pelaku lalu membawa paksa korban dan teman-temannya ke dalam mobil. </p>

<p>Di dalam mobil, Baindro dkk dilakban mulutnya dan tangannya diikat. Mereka lalu diancam dan dipaksa oleh pelaku untuk menyerahkan dompet dan kartu ATM dan mentransfer sejumlah uang. </p>

<p>"Korban terpaksa mentransfer dengan nilai nominal Rp. 12.500.000, kemudian pelaku pergi dengan meninggalkan korban di Bank BRI Cabang Bekasi," ucap Kabid Humas Polda Metro Jaya Kombes Argo Yuwono dalam keterangannya, Kamis (2/8/2018). </p>

<p>Kasus ini kemudian dilaporkan ke polisi. Keempat pelaku ditangkap di Tambun, Kabupaten Bekasi, pada Rabu (1/8) sekitar pukul 01.00 WIB. </p>

<p>Mereka adalah PAK, SP, K, dan AG. SP dan AG merupakan oknum anggota polisi. "Saat ini masih dalam penyelidikan," ucap Argo. </p>

<p>Polisi mengamankan beberapa barang bukti, di antaranya uang tunai Rp 1 juta, satu sepeda motor, dan mobil minibus Toyota Avanza. Para pelaku dikenai Pasal 368 KUHP tentang Pemerasan. </p>

	</text>
</newsitem>