<?xml version="1.0" encoding="iso-8859-1" ?>
<newsitem itemid="1" id="root" date="1996-08-21" xml:lang="en">
<title>MOBIL PENYANDANG DISABILITAS BEBAS ATURAN GANJIL-GENAP</title>
	<text>
<p>Jakarta - Gubernur DKI Jakarta Anies Baswedan menyebut aturan ganjil-genap tak berlaku bagi mobil penyandang disabilitas. Menurut Anies, para penyandang disabilitas membutuhkan mobil yang sudah dirancang khusus dan tak mungkin berganti-ganti. </p>

<p>"Saya pernah berinteraksi langsung dengan penyandang disabilitas. Dia memang harus menggunakan mobil ke kantor. Dan tentu tidak bisa ganti-ganti mobil. Mobilnya pun sudah dirancang khusus untuk digunakannya," kata Anies saat ditemui di Jl MH Thamrin, Jakarta Pusat, Kamis (2/8/2018). </p>

<p>"Jadi, tetap pakai kursi roda, tapi pakai mobil. Karena itu, khusus penyandang disabilitas yang menggunakan mobil tidak terkena kebijakan ini," imbuhnya.Nantinya, di mobil penyandang disabilitas akan ditempeli stiker khusus. Tujuannya supaya aparat bisa mengetahui mobil khusus penyandang disabilitas. </p>

<p>"Saya sudah instruksikan kepada Dishub, nanti mereka akan kasih stiker khusus. Sejauh ini kalau diberhentikan ternyata disabilitas, maka tidak ditindak," ujar Anies.Dalam Pergub Nomor 77 Tahun 2018, macam-macam kendaraan yang terbebas dari aturan ganjil-genap tertuang dalam Pasal 4. Berikut ini bunyinya: </p>

	</text>
</newsitem>