<?xml version="1.0" encoding="iso-8859-1" ?>
<newsitem itemid="1" id="root" date="1996-08-21" xml:lang="en">
<title>JENGUK KAHIYANG, OSO KASIH SARAN BOBBY CARA MERAWAT ANAK</title>
	<text>
<p>Jakarta - Ketua DPD RI Oesman Sapta Oedang (OSO) mengatakan putri Presiden Joko Widodo, Kahiyang Ayu, dalam keadaan sehat usai melahirkan kemarin. OSO berharap cucu kedua Jokowi itu menjadi sosok yang berbakti. </p>

<p>"Anaknya lucu sekali, cantik, anaknya lucu, dan bapaknya Bobby luar biasa gembiranya, seger, ibunya juga sehat cuma tidur Ibunya," kata OSO kepada wartawan usia menjenguk Kahiyang di RS YPK Mandiri, Jl. Gereja Theresia, Menteng, Jakarta Pusat, Kamis (2/8/2018). </p>

<p>"Anaknya bangun melek-melek lihat Om Oesman katanya haha," sambungnya.Oso menyebut anak perempuan Kahiyang dan Bobby lebih dominan mirip dengan ayahnya. Dia juga sempat berbincang dengan Bobby dan berbagi tips merawat anak </p>

<p>"Ya ngobrol-ngobrol (sama Bobby) gimana cara (merawat) punya anak, dan bagaimana belajar nimang anak, komentar Bobby, wah ini bakal ada mainan baru," sebut OSO.OSO mengaku belum mengetahui siapa nama anak Kahiyang dan Bobby. OSO juga punya berdoa untuk kebaikan cucu Jokowi itu. </p>

<p>"Semoga anaknya sehat, nanti semakin gede bisa berbakti sama orang tuanya, kepada Kakek, Nenek dan kepada kita semua," imbuh dia. </p>

	</text>
</newsitem>