<?xml version="1.0" encoding="iso-8859-1" ?>
<newsitem itemid="1" id="root" date="1996-08-21" xml:lang="en">
<title>Banyuwangi Ethno Carnival 2018, Memukau Ribuan Penonton</title>
	<text>
<p>Banyuwangi - Banyuwangi Ethno Carnival 2018 berlangsung meriah dipadati ribuan orang di sepanjang rute pawai. Mereka tidak ingin ketinggalan even paling populer di Indonesia ini. </p>

<p>Even ini dibuka langsung Menko Maritim Luhut Binsar Panjaitan bersama Bupati Abdullah Azwar Anas di Jalan Veteran, Taman Blambangan Banyuwangi, Minggu (19/7/2018). </p>

<p>Pagelaran BEC dibuka dengan fragmen kisah Puter Kayun yang tampil secara atraktif. Fragmen mengisahkan perjuangan Mbah Buyut Jakso, leluhur Warga Boyolangu yang membuka akses wilayah melalu Pantai Watu Dodol. </p>

<p>Kisah inilah yang diperingati sebagai tradisi Puter Kayun, ritual tiap tanggal 10 Syawal warga desa Boyolangu menaiki dokar (delman) ke Pantai Watu Dodol untuk melakukan selamatan dan makan bersama di sana. Fragmen juga semakin meriah dengan tampilnya ratusan penari Gandrung yang mengiringinya. </p>

<p>Parade BEC dimulai saat munculnya penampilan deretan busana megah di atas panggung utama. Sebanyak 120 busana kreasi etnik nan megah dengan tema Puter Kayun ditampilkan secara atraktif dan menawan. </p>

<p>Semua busana itu merepresentasikan 10 sub tema yang diangkat dari ritual 'Puter Kayun' seperti Kupat Lepet, Tapekong, Oncor-oncoran, Keris, Dokar, Buyut Jakso, dan Gedogan. Musik pengiring BEC yang rancak menambah semarak even yang masuk penyelenggaraan ke delapan kalinya ini. </p>

<p>"BEC konsisten selalu mengusung tema yang berakar pada tradisi lokal untuk kita perkenalkan ke publik global. Semoga dengan strategi budaya ini kita bisa menghargai produk budaya Nusantara yang sangat beragam untuk saling bersanding dengan budaya global," ujar Bupati Abdullah Azwar Anas. </p>

<p>BEC kali ini juga begitu istimewa, tidak hanya mendapatkan pengalaman menyenangkan menyaksikan busana yang menawan, para penonton juga diajak mengeksplorasi filosofi dari masing masing tema tersebut. </p>

<p>Seperti tema kupat lepet yakni tradisi selamatan yang dilaksanakan setiap malam sebelum Puter Kayun. Pada tradisi ini warga menyuguhkan kupat lepet sebagai sajian selamatan. </p>

<p>Tema Oncor-oncoran merupakan, representasi tradisi ider bumi atau keliling kampung menggunakan penerangan oncor (obor) yang dilakukan warga juga pada malam sebelum Puter Kayun, Sedangkan tema Dokar mewakili kendaraan yang dipakai warga untuk menuju Pantai Watu Dodol. </p>

<p>"Acaranya keren banget, terorganisir dengan baik, busananya juga bagus-bagus. Menurut saya acara ini sangat berbeda dengan daerah lainnya karena mengandung unsur seni dan budaya. Saya sendiri concern dengan seni dan budaya, tahun depan saya bakal nonton BEC lagi dengan mengajak rombongan," kata Nita Sambodro wisatawan asal Jakarta. </p>

<p>Sebanyak 10 panggung tematik yang tersebar di sepanjang rute BEC juga menjadi bagian kemeriahan BEC pada tahun ini. Panggung-panggung ini dibangun sesuai sub tema Puter Kayun. . </p>

<p>Selain menghadirkan kesenian dan budaya lokal, panggung ini juga menjadi perform spot para talent BEC. Tak ayal di titik ini menjadi spot selfie favorit yang dijubeli para penunjung. . </p>

<p>Salah satu wisatawan asing yang menyaksikan BEC Esther Michaud dari Perancis mengaku sangat terkesan menonton even ini. Dia terkesima dengan busana yang ditampilkan karena begitu menarik dan atraktif. "Acara ini sangat bagus, bajunya unik dan kreatif sekali," ujarnya. </p>

<p>Di akhir acara Menko Maritim Luhut Binsar Panjaitan dan Bupati Anas berjalan menyapa ribuan warga Banyuwangi mulai panggung utama hingga titik finish di Taman Blambangan. </p>

	</text>
</newsitem>