<?xml version="1.0" encoding="iso-8859-1" ?>
<newsitem itemid="1" id="root" date="1996-08-21" xml:lang="en">
<title>OPERASI SENYAP BEKUK PENIPU CALON JAMAAH HAJI INDONESIA DI MAKKAH</title>
	<text>
<p>JawaPos.com - Tidak sedikit calon jamaah haji (CJH) Indonesia yang menjadi korban penipuan di Tanah Suci. Untuk mengatasi hal itu, Panitia Penyelenggara Ibadah Haji (PPIH) Arab Saudi membentuk tim khusus untuk melakukan operasi senyap. Tim tersebut akan memburu para penipu yang rata-rata justru warga Indonesia sendiri itu. </p>

<p>Kepala Daerah Kerja (Kadaker) Makkah Endang Jumali menjelaskan, pihaknya telah menerima beberapa laporan kasus penipuan. Modus paling sering adalah berpura-pura menawarkan bantuan jasa kepada CJH. Agar calon korban percaya, sebagian pelaku memakai seragam petugas haji. </p>

<p>''Padahal itu seragam tahun-tahun sebelumnya,'' katanya. Karena itu, PPIH Arab Saudi mengganti seragam petugas haji setiap tahun. Pada baju seragam terbaru selalu ada tulisan tahun penugasan. Selain itu, setiap petugas selalu mendapat ID-Card yang harus dikenakan selama bertugas. </p>

<p>Endang menjelaskan, ada pula penipu yang mengenakan gelang haji bikinan tahun-tahun lalu. Dengan modal gelang tersebut, penipu bisa mendekati calon korban dengan mengaku sebagai sesama jamaah haji. ''Karena itu, sosialisasi ke jamaah sangat penting. Jamaah harus mengenali ciri-ciri petugas yang legal dan tidak,'' terangnya.</p>

<p>Nah, untuk mengantisipasi masalah tersebut, PPIH menempatkan petugas haji di setiap hotel yang ditempati jamaah haji. Selain membantu jamaah, petugas tersebut bertugas mencegah masuknya penyusup ke hotel. Biasanya, penyusup tersebut mengaku-ngaku sebagai kerabat jamaah haji. </p>

<p>''Kedua, kami adakan operasi senyap untuk menangkap para pelaku,'' tuturnya.Tim yang masuk dalam operasi senyap akan bergerak di sekitar Masjidil Haram.  ''Tim itu akan melakukan investigas,'' katanya. </p>

<p>Mereka mengincar orang-orang yang menyaru sebagai petugas haji. Jika ditemukan petugas haji gadungan, tim akan mengikuti dan memburu mereka secara diam-diam. ''Kalau operasi dilakukan secara terang-terangan, mereka malah kabur,'' katanya. Ketika saatnya tepat, tim akan membekuk petugas haji gadungan itu dan memproses mereka di kantor daker. </p>

<p>Dia mengakui, kasus-kasus penipuan selalu ada setiap tahun. PPIH Arab Saudi sudah mewanti-wanti kepada petugas di sektor khusus (seksus) agar menerapkan strategi perlindungan jamaah yang efektif. </p>

<p>Penipuan CJH tidak hanya marak di Mekkah. Di Madinah, sudah ada beberapa orang yang menjadi korban. Para pelaku biasanya menggunakan bahasa daerah yang sama dengan CJH. </p>

	</text>
</newsitem>