<?xml version="1.0" encoding="iso-8859-1" ?>
<newsitem itemid="1" id="root" date="1996-08-21" xml:lang="en">
<title>DIN SYAMSUDIN MINTA ULAMA TIDAK TERJEBAK HITAM PUTIH CAPRES</title>
	<text>
<p>JawaPos.com - Menjelang Pilpres 2019, Dewan Pertimbangan Majelis Ulama Indonesia (MUI), Profesor Din Syamsudin memberikan wejangan penting untuk ulama di Indonesia. Dia berharap ulama tidak terjebak dan hitam putih capres. </p>

<p>Dia mengatakan, putih belum tentu putih dan hitam juga belum tentu hitam. Dia meminta agar melihat segala sesuatu secara utuh. Karena ada sisi positif dan negatif, ada sisi putih dan hitam juga masing-masing. </p>

<p>"Seorang manusia itu berpeluang berubah, yang tadinya baik menjadi tidak baik, begitu juga yang tadinya tidak baik menjadi baik," kata mantan Ketua PP Muhammadiyah, ditemui usai memberikan materi dalam acara Muktamar Ikatan Mahasiswa Muhammadiyah (IMM) XVIII di Universitas Muhammadiyah Malang (UMM), Jumat (3/8). </p>

<p>Dia menambahkan, para ulama harus bisa memiliki niat baik, hati jernih, dan berpikiran cerdas saat memasuki momen pilpres. Baginya, pilpres merupakan ajang memilih untuk masa depan bangsa. </p>

<p>"Untuk itu, ulama tentu sangat mengharapkan para pemimpin tersebut dapat membawa aspirasi umat Islam," tegas dia. </p>

<p>Soal keberadaan dua kubu antara Joko Widodo dan Prabowo, Din menilai, sama-sama memiliki potensi kebaikan. Dengan kata lain, diharapkan dapat mendatangkan kebaikan bagi bangsa, Islam dan umat Muslim di masa akan datang. Oleh sebab itu, dia mendorong ulama dapat memberikan pencerahan pada masyarakat. </p>

<p>Dia tidak menyangkal, jika nanti bisa terjadi perbedaan pendapat di antara para ulama dalam Pilpres 2019. Perbedaan antara dua ulama atau lebih itu masih terbilang wajar. Terpenting, perbedaan tersebut diharapkan tidak menimbulkan konflik. </p>

<p>"Hemat saya, jangan beri judgement penilaian absolut apalagi dengann labelisasi pada satu hal," tandas dia. </p>

	</text>
</newsitem>