<?xml version="1.0" encoding="iso-8859-1" ?>
<newsitem itemid="1" id="root" date="1996-08-21" xml:lang="en">
<title>TEGAS! IDI MINTA ATURAN BARU BPJS KESEHATAN DIBATALKAN</title>
	<text>
<p>JawaPos.com - Pengurus Besar Ikatan Dokter Indonesia (PB IDI) mendesak agar aturan baru Badan Penyelenggara Jaminan Sosial (BPJS) Kesehatan dibatalkan. Sebab, aturan baru BPJS Kesehatan membatasi dan menurunkan kualitas pelayanan. </p>

<p>Ketua Umum Prof.Dr.I.Oetama Marsis, Sp.OG menjelaskan sebagai organisasi profesi IDI menyadari adanya defisit pembiayaan Jaminan Kesehatan Nasional. Namun, kata Prof. Marsis, hendaknya hal tersebut tidak mengorbankan keselamatan pasien, mutu layanan kesehatan, dan kepentingan masyarakat. </p>

<p>IDI juga sudah melakukan proses konsultasi dan dialogis dengan BPJS Kesehatan, Kementerian Kesehatan dan Kemenko PMK serta melakukan koordinasi dengan berbagai pihak. Seperti diketahui, Peraturan Direktur Jaminan Pelayanan Kesehatan (Perdirjampel), BPJS Kesehatan No. 2, 3 dan 5 tahun 2018 berisi tiga aturan baru yang merubah layanan terhadap pasien. </p>

<p>Pertama, tentang bayi baru lahir dengan kondisi sehat post operasi caesar maupun per vaginam dengan atau tanpa penyulit dibayar dalam 1 paket persalinan. Lalu Kedua, tentang penderita penyakit katarak dijamin BPJS kesehatan apabila visus kurang dari 6/18 dan jumlah operasi katarak dibatasi dengan kuota. Dan ketiga, tindakan rehabilitasi medis dibatasi maksimal 2 kali per minggu (8 kali dalam 1 bulan). </p>

<p>"Berkaitan dengan hal itu kami berpendapat penerapan Perdirjampel BPJS Kesehatan No 2,3 Dan 5 Tahun 2018 akan merugikan pasien dan dokter," ujar Prof. Marsis. </p>

<p>Maka, IDI dengan keras mengeluarkan pernyataan sikap agar aturan baru BPJS Kesehatan dibatalkan. "IDI meminta BPJS Kesehatan membatalkan Perdirjampel nomor 2,3, dan 5 tahun 2018 untuk direvisi sesuai dengan kewenangan BPJS Kesehatan yang hanya membahas teknis pembayaran dan tidak memasuki ranah medis," tukas Prof. Marsis. </p>

	</text>
</newsitem>