<?xml version="1.0" encoding="iso-8859-1" ?>
<newsitem itemid="1" id="root" date="1996-08-21" xml:lang="en">
<title>KPU: DOKUMEN PERBAIKAN BAKAL CALEG HANURA TAK PENUHI SYARAT</title>
	<text>
<p>Jakarta - KPU sudah melakukan verifikasi hasil perbaikan dokumen pendaftaran bakal caleg 2019. KPU menyatakan seluruh dokumen perbaikan Partai Hanura dinyatakan Tidak Memenuhi Syarat (TMS). </p>

<p>"Jadi berdasarkan penelitian terhadap dokumen formulir pencalonan Partai Hanura kita TMS-kan semua dokumen perbaikannya," ujar komisioner KPU Hasyim Asyari di kantor KPU, Jl Imam Bonjol, Jakarta Pusat, Kamis (2/8/2018). </p>

<p>Hasyim mengatakan dokumen perbaikan ini dinyatakan tidak memenuhi syarat karena informasi yang diberikan tidak lengkap. Di antaranya yaitu adanya penambahan bakal caleg, tidak terdapat alamat bacaleg hingga tidak ada foto bacaleg. </p>

<p>"Tidak lengkap informasi yang ada di situ, Form B1. Misalnya ada penambahan calon, kemudian tidak ada fotonya, kemudian alamat calon kosong. Semua itu kan melihat itu saja bisa diketahui bahwa dokumen pencalonan tidak memenuhi syarat," tutur Hasyim.Hasyim mengatakan KPU juga tidak melanjutkan verifikasi dokumen calon. Hal ini dikarenakan dokumen pencalonan yang diserahkan parpol telah dinyatakan TMS. </p>

<p>"Jadi karena dokumen pencalonannya tidak memenuhi syarat, sehingga dokumen calon tidak kita periksa. Karena yang paling utama kan itu," kata Hasyim. </p>

<p>Hasyim mengatakan nantinya bacaleg Hanura yang akan dimasukkan ke dalam DCS adalah bacaleg yang didaftarkan pada pendaftaran sebelumnya. KPU sudah menyampaikan keputusan tersebut kepada Hanura. </p>

<p>"Dengan begitu dokumen yang digunakan untuk DCS itu ya daftar calon yang didaftarkan pada 17 Juni 2018. Berita acara ini sudah disampaikan kepada partai Hanura tadi malam," kata Hasyim. </p>

	</text>
</newsitem>