<?xml version="1.0" encoding="iso-8859-1" ?>
<newsitem itemid="1" id="root" date="1996-08-21" xml:lang="en">
<title>GERINDRA VS PSI, SIAPA YANG GIGIT JARI?</title>
	<text>
<p>Jakarta - Hubungan partai-partai peserta Pemilu 2019 kian dinamis menjelang pendaftaran Pilpres. Gerindra dan Partai Solidaritas Indonesia (PSI) berdebat panas. </p>

<p>Adu mulut Gerindra vs PSI diawali komentar elite Gerindra Habiburokhman soal outfit sekjen koalisi Jokowi. Menurut Habiburokhman, kaus berkerah dan sneakers yang dipakai para sekjen koalisi pro-Jokowi tak bisa dibilang sederhana. </p>

<p>"Pakai sneakers disebut sederhana? Coba cek: Bally Rp 7 juta, Nike bisa Rp 3 juta, Adidas bisa Rp 2,5 juta. Sepatu formal mahal? Bata ada yang Rp 500 ribu, Florsheim bisa Rp 1,5 juta," kata Habiburokhman lewat Twitter. </p>

<p>Sekjen PSI Raja Juli Antoni menimpali komentar itu. Bagi Raja Juli, para sekjen tak sedang melakukan pencitraan. Lain halnya dengan Ketum Gerindra Prabowo Subianto yang memakai pakaian sederhana, yang menurutnya hanya akan jadi pencitraan semata. </p>

<p>"Pak Prabowo mau dipakaikan sendal jepit, kaus murah naik... keliling Jakarta, naik metromini, tetap saja tidak merefleksikan kesederhanaan karena memang dia tidak pernah hidup dalam kesederhanaan. Kalaupun dilakukan, akan menjadi pencitraan hambar. Tidak ada yang percaya kecuali pengikut butanya, termasuk Habiburokhman," kata Sekjen PSI Raja Juli Antoni lewat keterangannya, Rabu (1/8/2018) malam. </p>

<p>Tak terima ketumnya diseret-seret, anggota Badan Komunikasi DPP Partai Gerindra Andre Rosiade menyindir PSI. Andre menyinggung elektabilitas PSI di sejumlah lembaga survei yang menempati posisi buncit. </p>

<p>"Saran saya untuk PSI ya, daripada ngurusin Pak Prabowo mau pakai sandal jepit atau apa pun, lebih baik ngurus partainya yang 'parnoko' aja. Lebih baik PSI fokus membesarkan partainya yang sekarang di survei merupakan 'parnoko', 'partai nol koma'," kata Andre kepada wartawan, Kamis (2/8/2018). </p>

<p>Ketua DPP PSI Tsamara Amany merespons sindiran itu. Dia balik menyindir Gerindra kehabisan bahan menyerang partainya. </p>

<p>"Kalau kritik 'parnoko' itu, ya, lebih tepat sebenarnya ketidakmampuan Gerindra membalas argumen di mana mereka hanya bisa menyerang seperti biasanya. Kalau Gerindra tidak bisa membalas kritik kami dengan jawaban yang berdasar data fakta, ya bagaimana kita bisa mengharapkan Gerindra memenangkan Pemilu 2019? Mungkin harus gigit jari lagi untuk pemilu selanjutnya," kata Tsamara. </p>

<p>Raja Juli Antoni menimpali. Dia mengungkit banyaknya caleg eks napi korupsi yang diusung Gerindra. </p>

<p>"Kami seleksi para caleg kami dengan profesional dan terbuka melibatkan tokoh publik. Hasilnya, PSI satu-satunya parpol yang bersih dari caleg mantan koruptor. Bahkan kami partai pertama yang mendukung KPU mengeluarkan PKPU yang melarang eks koruptor maju menjadi caleg," kata Toni. </p>

<p>"Sementara Gerindra, selain kadernya ada yang membakar sekolah, juga partai juara satu dalam mencalonkan mantan koruptor. Ini menunjukkan tipisnya spirit melawan korupsi di partai pimpinan Prabowo itu," imbuh Toni. </p>

<p>Andre merespons pernyataan Toni. Dia memamerkan sepak terjang Gerindra di bidang antikorupsi. </p>

<p>"Gerindra itu, Raja Juli (Sekjen PSI Raja Juli Antoni), catat, ya, Partai Gerindra adalah satu-satunya partai di DPR yang bersih, tak pernah ditangkap OTT sama KPK," kata anggota Badan Komunikasi DPP Gerindra Andre Rosiade, Kamis (2/8). </p>

<p>"Kedua, tidak ada caleg DPR kami yang koruptor," imbuhnya. </p>

<p>Andre menyebut Gerindra termasuk partai yang tidak mendukung Pansus Hak Angket KPK di DPR beberapa waktu lalu. "Ketiga, kami ini partai yang menolak pelemahan KPK di mana partai-partai pendukung Presiden Jokowi koalisinya PSI itu mendukung," ucap Andre. </p>

<p>Kasus penyiraman air keras ke Novel Baswedan yang tak terungkap sampai saat ini kemudian diungkit Andre. Bagi Andre, kalau Prabowo Subianto yang jadi presiden, kasus Novel akan terungkap dalam hitungan beberapa bulan, bukan tahunan. </p>

<p>"Kasus Novel Baswedan, kalau (diibaratkan) orang hamil, sudah punya anak 7 bulan. Kalau Pak Prabowo jadi presiden, 3 bulan paling lambat kasus Novel Baswedan itu beres," jelas Andre. </p>

	</text>
</newsitem>