<?xml version="1.0" encoding="iso-8859-1" ?>
<newsitem itemid="1" id="root" date="1996-08-21" xml:lang="en">
<title>WAMEN ESDM ARCANDRA JENGUK KAHIYANG DI RS YPK</title>
	<text>
<p>Jakarta - Wakil Menteri ESDM Arcandra Tahar menyambangi RS YPK Mandiri, Menteng, Jakarta Pusat. Arcandra datang menjenguk putri kedua Presiden Joko Widodo (Jokowi), Kahiyang Ayu, yang baru saja melahirkan anak pertamanya. </p>

<p>Pantauan detikcom, Arcandra tiba pukul 11.37 WIB di RS YPK Mandiri, Jalan Gereja Theresia, Menteng, Jakarta Pusat, Kamis (2/8/2018). Arcandra datang menjenguk sambil membawa sebuah bingkisan. </p>

<p>Arcandra yang mengenakan kemeja putih dan celana berwarna krem tampak turun dari mobil dinas berwarna hitam. Setelahnya dia langsung bergegas masuk ke dalam rumah sakit tanpa memberikan keterangan apapun. Salah satu ajudannya terlihat menenteng bingkisan berwarna cokelat. </p>

<p>Kahiyang melahirkan anak berjenis kelamin perempuan pada pukul 05.50 WIB, Rabu (1/8) di RS YPK Mandiri, Menteng, Jakarta Pusat. Putri kecil Kahiyang lahir dengan berat badan 3,4 kilogram dan panjang 49 cm. </p>

<p>Pernikahan Kahiyang dan Bobby digelar dua sesi. Sesi pertama di Solo pada 8 November 2017 dan sesi kedua di Medan pada 26 November 2017. </p>

	</text>
</newsitem>