<?xml version="1.0" encoding="iso-8859-1" ?>
<newsitem itemid="1" id="root" date="1996-08-21" xml:lang="en">
<title>JALAN JATIBARU DITUTUP SAAT PEMBANGUNAN "SKYBRIDGE" TANAH ABANG</title>
	<text>
<p>JAKARTA, KOMPAS.com - Direktur Utama PD Pembangunan Sarana Jaya Yoory C Pinontoan mengatakan,  pembangunan skybridge Tanah Abang akan berdampak pada penutupan jalan. </p>

<p>Seperti diketahui, proses konstruksinya akan dimulai Jumat (3/8/2018) besok. Pukul 04.00-19.00 sebagian badan Jalan Jatibaru akan ditutup. Sedangkan pukul 19.00-04.00, seluruh Jalan Jatibaru akan ditutup dan dilakukan rekayasa lalu lintas. Yoory mengatakan, penutupan jalan memang akan membuat kepadatan lalu lintas di lokasi tersebut. </p>

<p>"Kami juga sudah koordinasi dengan Dirlantas. Ya sabarlah, kan hanya sekitar satu setengah bulan, nanti akan dibuka lagi," ujar Yoory, saat dihubungi Kompas.com, Kamis (2/8/2018). Penutupan jalan hanya bersifat sementara. Ditargetkan, pembangunan skybridge akan selesai pertengahan Oktober mendatang. Proses konstruksi skybridge Tanah Abang akan dibagi dalam dua waktu. </p>

<p>Pengerjaan akan dilakukan pukul 04.00-19.00 dan 19.00-04.00. "Kami bagi pengerjaannya dua shift," ujar Yoory. </p>

<p>Skybridge Tanah Abang menghubungkan Blok G Pasar Tanah Abang dengan Stasiun Tanah Abang atau lebih kurang 400 meter. Proses konstruksi akan dimulai dengan penggalian tiang pancang dan pengiriman bahan material ke lokasi. </p>

<p>Rangka baja skybridge telah dikerjakan di pabrik dan direncanakan akan dikirim ke lokasi pada 10 Agustus mendatang. Pembangunan dibagi dalam 4 zona, zona a, b, c, dan d. </p>

<p>Zona pertama berada di sekitar Blok G Pasar Tanah Abang. Zona berikutnya mengarah hingga ke Stasiun Tanah Abang. </p>

	</text>
</newsitem>