<?xml version="1.0" encoding="iso-8859-1" ?>
<newsitem itemid="1" id="root" date="1996-08-21" xml:lang="en">
<title>PAN BELUM DUKUNG PRABOWO DI PILPRES 2019</title>
	<text>
<p>Jakarta - Ketua Umum PAN Zulkifli Hasan menegaskan pihaknya belum menentukan siapa yang akan diusung di Pilpres 2019. PAN sama sekali belum menyatakan dukungan kepada salah satu capres, termasuk kepada Ketum Gerindra Prabowo Subianto. </p>

<p>"Ya, belum. Pada rakernas akan diserahkan kepada capresnya," ujar Zulkifli di kompleks parlemen, Senayan, Jakarta, Selasa (31/7/2018). </p>

<p>Soal posisi cawapres, Zulkifli menyebut itu diserahkan kepada capres yang akan diusung PAN nanti. Namun, sekali lagi dia menegaskan, belum ada capres yang diusung PAN sampai saat ini. </p>

<p>"Cawapres diserahkan kepada capresnya, tapi belum ada nama capresnya, ya. Tadi kan pada akhirnya wapres itu tentu akan terserah pada capresnya. Capres yang mana saja," jelas Zulkifli. "Belum satu (nama). Nanti (diputuskan) rakernas," terang Ketua MPR itu. </p>

<p>Sebelumnya diberitakan, PAN disebut akan mengadakan pertemuan dengan Gerindra dan PKS malam ini. Pertemuan untuk membahas soal koalisi di Pilpres 2019. </p>

	</text>
</newsitem>