<?xml version="1.0" encoding="iso-8859-1" ?>
<newsitem itemid="1" id="root" date="1996-08-21" xml:lang="en">
<title>UN MINTA INDONESIA DAMPINGI PEMBERDAYAAN JANDA DI NEGARA ISLAM</title>
	<text>
<p>JawaPos.com - Indonesia menjadi jadi role model ideal untuk pemberdayaan janda dan anak di negara Islam. Program itu telah di putuskan pada forum Perserikatan Bangsa-Bangsa (United Nation/UN) beberapa waktu lalu. Hal ini diungkapkan oleh Menteri Pemberdayaan Perempuan dan Perlindungan Anak (PPPA) dalam seminar kesetaraan gender, di Surabaya, Kamis (2/8). </p>

<p>Yohana dalam seminar itu, mengangkat program pemerintah tentang pemberdayaan dan perlindungan perempuan single parent (janda). Namanya, Women Empowerment and Child Protection. </p>

<p>"UN sudah menjadikan Indonesia sebagai role model. Meski, memang belum sempurna. Tapi, setidaknya Indonesia dianggap mampu mendampingi negara Islam seperti Iran dan Afganistan," kata Yohana di Hotel Sheraton, Surabaya, Kamis (2/8). </p>

<p>Yohana tidak merinci pendampingan seperti apa yang diberikan kepada Iran dan Afganistan. Hanya, Yohana mengatakan, Iran sudah membuat dan mengedarkan gadget jenis tablet untuk keluarga. </p>

<p>"Saya sudah bertemu dengan Kementerian Komunikasi dan Informasi di Iran. Sepertinya, mereka sudah membuat tablet khusus keluarga. Jadi keluarga-keluarga di Iran pakai itu," kata Yohana. </p>

<p>Terkait programnya sendiri, Kementerian PPPA menyasar janda yang produktif dan rentan terhadap kekerasan di seluruh Indonesia. Mekanismenya, pihak kementerian mencari semua janda di Indonesia melalui pemerintah daerah. </p>

<p>"Kami prioritaskan 3 misi pada program teesebut. Tentunya, untuk mengatasi kesenjangan gender," katanya.  </p>

<p>Adapun 3 misi pada program adalah, menurunkan angka kasus kekerasan di dalam rumah tangga. Yang kedua, menekan kasus human trafficking. Terakhir, memberi kemudahan kepada perempuan dalam hal meningkatkan taraf hidupnya. </p>

<p>Konkritnya, Kementerian PPPA mendampingi dan memberdayakan para janda dan anak. Sehingga, mereka juga mampu meningkatkan tarag hidup dari aspek ekonomi. </p>

<p>"Saat ini, hanya tiga ribu janda yang terlibat. Jadi, akan kami terapkan terus dj seluruh Indonesia. Sebab, mereka tergolong perempuan kepala keluarga yang sebenarnya masih rentan terhadap kekerasan," kata Yohana. </p>

	</text>
</newsitem>