<?xml version="1.0" encoding="iso-8859-1" ?>
<newsitem itemid="1" id="root" date="1996-08-21" xml:lang="en">
<title>API DI GUDANG VELODROME PADAM, PETUGAS SISIR BARA DI LOKASI</title>
	<text>
<p>Jakarta - Kebakaran gudang yang ada di dalam kawasan Jakarta International Velodrome, Jakarta Timur, padam. Petugas kini sedang menyisir bara di dalam gedung guna menghindari penyalaan kembali. </p>

<p>"Sudah pendinginan, tinggal menunggu detik-detik balik kanan. Petugas laginyisir bara. Pendinginan mulai sekitar pukul 19.00 WIB tadi," kata petugas Sudin Penanggulangan Kebakaran dan Penyelamatan (PKP) Jaktim, Zai, saat dihubungi, Kamis (2/8/2018). </p>

<p>Dia mengatakan gudang yang terbakar tersebut berisi barang-barang yang sudah tak terpakai. Namun Zai belum mendapatkan informasi soal penyebab kebakaran tersebut. </p>

<p>Ada 11 unit mobil pemadam kebakaran yang dikerahkan dalam pemadaman ini. Pemadaman dibantu Sudin PKP Jakpus, yang mengerahkan 2 unit mobil damkar. "Belum ada penyebab, masih dalam penyidikan. Korban nihil," ujar Zai. </p>

	</text>
</newsitem>