<?xml version="1.0" encoding="iso-8859-1" ?>
<newsitem itemid="1" id="root" date="1996-08-21" xml:lang="en">
<title>GRAB DISUNTIK DANA SEGAR RP 14,4 TRILIUN?</title>
	<text>
<p>Jakarta - Grab disebut-sebut mendapatkan investasi baru sebesar USD 1 miliar atau setara dengan Rp 14,4 triliun (kurs USD 1 = Rp 14.440). </p>

<p>Dikutip dari Reuters, Kamis (2/8/2018), dana segar tersebut nantinya akan diperuntukan bagi pengembangan bisnis layanan pembayaran. Hal ini terkuak dari informasi yang bersumber dari seseorang yang akrab dengan persoalan tersebut. </p>

<p>Disebutkan pula, dana kali ini berasal dari investor asal Amerika Serikat (AS) dan pendukung strategis. Sayangnya, saat ditanya lebih lanjut, informan ini menolak berbicara dengan alasan tidak berwenang membahas soal tersebut kepada media. </p>

<p>Sebelumnya, Grab mendapatkan dana segar dari raksasa otomotif Toyota. Perusahaan aplikasi penyedia transportasi yang berbasis di Singapura itu mengumumkan, Toyota akan menanamkan investasi senilai USD 1 miliar atau di kisaran Rp 13,9 triliun. </p>

<p>Belum diketahui apakah investasi yang baru dikantongi Grab ini bersumber dari Toyota atau yang lainnya. Sementara itu, saat dikonfirmasi ke pihak Grab, mereka masih belum mau berkomentar. </p>

	</text>
</newsitem>