<?xml version="1.0" encoding="iso-8859-1" ?>
<newsitem itemid="1" id="root" date="1996-08-21" xml:lang="en">
<title>PERSIAPAN TIM ESTAFET INDONESIA SUDAH 97 PERSEN</title>
	<text>
<p>Jakarta - Pelatih atletik Indonesia Eni Nuraini menyebut persiapan Lalu Muhammad Zohri dkk. untuk estafet Asian Games 2018 sudah 97 persen. Volume latihan juga sudah dikurangi. </p>

<p>Dalam hitungan hari, Asian Games 2018 akan bergulir. Lalu Muhammad Zohri, yang bakal turun di nomor estafet 4x100 meter putra, bakal satu tim dengan Eko Rimbawan, Yaspi Boby, dan Bayu Kertanegara. </p>

<p>"Persiapan Lalu dan kawan-kawan sampai saat ini sudah sampai 97 persen mendekati hari H. Mungkin teknik-tekniknya saja yang masih terus dievaluasi," kata Eni di Stadion Madya Gelora Bung Karno, Senayan, Kamis (2/8/2018). </p>


<p>"Volume latihannya sendiri sekarang sudah dikurangi. Mungkin hanya di intensitasnya saja yang ditambah," tambahnya. </p>

<p>Di antara hal-hal yang masih perlu dipoles tim estafet adalah perpindahan tongkat. Aspek ini memang sebelumnya sudah jadi perhatian karena masih jadi titik lemah. </p>

<p>"Saat ini yang masih jadi PR adalah soal pertukaran tongkatnya. Dia (Lalu) juga kemarin banyak mengikuti perlombaan yang lain, jadi baru berlatih lagi sama teman-temannya," sambungnya. </p>

<p>Atlet-atlet atletik Indonesia akan turun di 13 nomor. Eni mengaku bahwa atlet-atletnya tak dibebani mendulang banyak medali emas. </p>

<p>"Untuk target juga sih kami tidak membebaninya. Ya, semoga bisa memberikan yang terbaik saja. Mudah-mudahan, bisalah dapat salah satu medali," harapnya. </p>

	</text>
</newsitem>