hoax,edar,pesan,sosial,media,informasi,sebar,kabar,berita,beranta,benar,bohong,kandung,broadcast,lansir,whatsapp,resah,viral,tidak,isu,presiden,tulis,isi,bahwa,id,kamis,masyarakat,jakarta,co,com,makan,palsu,info,hoaks,joko,imbau,widodo,khoax
0.039737,0.007564,0,0,0,0,0.010162,0,0.020948,0,0.009358,0,0,0,0,0,0,0.016624,0,0,0,0,0,0,0,0,0,0.004519,0,0,0,0.014937,0,0,0,0,0,hoax
0.017414,0,0.010871,0,0,0.008378,0.011133,0.011617,0,0,0.010252,0,0,0,0,0,0,0,0,0.028913,0,0,0,0,0,0,0,0.009902,0,0,0,0.098189,0,0,0,0,0,hoax
0.014895,0.021264,0,0.027895,0.024565,0.014333,0,0,0,0,0,0,0,0,0,0,0,0,0,0,0,0.02089,0,0,0.03146,0,0,0.025409,0.037682,0,0,0.027995,0,0,0,0,0,hoax
0.00831,0.015818,0,0.005187,0.018273,0,0,0.01663,0.016428,0,0.004892,0.00744,0,0,0,0,0,0,0.006293,0.006899,0,0.005827,0,0,0,0,0,0,0,0,0,0,0,0,0,0,0,hoax
0.023219,0,0,0,0.025528,0,0,0,0.091803,0,0,0,0,0,0,0,0,0,0.011722,0,0,0,0,0,0,0,0,0,0,0,0,0,0,0,0,0,0,hoax
0,0.01288,0,0.008448,0.00744,0,0.008652,0.009028,0.008918,0,0,0,0.014292,0,0,0,0,0,0.003416,0,0,0,0.011401,0,0,0,0,0.011543,0,0.00544,0,0,0,0,0,0,0,hoax
0.038652,0.02341,0.017548,0,0.003863,0.020287,0.013479,0.02344,0.013893,0.007016,0,0.006292,0.014843,0,0.006716,0.016131,0.007807,0,0.001774,0,0,0,0.01184,0.005293,0,0,0.009244,0,0,0.002825,0,0.019813,0,0,0,0,0,hoax
0,0,0,0,0,0,0,0,0,0,0,0,0,0,0,0,0,0,0.011838,0,0,0,0,0,0,0,0,0,0,0,0,0.066108,0,0,0,0,0,hoax
0,0.01034,0,0,0,0,0.027782,0.014494,0,0,0,0,0,0,0,0,0,0,0,0.036075,0,0.015236,0,0,0,0,0,0,0,0,0,0.020419,0,0,0,0,0,hoax
0.026026,0,0,0,0,0,0,0,0.01715,0,0,0,0,0,0,0,0,0,0.00657,0,0,0.0365,0,0,0,0,0,0,0,0,0,0,0,0,0,0,0,hoax
0.044686,0.021264,0.027895,0.055789,0.024565,0.021499,0,0,0.029446,0,0.026308,0.040005,0,0,0,0,0,0,0,0,0,0,0.037643,0,0,0,0.039187,0,0,0.017961,0,0,0,0,0,0,0,hoax
0.005559,0.005291,0.048586,0,0,0,0.014217,0,0.007327,0.011101,0,0,0.011742,0,0,0,0,0,0,0,0,0,0.009367,0,0,0.006288,0,0.003161,0,0,0.010195,0,0,0,0,0,0,hoax
0,0.01523,0.019979,0,0,0,0.010231,0.032025,0.02109,0,0.018842,0,0.050697,0,0,0,0,0,0.004039,0,0,0.022442,0.01348,0,0,0.00905,0.007017,0.009099,0,0,0,0,0,0,0,0,0,hoax
0,0.007224,0.009477,0,0,0.007304,0.009706,0,0.010004,0,0.008938,0,0.016032,0,0.014509,0,0,0,0.007665,0.012603,0,0.010646,0,0,0,0.008586,0,0,0,0,0.02784,0,0,0,0,0,0,hoax
0.018359,0.017473,0.034382,0.011461,0,0.008833,0,0,0.012098,0,0,0.016436,0,0,0,0,0,0,0,0,0,0,0.015466,0,0,0,0.04025,0.00522,0.023223,0,0,0,0,0,0,0.017398,0,hoax
0,0,0.025344,0,0,0,0,0,0.026754,0,0.015935,0,0.028583,0.015035,0,0,0.015035,0,0.003416,0.011235,0,0,0,0.020386,0,0,0.011868,0.003848,0,0.00544,0.062044,0,0,0,0,0,0,hoax
0,0,0,0.018252,0.016073,0,0,0,0,0,0,0,0,0,0.027943,0,0,0,0.007381,0,0.041798,0.061509,0.073893,0,0.030877,0,0,0,0,0,0,0,0,0.036034,0,0,0,hoax
0.0191,0.054533,0.023845,0.023845,0,0,0,0,0,0,0.022489,0,0,0,0,0,0,0,0.009643,0,0,0,0,0,0.040339,0,0.033499,0.01086,0.048318,0,0,0,0.044849,0,0,0,0,hoax
0.012642,0.008021,0,0.005261,0.004633,0.02433,0.005388,0.005622,0,0,0.004962,0,0,0,0,0,0,0,0.002128,0,0,0.00591,0.0071,0,0,0,0,0.009585,0,0,0,0,0,0,0,0,0,hoax
0,0,0.009538,0,0,0,0,0.010193,0,0,0,0,0,0,0,0,0,0,0,0,0,0,0,0.011508,0,0,0,0.017377,0,0.006141,0,0.014359,0,0.037662,0,0,0,hoax
0.014014,0,0,0,0,0,0,0.018697,0.009235,0,0,0.025092,0,0,0,0,0,0,0.003537,0,0,0,0,0,0,0,0.012289,0.015937,0,0,0,0,0,0,0,0,0,hoax
0.006885,0,0,0,0,0.006625,0,0,0,0,0,0.012327,0,0,0.013159,0,0,0,0.003476,0,0,0,0,0,0,0,0.012075,0.00783,0.017417,0,0,0,0,0,0,0,0,hoax
0.014441,0,0.054088,0,0,0.006948,0,0.009633,0,0.086505,0,0,0,0,0,0,0,0,0.010936,0,0,0,0.012165,0,0,0.008167,0.006332,0,0,0.005804,0,0,0,0,0,0,0,hoax
0.023449,0.033476,0.043913,0.014638,0.012891,0.033845,0.029983,0.015642,0.015452,0.046821,0.041416,0,0,0,0,0,0,0,0.017758,0,0,0,0,0.017661,0,0,0.030845,0,0,0.009425,0,0,0,0,0,0.022221,0,hoax
0,0,0,0.011116,0.009789,0,0,0,0,0,0.020967,0,0.056414,0,0,0,0,0,0.00899,0.029566,0,0,0,0,0,0,0,0,0,0.007157,0.048982,0,0,0.021946,0,0,0,hoax
0,0.020125,0.0264,0.0176,0.015499,0,0,0.028212,0.00929,0,0.0083,0.025241,0,0.031322,0,0.016179,0,0,0,0,0.020153,0.009885,0,0.021236,0.014887,0,0,0,0.017832,0,0,0,0,0,0.013031,0,0.012621,hoax
0.016371,0.005194,0,0.006813,0.006,0.015753,0.006978,0,0,0,0.006425,0,0,0,0,0.012526,0,0,0.00551,0,0,0,0,0,0,0,0,0,0,0.004387,0,0,0.025628,0,0,0,0,hoax
0.006011,0.011442,0,0.007505,0.006609,0.005784,0.007686,0,0,0,0,0,0,0,0.011489,0.013797,0,0,0.015174,0.019961,0,0.00843,0,0.009055,0,0,0,0,0,0,0,0,0.056459,0,0,0,0,hoax
0.012335,0.01174,0.0616,0.0077,0.006781,0.011869,0.023658,0.008229,0,0.073889,0,0,0,0,0,0,0,0,0.003114,0.01024,0,0.00865,0,0,0,0,0.005409,0,0,0,0,0,0.028965,0,0,0,0,hoax
0.019307,0.006125,0.080348,0.008035,0.007076,0.006193,0.008229,0.008586,0,0.038551,0.007578,0,0,0,0,0,0.028599,0,0.012996,0,0,0.027077,0.010843,0,0,0,0.022575,0,0,0.005173,0,0,0,0,0,0.036592,0,hoax
0,0.010533,0,0.027634,0.024336,0.010649,0,0.02953,0,0,0.026062,0,0,0,0,0,0,0.046298,0,0,0,0,0,0,0,0,0,0,0,0.008896,0,0,0,0.054556,0,0,0,hoax
0.014802,0.014088,0,0.03696,0.032549,0,0,0.059245,0,0,0.052287,0,0,0,0,0,0,0.061923,0,0,0,0,0,0,0,0,0,0,0,0.011899,0,0,0,0.036485,0,0,0,hoax
0.03625,0.0115,0,0.015086,0.013285,0.034881,0,0,0,0,0,0,0,0,0,0,0,0.025275,0,0,0,0,0,0,0,0,0.010597,0.006871,0.030569,0,0,0,0,0,0,0,0,hoax
0,0.019544,0.017091,0,0,0.039518,0.017504,0.027397,0.009021,0,0,0.012256,0,0,0,0.047135,0,0,0.003456,0.02273,0,0,0,0,0,0.015485,0,0,0,0,0,0,0,0.067486,0,0,0,hoax
0.006615,0.012592,0.024778,0,0,0.038193,0.016918,0.017652,0,0,0,0,0,0,0,0.045555,0,0,0.00334,0.021968,0,0,0,0,0.013972,0.014965,0,0,0.016736,0,0,0,0,0.048918,0,0,0,hoax
0.026315,0.025045,0,0,0,0,0,0,0,0,0,0,0,0,0,0,0,0.027522,0.006643,0,0,0.018453,0,0,0,0,0,0.007482,0,0.010577,0,0,0,0,0,0,0,hoax
0.023923,0.011384,0.0448,0,0,0,0,0.007979,0,0.023883,0,0,0,0,0,0,0,0,0.006039,0,0,0,0,0,0,0,0,0.013603,0,0,0,0,0,0,0,0,0,hoax
0,0.011384,0.0224,0,0,0,0,0.015958,0.007882,0,0.007042,0,0,0,0.011431,0.027456,0,0,0.003019,0.00993,0,0.008388,0,0,0,0.006765,0,0,0,0.004808,0,0,0,0.029483,0,0,0,hoax
0.010342,0.009843,0.03228,0.006456,0.005685,0.019903,0.026448,0,0,0.02065,0,0.009259,0,0.011489,0,0,0.011489,0,0.007832,0,0,0.021756,0.017424,0,0,0,0.00907,0,0,0,0,0,0,0,0,0,0,hoax
0.011667,0.011104,0.007283,0.007283,0.006414,0,0,0,0,0,0.006869,0,0,0,0,0,0,0,0.008835,0.029056,0,0,0.009828,0,0,0,0,0,0,0,0,0,0.027395,0,0,0,0,hoax
0.007921,0.003769,0.034612,0.004945,0.004354,0.011432,0.030384,0.005284,0,0,0.004663,0,0.008365,0,0,0.018181,0,0,0.007998,0,0,0.005554,0,0,0,0,0.003473,0,0,0,0,0.007444,0,0,0,0,0,hoax
0.027797,0,0,0.013882,0.012225,0.005349,0,0.051921,0.007327,0,0.006546,0,0,0,0.010626,0,0,0.023258,0.002807,0,0,0,0,0,0,0,0,0,0,0,0,0,0,0,0,0,0,hoax
0.007947,0.015128,0.059533,0.019844,0.026214,0,0.030486,0,0.052371,0.047607,0,0.07115,0.033571,0.035317,0.01519,0,0,0,0,0,0.056806,0.011146,0,0.011972,0,0,0.00697,0.009038,0,0,0,0,0,0,0.029386,0,0.02846,hoax
0.013769,0.006552,0,0.008595,0.007569,0,0,0,0.009074,0,0,0,0,0,0,0,0,0.028802,0.006952,0,0,0,0,0.010371,0,0,0,0.00783,0,0,0.012625,0.025879,0,0,0,0,0,hoax
0.02153,0.051228,0.01344,0.01344,0.011836,0,0,0.014363,0,0.021495,0.012676,0,0,0.023919,0,0,0.023919,0,0,0.089369,0,0,0,0.016216,0,0.012176,0.009441,0,0,0.025961,0,0,0,0,0,0,0,hoax
0,0,0.012529,0.012529,0,0,0,0.013389,0.026452,0,0,0.017968,0,0,0,0,0,0,0.005066,0,0,0,0,0.015117,0,0,0,0,0,0.008067,0,0,0,0.074206,0,0,0,hoax
0.020959,0,0,0,0,0,0,0,0.013811,0,0,0,0,0,0,0,0,0,0.010581,0.052198,0,0,0,0,0,0,0,0.005959,0,0.008424,0,0,0,0,0,0,0,hoax
0.015895,0,0,0,0,0,0,0,0.010474,0,0,0,0,0,0,0,0,0,0.016049,0.039586,0,0,0,0,0.033571,0,0.00697,0,0.040211,0,0.014574,0,0,0,0,0,0,hoax
0,0.04508,0,0.029568,0.026039,0.034183,0.015141,0,0.015606,0,0,0.021203,0.075031,0,0,0,0,0,0,0,0,0,0,0.017838,0,0,0.010385,0,0,0.009519,0.021716,0.022256,0,0.087563,0,0,0,hoax
0.018218,0.023118,0,0.007582,0.006677,0.040903,0.023294,0.008102,0.016007,0,0,0,0.064129,0,0,0.013939,0,0.038107,0.003066,0,0,0,0,0,0,0,0,0.003453,0,0,0,0,0,0,0,0,0,hoax
0.059634,0,0,0,0,0.040987,0.065358,0,0.022455,0,0,0,0,0,0,0,0.018929,0,0.012903,0,0,0,0,0.012833,0,0,0.014942,0.009688,0,0.013697,0,0.016012,0.040009,0,0,0,0,hoax
0.035884,0.025614,0,0.0336,0.02959,0,0.011471,0.047875,0.035469,0,0,0.016063,0,0,0.017147,0,0,0.018765,0.004529,0,0,0.012581,0,0,0,0,0,0,0,0,0,0,0,0,0,0,0,hoax
0.041918,0.019947,0.052333,0.03925,0.034565,0.060501,0.013399,0,0.013811,0,0.037018,0.018763,0,0,0,0,0,0,0.021162,0,0,0,0,0,0,0,0.01838,0,0,0.008424,0,0,0,0,0,0,0,hoax
0.021929,0.010435,0.041067,0.013689,0.012055,0.021101,0.028039,0.014629,0.028901,0,0.025821,0.039264,0,0.073086,0,0.025168,0,0,0.005536,0,0,0,0,0,0,0,0.019231,0.012469,0,0.008814,0,0.020608,0,0,0,0,0,hoax
0,0.007271,0,0.019076,0.016799,0.014702,0,0,0.010069,0,0.017991,0,0,0,0,0,0,0.03196,0.003857,0.012685,0,0,0,0,0,0,0.013399,0,0,0,0,0,0,0,0,0,0,hoax
0.044268,0.021066,0.041451,0,0,0,0.014151,0.02953,0.058342,0.044196,0.013031,0,0,0,0,0,0.02459,0,0,0.055125,0,0,0,0,0,0.012518,0.009705,0.025172,0,0.008896,0,0,0,0,0,0,0,hoax
0,0.007719,0,0,0,0.007804,0,0,0,0,0,0,0.051391,0,0,0,0,0,0,0,0,0.011375,0,0,0,0,0,0,0,0,0,0,0,0,0,0,0,hoax
0.026711,0,0,0.011116,0.009789,0.008567,0,0,0,0,0.010484,0,0,0,0,0,0,0.037247,0,0,0,0.012487,0.015001,0.013412,0.018805,0,0,0.005063,0,0,0,0.016734,0,0,0,0,0,hoax
0.022343,0.021264,0.013947,0.013947,0.012283,0,0.014284,0.044714,0,0.022306,0,0.020002,0.023595,0,0,0,0,0,0.00564,0.018548,0,0,0,0,0.023595,0,0,0,0,0.00898,0.020486,0,0,0,0,0,0,hoax
0.007542,0.021535,0.009417,0.009417,0.008293,0,0.019288,0,0,0.01506,0,0,0.04779,0,0,0,0,0,0.003808,0.050092,0,0.010578,0,0.011362,0.01593,0,0,0,0,0,0.027663,0,0,0,0,0,0,hoax
0.020417,0.029147,0.089214,0,0,0,0,0.027239,0,0,0.01202,0,0.064682,0,0,0,0,0.021353,0.005154,0,0,0,0,0,0,0,0.026857,0.005805,0,0.008206,0.01872,0,0,0,0,0.019348,0,hoax
0.018218,0.026008,0.04549,0,0,0.008765,0,0,0,0.018188,0,0,0.019239,0,0,0,0,0,0.004599,0,0,0.012775,0,0,0,0,0,0.00518,0,0.007322,0.016704,0,0,0,0,0,0,hoax
0.033201,0.031598,0.082901,0,0,0.010649,0,0,0,0,0.013031,0,0,0,0,0,0,0,0.005587,0,0,0,0.018646,0,0,0,0.009705,0,0,0.017793,0,0.0208,0,0,0,0.062925,0,hoax
0.012942,0.04311,0.016157,0,0,0.006226,0,0.043166,0,0.012921,0.007619,0,0,0,0,0.014853,0.014378,0,0,0.021488,0,0,0,0,0,0,0.017024,0,0,0.005202,0.011866,0,0,0,0,0.012264,0,hoax
0,0.024081,0,0,0,0,0,0.006752,0,0,0,0,0.032065,0,0,0,0.011244,0,0.007665,0,0,0.007097,0.017052,0,0,0,0.004438,0.005755,0,0,0.01856,0.009511,0,0,0,0,0,hoax
0.02936,0.018628,0.024437,0,0.01076,0,0,0.013057,0.038694,0,0,0,0,0,0,0,0,0,0,0,0,0,0,0,0,0,0,0.016694,0,0,0,0,0,0,0,0,0,hoax
0.011067,0.021066,0.027634,0,0,0.010649,0,0,0.014585,0,0,0,0,0,0,0,0,0,0.022349,0.018375,0,0,0,0,0,0,0,0.012586,0.027997,0,0,0,0,0,0,0,0,hoax
0,0.012954,0.016993,0.016993,0.014965,0.052388,0.017404,0,0.017938,0.027178,0,0,0,0,0,0.031243,0,0,0.006872,0,0,0,0,0,0,0,0,0,0,0.010942,0,0,0,0.134196,0,0,0,hoax
0.015581,0.007415,0.019453,0,0,0,0,0,0.010267,0.015556,0,0,0,0,0,0.017882,0,0,0.015733,0,0,0,0,0,0,0,0,0,0,0,0,0,0,0,0,0.014765,0,hoax
0,0,0,0.010871,0.009573,0.008378,0.011133,0,0,0,0,0,0,0,0,0,0,0.018213,0.004396,0,0,0,0,0.013116,0.01839,0,0.007636,0,0,0.013999,0,0,0,0.021462,0,0,0,hoax
0.005776,0.010995,0,0.007212,0.006351,0.016675,0,0,0,0,0.006802,0,0,0,0,0,0,0.024165,0,0,0,0,0,0.008701,0,0.013067,0,0,0,0,0,0,0,0,0,0,0,hoax
0,0.014637,0,0.0192,0.016908,0.014798,0.019664,0,0,0,0,0,0,0,0,0,0.03417,0.032168,0.015528,0,0,0,0,0,0,0,0.013486,0,0,0.024725,0,0,0,0.075812,0,0.029147,0,hoax
0,0,0,0,0,0.018086,0.024034,0,0,0,0.011066,0,0,0,0,0,0,0,0.009489,0,0,0.01318,0.015834,0,0,0,0.008242,0,0,0.007555,0,0.017664,0,0.04633,0,0,0,hoax
0,0.015948,0.034868,0,0,0,0.007142,0.014905,0,0,0,0,0,0,0.010676,0,0,0,0.00282,0,0,0.015667,0,0,0,0.012636,0,0,0,0.00449,0,0,0,0.055071,0,0,0,hoax
0.014802,0.014088,0,0.01848,0.016274,0,0.018927,0.059245,0,0,0,0.026503,0,0,0,0,0,0,0,0,0,0.020759,0,0,0.031263,0,0,0,0,0,0,0,0,0.036485,0,0,0,hoax
0.010965,0.010435,0,0.013689,0.012055,0.01055,0.01402,0,0,0,0,0,0,0,0,0.025168,0,0.045869,0.005536,0.018205,0,0,0,0.033033,0,0,0,0,0,0,0,0,0,0.027026,0,0,0,hoax
0.016917,0.0161,0,0.01056,0.0093,0.024416,0,0.011285,0,0,0.009959,0,0,0,0,0,0,0,0.008541,0,0,0.011862,0,0,0,0,0.014835,0.00481,0,0.006799,0,0,0,0,0,0,0,hoax
0.013305,0.012663,0.016611,0.033223,0.029257,0.025605,0,0.017751,0,0,0,0,0,0,0,0,0,0,0,0,0,0.01866,0,0.020043,0.028102,0,0.023336,0,0,0,0,0,0.031243,0.06559,0,0.025217,0,hoax
0.016222,0.030877,0,0.020252,0.017835,0,0,0,0,0,0,0,0,0,0,0,0.072085,0,0,0,0,0.02275,0,0.024435,0.034261,0.018348,0,0,0.041037,0,0,0,0.038091,0.039983,0,0,0,hoax
0.044268,0.021066,0,0.027634,0.024336,0.074542,0.028301,0,0,0,0.013031,0,0,0,0,0,0,0.023149,0.005587,0,0,0,0,0.033342,0,0,0.009705,0,0,0,0,0.0208,0,0,0,0,0,hoax
0.011171,0.021264,0.013947,0,0,0.042998,0,0.014905,0,0,0,0,0,0,0,0,0,0,0.01128,0,0,0,0,0,0,0,0.02939,0,0,0,0,0,0,0,0,0,0,hoax
0.026711,0,0,0.011116,0.009789,0.008567,0,0,0,0,0.010484,0,0,0,0,0,0,0.037247,0,0,0,0.012487,0.015001,0.013412,0.018805,0,0,0.005063,0,0,0,0.016734,0,0,0,0,0,hoax
0.010297,0,0,0.006428,0.005661,0.004954,0,0,0,0,0,0,0,0,0.009841,0,0.022879,0,0.005199,0.017097,0,0,0,0.007756,0,0,0.004515,0,0,0.004139,0,0.174179,0,0,0,0,0,hoax
0.005263,0.015027,0,0.013141,0.011573,0.005064,0.013459,0,0.006936,0,0.006197,0.009423,0,0,0,0,0,0,0.002657,0.05243,0,0,0,0.007928,0,0,0.018461,0.008978,0,0.004231,0.019303,0.108808,0,0.025945,0,0.019949,0,hoax
0.023683,0.02254,0.029568,0,0,0.034183,0.015141,0,0.046819,0.047289,0,0.021203,0,0,0,0,0.026311,0,0.029892,0.039322,0,0,0.019951,0.017838,0,0,0.031154,0,0,0.009519,0,0,0.027806,0,0,0.022443,0,hoax
0.005457,0.005194,0,0.006813,0.006,0.031505,0,0,0.021576,0,0.006425,0.029312,0,0,0,0,0,0,0.00551,0,0,0,0.009194,0,0.011526,0,0.009571,0.006206,0,0.004387,0,0.010256,0,0,0,0.010342,0,hoax
0.0124,0.011801,0,0.023221,0.02045,0.035794,0.007927,0,0.040855,0,0.0073,0.044403,0,0,0,0,0,0,0.00313,0,0,0,0.010446,0,0.026189,0,0.010874,0.003525,0,0,0,0,0,0,0,0.01175,0,hoax
0.016333,0.007772,0.061176,0.020392,0.026937,0,0.031327,0,0.032289,0.065226,0,0.043868,0.034497,0,0,0,0,0,0,0,0.081722,0,0,0.012302,0.017249,0,0.014324,0.009288,0,0.006565,0,0,0,0,0.030197,0,0.029245,hoax
0.006265,0,0,0,0,0,0,0,0,0,0,0,0,0,0,0,0,0,0.018979,0,0,0,0,0.018876,0,0,0,0.003563,0,0.005037,0,0,0,0,0,0,0,hoax
0.011724,0.005579,0,0.007319,0.006445,0.011282,0,0,0.023178,0,0.006903,0,0,0,0,0,0,0,0.00296,0,0,0,0,0,0.012381,0,0.005141,0,0.01483,0,0,0,0,0,0,0,0,hoax
0.038825,0.006159,0.040394,0,0.007114,0.031132,0.04137,0.051799,0.008528,0,0.022858,0.011586,0,0,0,0.029706,0.014378,0,0,0,0,0.01815,0,0.009747,0,0,0.011349,0,0,0.005202,0.023733,0.012162,0,0,0,0,0,hoax
0,0.020616,0.027044,0,0,0.034739,0.009232,0,0.028548,0,0.008502,0.012928,0,0,0,0,0.032086,0,0.003645,0.011988,0,0.010126,0,0,0,0,0.025328,0,0,0,0.039724,0.013571,0,0.142379,0,0.013685,0,hoax
0.060727,0.014449,0.009477,0.028431,0.016692,0.029216,0.019412,0,0.010004,0,0.008938,0,0,0,0,0.017424,0,0,0.007665,0.025207,0,0.010646,0,0.011435,0,0.008586,0.006657,0,0,0,0.01392,0,0,0,0,0,0,hoax
0.031662,0,0,0.023718,0.020887,0.01828,0.040485,0,0.05842,0,0.014913,0,0,0,0,0,0,0.039737,0.006394,0.021028,0,0,0,0.009539,0.013375,0,0,0,0,0,0.011613,0,0,0,0,0,0,hoax
0.008458,0,0,0,0,0,0,0,0.011147,0,0,0,0,0,0,0,0,0.035385,0.00427,0,0,0,0.028501,0,0,0,0,0.00481,0,0.013599,0,0.031795,0,0,0,0,0,hoax
0.015053,0,0,0.012529,0.01655,0.033797,0.019247,0,0,0,0,0.008984,0,0,0.009591,0,0,0,0,0,0,0.021111,0.008454,0,0,0,0.0088,0,0,0.004034,0,0.009431,0,0,0,0,0,hoax
0.014182,0,0,0.008853,0.007796,0.040938,0.018133,0,0,0,0,0.012696,0,0,0,0,0,0,0.00358,0.011773,0,0,0,0,0,0,0.012437,0.008064,0,0.0057,0,0,0,0,0,0,0,hoax
0.028649,0,0,0.023845,0.020999,0,0.036632,0.025482,0,0,0.011245,0,0,0,0,0,0,0,0.009643,0.047567,0,0,0,0,0,0,0.025124,0.00543,0,0.007677,0,0,0,0,0,0.036199,0,hoax
0.01528,0.014542,0,0.009538,0.0084,0.007351,0.029306,0.010193,0,0,0,0,0,0,0,0,0,0,0.003857,0.101477,0,0,0,0,0,0,0.0067,0.004344,0.019327,0,0,0,0,0,0,0,0,hoax
0.047639,0,0,0,0,0.019645,0.078317,0.027239,0.071754,0,0,0,0,0.045364,0,0.031243,0,0,0.003436,0,0,0,0,0.010252,0,0,0.023873,0.015479,0,0.005471,0,0,0,0,0,0,0,hoax
0.00731,0.006957,0,0,0,0.014067,0,0,0,0.007298,0.004303,0,0,0,0,0,0,0,0.00369,0.006068,0,0,0.006158,0,0,0,0.022436,0,0,0.008814,0,0.013738,0.008582,0,0,0,0,hoax
0.010165,0.009674,0,0,0,0.00489,0,0,0,0,0,0,0,0,0,0,0,0,0.010263,0.025315,0,0,0,0,0,0,0.013371,0,0,0.008171,0,0,0,0,0,0.009632,0,hoax
0,0,0.07392,0,0,0.056972,0.025235,0,0,0.078815,0,0,0,0,0,0,0,0,0,0,0,0,0,0,0,0,0.017308,0,0,0.031731,0,0,0,0.145939,0,0,0,hoax
0.018503,0.01761,0.05775,0.01155,0.010172,0.017804,0.023658,0,0,0.055417,0.021786,0,0,0,0,0,0,0,0.014012,0,0,0,0.015587,0,0,0,0.024339,0,0,0.007437,0,0,0,0.022803,0,0,0,hoax
0.023219,0.022098,0,0,0,0.011171,0.014844,0,0,0,0,0,0,0.077385,0,0,0,0,0,0,0,0,0.01956,0,0.02452,0,0.010181,0.006601,0.02937,0,0,0,0.054522,0,0,0,0,hoax
0.016562,0,0.020677,0,0.009105,0.047808,0.010588,0,0,0,0,0,0,0.018399,0,0,0,0.017321,0,0,0,0,0,0.012474,0.01749,0.009367,0,0.004709,0.020949,0.013314,0,0,0,0,0,0.015695,0,hoax
0.017329,0.010995,0.050482,0.021635,0.019053,0.022233,0.014772,0.007707,0,0,0,0.010343,0,0.038504,0,0.053036,0,0,0.014581,0.009591,0,0.024303,0,0.008701,0,0.006534,0.005066,0,0,0,0,0,0,0,0,0,0,hoax
0.010208,0.048578,0.063725,0,0,0.019645,0,0.040859,0,0.020383,0,0,0,0.022682,0,0.046864,0,0,0,0,0,0.014317,0.017199,0,0,0,0.017904,0,0,0.008206,0,0.019186,0,0,0,0.019348,0,hoax
0.006471,0.006159,0.008079,0,0,0,0,0,0,0,0,0,0,0.100643,0,0,0,0,0.003267,0,0,0.009075,0,0,0,0,0,0,0.01637,0.005202,0,0,0,0,0,0,0,hoax
0.014802,0.014088,0.03696,0,0.008137,0.021364,0.009463,0.009874,0,0.044334,0.008715,0.026503,0,0,0,0,0,0,0.003736,0,0,0.01038,0,0,0,0,0.00649,0,0.018723,0,0,0,0,0,0,0,0,hoax
0.075356,0.030737,0.0672,0,0.011836,0,0,0,0.042563,0.04299,0,0.019275,0,0,0,0,0,0.022518,0,0,0,0.015098,0.018137,0.016216,0,0,0,0.018364,0,0.008654,0,0,0,0,0,0,0,hoax
0.010573,0,0.0132,0,0.011625,0,0.027038,0.028212,0.013934,0,0,0.056793,0,0.093967,0,0,0,0,0.016013,0.017555,0,0,0,0,0,0,0.009272,0,0,0.016999,0,0,0,0,0,0.020039,0,hoax
0.034659,0.010995,0.007212,0,0.006351,0.027791,0.007386,0,0.007613,0.011534,0.013603,0,0,0,0,0,0,0,0.008749,0,0,0,0,0,0,0,0.015197,0.006569,0.014613,0,0,0,0,0,0,0,0,hoax
0.017674,0.008411,0.011033,0.011033,0.009716,0.017006,0.011299,0.01179,0.046586,0,0.010405,0.015823,0,0,0,0,0.019635,0,0.008923,0,0,0,0,0,0,0,0,0.005025,0,0.007104,0,0.049827,0,0,0,0,0,hoax
0.033514,0,0.027895,0,0.012283,0.064496,0.014284,0,0.014723,0,0.013154,0.020002,0,0.024822,0,0,0,0,0.00564,0,0,0.015667,0,0.016828,0,0,0.019594,0,0,0.00898,0,0,0,0,0,0,0,hoax
0.010965,0,0.034222,0,0,0.005275,0.01402,0,0,0,0.006455,0,0,0.048724,0,0.037751,0,0.022935,0,0,0,0,0.009237,0,0,0,0,0,0,0,0.010054,0.020608,0.012873,0,0,0,0,hoax
0.038199,0.024237,0.047691,0.015897,0.013999,0.036756,0,0,0,0.025424,0,0.022799,0,0.056583,0,0,0,0,0,0,0,0,0,0,0,0,0.011166,0,0,0,0,0,0.029899,0,0,0.024132,0,hoax
0,0.015873,0.041645,0,0,0.032097,0.010663,0,0,0.033302,0.009819,0.074657,0,0.111173,0,0,0.018529,0,0,0,0,0,0.0281,0,0,0,0.014626,0,0,0,0,0,0,0,0,0.03161,0,hoax
0,0,0.025786,0,0,0,0.017606,0.009185,0,0,0.008107,0.024654,0,0.015297,0,0,0,0,0,0,0,0,0,0,0,0.007787,0.006038,0.00783,0,0,0.025251,0,0,0,0,0,0,hoax
0.02153,0.010246,0.01344,0,0,0.010358,0,0.028725,0,0,0,0.019275,0,0.119595,0,0,0.023919,0,0,0,0,0.030195,0,0,0,0,0.018881,0.006121,0,0.008654,0,0,0,0,0,0.020403,0,hoax
0.028195,0,0.093867,0.011733,0.010333,0.009043,0,0.025077,0,0.150124,0.011066,0.016827,0,0,0,0,0.020882,0,0.009489,0.031208,0,0,0,0,0,0,0.008242,0,0,0,0,0,0.110342,0,0,0,0,hoax
0.038614,0.03675,0.144627,0,0.014152,0.012385,0,0.017173,0,0,0,0,0,0,0.024602,0.177267,0,0,0.006498,0,0,0,0,0,0,0,0,0,0,0.010347,0,0,0,0,0,0,0,hoax
0,0.006332,0,0,0,0.019204,0.008506,0,0,0,0,0.011912,0,0.088688,0,0,0.014781,0,0.006717,0,0,0,0,0.010021,0,0,0,0,0,0.005348,0,0,0.062486,0,0,0,0,hoax
0,0.009974,0.026167,0,0,0,0.013399,0.041944,0,0.041849,0,0.018763,0,0.046568,0,0,0,0,0,0,0,0,0,0,0,0,0,0.005959,0,0.008424,0,0.019696,0,0,0,0,0,hoax
0.02942,0.028,0,0,0.008087,0.014154,0,0.019626,0.009693,0,0,0.013169,0,0.016342,0,0,0,0,0.007427,0.024424,0,0,0,0.022159,0,0,0.00645,0.008365,0,0.005913,0,0.013824,0.017271,0,0,0,0,hoax
0,0.010063,0,0,0,0,0,0,0,0,0,0,0,0,0.010104,0,0,0,0,0,0,0,0,0,0.011165,0,0.009272,0,0.013374,0,0,0,0,0,0,0,0,hoax
0,0,0,0.006974,0,0,0,0,0,0,0,0,0,0,0.010676,0,0,0,0,0,0,0.007834,0,0,0,0,0,0.003176,0,0,0,0,0,0,0,0,0,no_hoax
0,0,0,0,0,0,0,0,0,0,0,0,0,0,0,0,0,0,0,0,0,0.009827,0,0,0,0,0,0.003984,0,0.005633,0,0,0,0,0.012954,0,0.012546,no_hoax
0,0,0,0,0,0,0,0,0,0,0,0,0,0,0,0,0,0,0,0,0.013072,0,0,0,0,0,0,0.0026,0,0.007351,0,0,0,0,0.008453,0,0.008186,no_hoax
0,0,0,0,0,0,0,0,0,0,0,0,0,0,0,0,0,0,0,0,0,0.010065,0,0,0,0,0,0.004081,0,0.011538,0,0,0,0,0.013268,0,0.01285,no_hoax
0,0,0,0,0,0,0,0,0,0,0,0,0,0,0,0,0,0,0,0,0,0,0,0,0,0,0,0,0,0,0,0,0,0,0,0,0,no_hoax
0,0,0,0,0,0.009115,0,0,0.012485,0,0,0,0,0,0,0,0,0,0,0,0,0,0,0,0,0.010715,0,0.010774,0,0,0,0,0,0,0,0,0,no_hoax
0,0,0,0,0,0,0,0,0,0,0,0,0,0,0,0,0,0,0,0,0,0,0,0,0,0,0,0.014176,0,0.01002,0,0,0,0,0,0,0,no_hoax
0,0,0,0,0,0,0,0,0,0,0,0,0,0,0,0,0,0,0.004123,0,0,0,0,0,0,0,0,0.009288,0,0.006565,0,0,0,0,0,0,0,no_hoax
0,0,0,0,0,0,0,0,0,0,0,0,0,0,0,0,0,0,0.003857,0,0,0,0,0,0,0,0,0.008688,0,0.006141,0,0,0,0,0,0,0,no_hoax
0,0,0,0,0,0,0,0,0,0,0,0,0,0,0,0,0,0,0.017379,0,0,0,0,0,0,0,0.018113,0.003915,0,0,0,0,0,0,0,0,0,no_hoax
0,0,0,0,0,0,0,0,0,0,0,0,0,0,0,0,0,0,0,0,0.011675,0,0,0,0,0,0,0.004644,0,0.01313,0,0,0,0,0.015098,0,0.014623,no_hoax
0,0,0,0,0,0,0,0,0,0,0,0,0,0,0,0,0,0,0,0,0,0.00933,0,0,0,0,0.005834,0.007566,0,0.010696,0,0,0,0,0.012299,0,0.011912,no_hoax
0.019736,0.018784,0.01232,0,0,0.009495,0.025235,0.065828,0.065027,0,0.011619,0.053007,0,0,0,0,0,0,0.004982,0,0.028214,0.041518,0,0.014865,0,0,0.008654,0.005611,0,0.015865,0,0,0,0,0,0,0,no_hoax
0.021146,0,0,0,0.038749,0,0,0.018808,0.074317,0,0.0083,0,0,0,0,0,0,0,0,0,0,0,0,0.010618,0,0,0,0,0,0,0,0,0,0,0,0,0,no_hoax
0,0,0.010992,0,0.00484,0,0.005629,0.017619,0,0,0.010367,0,0,0,0,0.010104,0,0,0.006667,0,0,0.006174,0.007417,0,0,0,0,0,0,0,0.072654,0.008274,0,0,0,0.008343,0,no_hoax
0.005559,0,0.006941,0,0,0,0.042651,0,0.014654,0,0.006546,0,0,0,0,0,0,0,0.014034,0,0,0,0,0,0,0,0,0,0,0,0,0,0,0,0,0,0,no_hoax
0.016002,0.007615,0,0.009989,0.008797,0,0,0.010675,0.052725,0,0.018842,0,0,0,0.015293,0,0,0,0.008079,0,0,0,0,0,0,0,0,0,0,0.006432,0,0.015038,0,0,0,0,0,no_hoax
0,0.028175,0,0,0,0.028486,0,0,0.019508,0,0,0.026503,0,0,0,0,0,0,0.014946,0,0,0,0,0.022297,0,0,0.012981,0.033667,0,0,0,0.166922,0,0.145939,0,0,0,no_hoax
0,0,0,0,0,0,0,0.007181,0,0,0,0,0,0,0,0,0,0,0.008152,0.008937,0,0.007549,0.018137,0,0,0,0.018881,0.006121,0,0.004327,0,0.060699,0,0,0,0,0,no_hoax
0,0.0326,0.006109,0,0,0,0,0.006528,0,0,0,0,0,0,0,0,0,0,0.009882,0,0,0,0.008244,0.014742,0,0,0.017165,0.008347,0,0,0,0,0.01149,0,0,0,0,no_hoax
0,0,0,0,0,0,0,0.011879,0,0,0,0,0,0,0,0,0,0,0,0,0.050912,0,0,0,0,0,0,0,0,0,0,0,0,0,0.049382,0,0.047825,no_hoax
0,0.011659,0.015294,0.010196,0.008979,0.003929,0,0.016344,0.005382,0,0.009616,0.014623,0,0.018145,0,0.009373,0,0,0.002062,0,0.011675,0.005727,0,0.012302,0,0,0,0,0,0,0,0,0,0,0.007549,0.007739,0.007311,no_hoax
0,0,0,0.008497,0.007482,0.013097,0,0,0,0,0.008013,0,0,0,0,0,0,0.071176,0.010308,0,0,0.009544,0,0,0,0,0,0,0,0,0,0,0,0,0,0,0,no_hoax
0.007495,0.007133,0.028071,0.018714,0.01648,0,0.028749,0,0,0,0.008825,0,0,0,0,0,0,0,0,0,0,0,0,0.01129,0.015829,0,0,0,0,0,0,0,0,0,0,0,0,no_hoax
0.006401,0.024368,0,0,0,0.018477,0,0,0,0,0,0,0,0,0,0,0,0,0,0,0,0,0.021569,0,0,0,0,0.007279,0,0,0,0.036091,0,0,0,0,0,no_hoax
0,0.010533,0.013817,0,0,0.021298,0,0,0,0,0,0,0.023374,0,0,0,0,0,0,0,0,0,0,0.033342,0,0,0,0,0,0.008896,0,0.083201,0,0,0,0.020975,0,no_hoax
0.04155,0.003295,0.012969,0.004323,0.003807,0.009995,0.030991,0,0,0,0,0,0,0,0,0,0,0,0.001748,0.005749,0,0.004856,0,0,0,0,0.003036,0,0,0,0,0.052061,0,0,0,0,0,no_hoax
0,0,0,0,0,0,0,0,0,0,0,0,0,0,0.00823,0,0,0,0,0,0,0,0,0,0,0,0,0,0,0,0,0,0,0,0,0,0,no_hoax
0,0,0,0,0,0,0,0.008061,0,0,0,0,0,0,0,0,0,0,0,0.020062,0.025911,0,0,0.009101,0,0,0,0,0,0,0,0,0,0,0,0,0,no_hoax
0,0,0,0,0,0,0,0,0,0,0,0,0,0,0,0,0,0,0.003397,0,0.019237,0,0,0,0,0,0,0,0,0,0,0,0,0,0,0,0,no_hoax
0,0,0,0,0,0,0,0,0,0,0,0,0,0,0,0,0,0,0,0,0,0,0,0,0,0.008929,0,0,0,0,0,0,0,0,0,0,0,no_hoax
0,0,0,0,0,0,0,0,0,0,0,0,0,0,0,0,0,0,0.00421,0,0,0,0,0.006281,0,0.009432,0,0.002371,0,0,0,0,0,0,0,0,0,no_hoax
0,0,0,0,0,0,0,0,0,0,0,0,0,0,0,0,0,0,0,0,0.022421,0,0,0,0,0,0.006877,0,0,0,0,0,0,0,0.014498,0,0.014041,no_hoax
0,0,0,0,0,0.016756,0,0,0,0,0,0,0,0,0,0,0,0,0,0,0,0,0,0,0,0,0,0.009902,0,0,0,0,0,0,0,0,0,no_hoax
0,0,0,0.013689,0.012055,0.005275,0,0,0,0,0,0,0,0,0,0,0,0,0,0,0,0,0,0,0,0,0.004808,0,0,0.013221,0,0,0,0,0,0.01039,0,no_hoax
0,0,0,0,0,0,0,0,0,0,0,0,0,0,0,0,0,0,0.003004,0,0,0,0,0,0,0.006731,0.015655,0,0,0,0,0,0,0,0,0,0,no_hoax
0,0,0,0,0,0,0,0,0,0,0,0,0,0,0.012787,0,0,0,0,0,0,0,0,0,0,0,0,0,0,0,0,0,0,0,0,0,0,no_hoax
0,0,0,0,0,0,0.027867,0,0,0,0,0,0,0,0,0,0,0,0,0,0,0.010189,0,0.021887,0,0,0,0,0,0,0,0,0,0,0,0,0,no_hoax
0,0,0,0,0,0,0,0,0,0,0,0,0,0,0,0,0,0,0.005291,0,0,0,0,0,0,0,0.006127,0,0,0,0,0,0,0,0,0,0,no_hoax
0,0,0,0,0,0,0,0,0,0,0,0,0,0,0,0,0,0,0,0,0,0,0,0,0,0,0,0.003435,0,0,0,0,0,0,0,0,0,no_hoax
0,0,0,0,0,0,0,0,0,0,0,0,0,0,0,0,0,0,0.002833,0,0,0,0,0.008454,0,0.006348,0.004922,0,0,0.004511,0,0,0,0,0,0,0,no_hoax
0,0,0,0,0,0,0,0,0,0,0,0,0,0,0,0,0,0,0,0,0,0.007653,0,0,0,0,0,0,0,0,0,0,0,0,0,0,0,no_hoax
0,0,0,0,0,0,0,0,0,0,0,0,0,0,0,0,0,0,0,0,0,0,0,0,0,0,0,0,0,0.004307,0,0,0,0,0,0,0,no_hoax
0,0,0,0,0,0,0,0,0,0,0,0,0,0,0,0,0,0,0.005919,0,0,0,0,0,0,0,0.010282,0.003333,0,0,0,0,0,0,0,0,0,no_hoax
0,0,0,0,0,0,0,0,0,0,0,0,0,0,0,0,0,0,0.004332,0,0,0,0,0,0,0,0.007525,0,0,0,0,0,0,0,0,0.016263,0,no_hoax
0,0,0,0,0,0,0,0,0,0,0,0,0,0,0,0,0,0,0,0,0.015674,0.007689,0,0,0,0,0.004808,0,0,0,0,0,0,0,0.020271,0,0.019632,no_hoax
0,0,0,0,0,0.00633,0,0,0,0.006568,0.003873,0,0,0,0,0,0,0,0.008303,0,0,0.009226,0,0,0,0,0.011538,0,0,0,0.006032,0.012365,0,0,0,0,0,no_hoax
0,0.006669,0,0.008748,0.007704,0,0.00448,0,0.004617,0,0.004125,0,0,0,0,0,0,0,0.001769,0,0,0.004913,0,0,0,0,0.003072,0,0,0,0,0,0,0,0,0,0,no_hoax
0,0,0,0,0,0,0,0,0,0,0,0,0,0,0,0,0,0,0.002481,0,0,0,0,0,0,0,0,0,0,0,0,0,0,0,0,0,0,no_hoax
0,0,0,0,0,0,0,0,0,0,0,0,0,0,0,0,0,0,0.004461,0.007336,0.018949,0,0,0.006656,0,0,0.003875,0.002512,0,0,0,0,0,0,0.008169,0,0.007911,no_hoax
0.004914,0.009353,0,0.018403,0.016207,0.014184,0.006283,0,0,0,0,0,0,0,0,0,0,0,0,0,0,0,0,0,0.020755,0,0.004309,0,0,0,0,0,0,0.024222,0,0.009313,0,no_hoax
0,0,0,0,0,0.012997,0,0,0,0,0,0,0,0,0,0,0,0,0,0,0,0,0,0,0,0,0,0,0,0,0,0,0,0,0,0,0,no_hoax
0,0,0,0,0,0.012567,0,0,0,0,0,0,0,0,0,0,0,0,0,0,0,0,0,0,0,0,0,0.002476,0,0,0,0,0,0,0,0,0,no_hoax
0,0,0,0,0,0,0,0,0,0,0,0,0,0,0,0,0,0,0.004707,0,0,0,0,0,0,0,0,0.010604,0,0,0,0,0,0,0,0,0,no_hoax
0,0,0,0,0.007038,0,0,0,0,0,0,0,0,0,0,0,0,0,0,0,0,0,0,0,0,0,0.005613,0.014559,0,0,0,0,0,0,0,0,0,no_hoax
0,0,0,0,0,0,0,0,0,0,0,0,0,0,0,0,0,0,0.005485,0,0,0,0,0,0,0,0.004764,0,0,0.004367,0,0,0,0,0,0,0,no_hoax
0,0,0,0,0,0,0,0,0,0,0,0,0,0,0,0,0,0,0.00204,0,0.028888,0,0,0,0,0,0,0.009192,0,0,0,0,0,0,0.007472,0,0.007236,no_hoax
0,0,0,0,0,0,0,0,0,0,0,0,0,0,0,0,0,0,0.0076,0,0,0,0.008454,0,0,0,0,0.002853,0,0,0,0,0,0,0,0.00951,0,no_hoax
0,0,0,0.006212,0,0,0,0,0,0,0,0,0,0,0,0,0,0,0,0,0,0,0,0,0,0,0.006545,0.019804,0,0,0,0,0,0,0,0,0,no_hoax
0,0,0,0,0,0,0,0,0,0,0,0,0,0,0,0,0.02605,0,0.005919,0,0,0,0,0,0,0.013261,0.010282,0.026667,0,0,0,0,0,0,0,0,0,no_hoax
0,0,0,0,0,0,0,0,0,0,0,0,0,0,0,0,0,0,0.01263,0,0,0,0,0,0,0.009432,0,0.023709,0,0,0,0,0,0,0,0,0,no_hoax
0,0,0,0,0,0,0,0,0,0,0,0,0,0,0,0,0,0,0,0,0,0,0,0,0,0.01063,0,0.010688,0,0,0.034469,0,0,0,0,0,0,no_hoax
0,0.005194,0,0,0,0.010502,0,0,0,0,0,0,0,0,0,0,0,0,0,0,0,0,0,0,0,0.012345,0.004786,0.012412,0,0.004387,0,0,0,0,0,0,0,no_hoax
0,0,0,0,0,0,0,0,0,0,0.006769,0,0,0,0,0,0,0,0,0,0,0,0,0,0,0,0,0.006537,0,0.004621,0,0,0,0,0,0,0,no_hoax
0,0,0,0,0,0.007596,0,0,0,0,0,0,0,0,0,0,0,0,0,0,0,0.022143,0,0,0,0,0,0.017956,0,0.012692,0,0,0,0,0,0,0,no_hoax
0,0,0,0,0,0,0,0,0,0,0,0,0,0,0,0,0,0,0.00848,0,0,0,0,0,0.035476,0,0,0.009551,0,0.006751,0,0,0,0,0,0,0,no_hoax
0,0,0,0,0,0,0,0,0,0,0,0,0,0,0,0,0,0,0,0,0,0,0,0,0,0,0,0.004951,0,0.006999,0.015967,0,0,0,0,0,0,no_hoax
0,0,0,0,0,0,0,0,0,0,0,0,0,0,0,0,0,0,0.004181,0,0,0,0,0,0,0,0,0.023544,0,0,0.045557,0,0,0,0,0,0,no_hoax
0,0,0,0,0,0,0,0,0,0,0,0,0,0,0,0,0,0,0.007145,0,0,0,0,0,0,0,0,0.002683,0,0,0,0,0,0,0,0,0,no_hoax
0,0,0,0,0,0,0,0,0,0,0,0,0,0,0,0,0,0,0,0,0,0,0,0,0,0,0,0.002371,0,0,0,0,0,0,0,0,0,no_hoax
0,0,0,0,0,0,0,0,0,0,0,0,0,0,0,0,0,0,0.007764,0,0.065954,0,0,0.023166,0,0,0,0,0,0,0,0,0,0,0.028432,0,0.027536,no_hoax
0,0,0,0,0,0,0.004746,0,0,0,0,0,0,0,0,0,0,0,0,0.012327,0.021227,0,0,0,0,0,0.006511,0.004222,0,0,0,0,0,0,0.006863,0,0.006647,no_hoax
0,0,0,0,0,0,0,0,0,0,0,0,0,0,0,0,0,0,0,0,0,0,0,0,0,0,0,0,0,0,0,0,0,0,0,0,0,no_hoax
0,0,0,0,0,0,0,0,0.008171,0,0,0,0,0,0,0,0,0,0,0.010294,0,0,0,0,0,0,0.005437,0,0,0,0,0,0,0,0,0,0,no_hoax
0,0,0,0,0,0,0,0,0,0,0,0,0,0,0,0,0,0,0,0,0.026764,0.006564,0.007886,0,0,0,0,0,0,0.003763,0,0,0,0,0,0,0,no_hoax
0,0,0,0,0,0,0,0,0,0,0,0,0,0,0,0,0,0,0.002611,0,0.036961,0,0,0,0,0,0,0,0,0.004157,0,0,0,0,0.00956,0,0.009259,no_hoax
0,0,0.009922,0,0,0,0,0,0,0,0,0,0,0,0,0,0,0,0,0,0.022722,0,0,0,0,0.008989,0,0.004519,0,0,0,0,0,0,0.014693,0,0.04269,no_hoax
0,0,0,0,0,0,0,0,0,0,0,0,0,0,0,0,0,0,0.002611,0,0,0,0,0,0,0,0,0.005881,0,0,0,0,0,0,0,0.009801,0,no_hoax
0,0,0,0.005098,0,0,0,0,0,0,0,0,0,0,0,0,0,0,0.002062,0,0.029187,0,0,0,0,0,0.007162,0,0,0,0,0,0,0,0.007549,0,0.007311,no_hoax
0,0.006403,0,0,0,0,0,0,0,0,0,0,0,0,0,0,0,0,0,0,0,0,0,0.010135,0,0.00761,0,0.026781,0,0,0,0,0,0,0,0,0,no_hoax
0,0.005418,0,0,0,0,0,0,0,0,0.006703,0,0,0,0,0,0,0,0.002874,0,0,0,0,0,0,0,0.004993,0,0,0,0,0,0,0,0,0,0,no_hoax
0,0,0,0,0,0,0,0,0,0,0,0,0,0,0,0,0,0,0.002006,0,0,0,0,0,0,0,0,0,0,0,0,0.007469,0,0,0,0,0,no_hoax
0,0,0,0,0,0,0,0,0,0,0,0,0,0,0,0,0,0,0,0,0,0,0,0,0,0.007698,0,0,0,0,0,0,0,0,0,0,0,no_hoax
0,0,0,0,0,0,0,0,0,0,0,0,0,0,0,0,0,0,0,0,0,0,0,0,0,0.009996,0,0,0,0,0,0,0,0,0,0,0,no_hoax
0,0,0,0,0,0,0,0,0,0,0,0,0,0,0,0,0,0,0.002588,0,0.007328,0,0,0,0,0,0,0,0,0.004121,0,0,0,0,0,0,0,no_hoax
0,0,0,0,0,0,0,0,0,0,0.004892,0,0,0,0,0,0,0,0.002098,0,0,0,0.007,0,0,0,0,0,0,0,0,0,0,0,0,0,0,no_hoax
0,0,0,0,0,0,0,0,0,0,0.003031,0,0,0,0,0,0,0,0.0013,0,0,0,0,0,0,0,0.00903,0,0,0,0,0,0,0,0,0,0,no_hoax
0,0,0,0,0,0,0.004326,0,0,0,0,0,0.007146,0,0,0,0,0,0.001708,0,0,0,0,0,0,0,0,0.001924,0,0,0.006204,0,0,0,0,0,0,no_hoax
0,0,0,0,0.007377,0,0,0,0,0,0,0,0,0,0,0,0,0,0,0,0,0,0,0,0,0,0,0.001907,0,0,0,0,0,0,0,0,0,no_hoax
0,0,0,0,0,0,0,0,0,0,0,0,0,0,0,0,0,0,0,0,0,0,0,0,0,0,0,0,0,0,0,0,0,0,0,0,0,no_hoax
0,0,0,0.004863,0.012848,0,0,0,0,0,0,0,0,0,0,0,0,0,0,0,0,0,0,0,0,0,0,0,0,0,0,0,0,0,0,0,0,no_hoax
0,0,0,0,0,0.003724,0,0,0,0,0,0,0,0,0,0,0,0,0,0,0.005532,0,0.00652,0,0,0,0,0.004401,0,0,0.007097,0,0,0,0,0,0.006929,no_hoax
0,0,0,0,0,0,0,0,0,0,0,0,0,0,0,0,0,0,0,0,0,0,0,0,0,0.005192,0,0,0,0,0,0,0,0,0,0,0,no_hoax
0,0,0.007283,0,0,0,0,0,0,0,0,0,0,0,0,0,0,0,0.001473,0,0,0,0,0,0,0,0.002558,0.003317,0,0,0,0,0,0,0,0.005528,0,no_hoax
0,0,0,0,0,0,0,0,0.010838,0,0,0,0,0,0,0,0,0,0,0,0,0,0,0,0,0.009301,0,0.004676,0,0,0,0,0,0,0,0,0,no_hoax
0,0,0,0,0,0,0,0,0,0,0,0,0,0,0,0,0,0,0.007075,0,0,0,0,0,0,0,0,0.003984,0,0,0,0,0,0,0,0,0,no_hoax
0,0,0,0,0,0,0,0,0,0,0,0,0,0,0,0,0,0,0,0,0,0,0,0,0,0.012756,0,0,0,0,0,0,0,0,0,0,0,no_hoax
0,0.010533,0,0,0,0,0,0,0,0,0,0,0,0,0,0,0,0,0,0,0,0,0,0,0,0.006259,0,0,0,0,0,0,0,0,0,0,0,no_hoax
0,0,0,0,0,0,0,0,0,0,0,0,0,0,0,0,0,0,0,0,0,0,0,0,0,0,0,0,0,0,0,0,0,0,0,0,0,no_hoax
0,0.005635,0,0,0,0,0,0,0,0,0,0,0,0,0,0,0,0,0,0,0,0,0,0,0,0,0,0.006733,0,0,0,0,0,0,0,0,0,no_hoax
0,0,0,0,0,0,0,0,0,0,0,0,0,0,0,0,0,0,0.004783,0,0,0,0,0,0,0,0,0.005387,0,0,0,0,0,0,0,0,0,no_hoax
0,0.003695,0,0,0,0,0,0,0,0,0,0,0,0,0,0,0,0,0.00392,0,0,0,0,0,0,0,0,0.008831,0,0,0,0,0,0,0,0,0,no_hoax
0,0,0,0,0,0,0,0,0,0,0,0,0,0,0,0,0,0,0,0,0,0,0,0,0,0,0,0.012866,0,0,0,0,0,0,0,0,0,no_hoax
0,0,0,0,0,0.015092,0,0,0.010335,0,0,0,0,0,0,0,0,0,0.011878,0,0,0,0,0,0,0.00887,0,0.008918,0,0,0,0,0,0,0,0,0,no_hoax
0,0,0,0,0,0,0,0,0,0,0,0,0,0,0,0,0,0,0.004495,0,0,0,0,0,0,0.010071,0,0.020251,0,0,0,0,0,0,0,0,0,no_hoax
0,0,0,0,0,0,0.008554,0,0,0,0.007878,0,0,0,0,0,0,0,0,0,0,0,0,0,0,0,0,0.007608,0,0,0,0,0,0,0,0,0,no_hoax
0,0,0,0,0,0.007166,0,0,0,0,0,0,0,0,0,0,0,0,0.00376,0,0,0.010445,0,0,0,0,0,0.00847,0,0,0,0,0,0,0,0,0,no_hoax
0,0,0,0,0,0,0,0,0,0,0,0,0,0,0,0,0,0,0,0,0,0,0,0,0,0,0,0.012317,0,0,0,0,0.016955,0,0,0,0,no_hoax
0,0,0,0,0,0,0,0,0,0,0,0,0,0,0,0,0,0,0.007764,0,0,0,0,0,0,0.017395,0,0.017489,0,0,0,0,0,0,0,0,0,no_hoax
0,0,0,0,0,0,0,0,0,0,0,0,0,0,0,0,0,0,0,0,0.012922,0,0,0,0,0.010225,0,0.01028,0,0,0,0,0,0,0.016712,0,0.016185,no_hoax
0,0,0,0,0,0,0,0,0,0,0,0,0,0,0,0,0,0,0,0,0.029187,0,0,0,0,0.011547,0,0.011609,0,0,0,0,0,0,0,0,0,no_hoax
0,0,0,0,0,0,0,0,0,0,0,0,0,0,0,0,0,0,0,0,0.014593,0,0,0,0,0.011547,0,0.023219,0,0,0,0,0,0,0.018873,0,0.018278,no_hoax
0,0,0,0,0,0,0,0,0,0,0,0,0,0,0,0,0,0,0,0,0.017099,0,0,0,0,0,0,0.013603,0,0,0,0,0,0,0.022114,0,0.021417,no_hoax
0,0,0,0,0,0,0,0,0,0,0,0,0,0,0,0,0,0,0,0,0.020644,0,0,0,0,0.016334,0,0.024635,0,0,0,0,0,0,0.026698,0,0.025857,no_hoax
0,0,0,0,0,0,0,0,0,0,0,0,0,0,0,0,0,0,0,0,0,0,0,0,0,0.008754,0,0,0,0,0,0,0,0,0,0,0,no_hoax
0,0,0,0,0,0,0,0,0,0,0,0,0,0,0,0,0,0,0,0,0,0,0,0,0,0.00905,0,0.009099,0,0,0,0,0,0,0,0,0,no_hoax
0,0,0,0,0.004413,0,0,0,0,0,0,0,0,0,0,0,0,0,0,0,0,0.00563,0,0,0,0.00454,0,0,0,0,0,0,0,0,0,0,0,no_hoax
0,0,0,0,0,0.007546,0,0,0,0,0,0,0,0,0,0,0,0,0,0,0,0,0,0,0,0.00887,0,0.031215,0,0,0,0,0,0,0,0,0,no_hoax
0,0,0,0,0,0,0,0,0,0,0,0,0,0,0,0,0,0,0,0,0,0,0,0,0,0.00623,0,0.006264,0,0,0,0,0,0,0,0,0,no_hoax
0,0,0.010992,0,0,0,0,0,0,0,0,0.023646,0,0,0,0,0,0,0.002222,0,0,0,0,0,0,0.004979,0.00386,0.005006,0,0,0,0,0,0,0,0,0,no_hoax
0,0,0,0,0,0,0,0,0,0,0,0,0,0,0,0,0,0,0,0.014247,0,0,0,0,0,0,0,0.009759,0,0,0,0,0,0,0,0,0,no_hoax
0,0,0,0,0,0,0,0,0,0,0,0,0,0,0,0,0,0,0.005587,0,0.015821,0,0,0,0,0,0,0.012586,0,0,0,0,0,0,0,0,0,no_hoax
0,0,0,0,0,0,0,0,0,0,0.006309,0,0,0,0,0,0,0,0.008115,0,0.022979,0,0,0,0,0,0,0.003047,0,0,0,0,0,0,0.019812,0,0.019188,no_hoax
0,0,0,0,0,0,0,0,0,0,0,0,0,0,0,0,0,0,0,0,0.037618,0,0,0,0,0,0,0.004988,0,0,0,0,0,0,0.016217,0,0.015706,no_hoax
0,0,0,0,0,0,0,0,0,0,0.0083,0,0,0,0,0,0,0,0,0,0,0,0,0,0,0.007973,0.024725,0,0,0,0,0,0,0,0,0,0,no_hoax
0,0,0,0,0,0,0,0,0,0,0,0,0,0,0,0,0,0,0,0,0,0,0,0,0,0,0,0.00514,0,0,0,0,0,0,0,0,0,no_hoax
0,0,0,0,0,0,0,0,0,0,0,0,0,0,0,0,0,0,0,0,0.013876,0,0,0,0,0,0,0.011038,0,0,0.035599,0,0,0,0,0,0,no_hoax
0,0,0,0,0,0,0,0,0,0,0,0,0,0,0,0,0,0,0.006498,0,0.0184,0,0,0,0,0,0,0.014638,0,0,0,0,0,0,0.023796,0,0.023046,no_hoax
0,0,0,0,0,0,0,0,0.017341,0,0,0,0,0,0,0,0,0,0,0,0,0,0,0,0,0,0,0.014963,0,0,0,0,0,0,0,0,0,no_hoax
0,0,0,0,0,0,0,0,0,0,0,0,0,0,0,0,0,0,0.008265,0.018121,0.007801,0,0,0,0,0,0.014357,0.009309,0,0,0,0,0,0,0,0,0,no_hoax
0,0,0,0,0,0,0,0,0,0,0,0,0,0,0,0,0,0,0.004067,0,0.011516,0,0,0,0,0.009112,0,0.004581,0,0,0,0,0,0,0.014893,0,0.014424,no_hoax
0,0,0,0,0,0,0,0,0,0,0,0,0,0,0,0,0,0,0,0,0.009053,0,0,0,0,0.007163,0,0,0,0,0,0,0,0,0.011707,0.012002,0.011338,no_hoax
0,0,0,0,0,0,0,0,0,0,0,0,0,0,0,0,0,0,0,0,0.009405,0,0,0,0,0.007441,0,0.007482,0,0,0,0,0,0,0.012163,0,0.011779,no_hoax
0,0,0,0,0,0,0,0,0,0,0,0,0,0,0,0,0,0,0,0,0.009301,0,0,0,0,0.007359,0,0.007399,0,0,0,0,0,0,0,0,0,no_hoax
0,0,0,0,0,0,0,0,0,0,0,0,0,0,0,0,0,0,0,0,0,0,0,0,0,0.005953,0,0.002993,0.013314,0,0,0,0,0,0,0,0,no_hoax
0,0,0,0,0,0,0,0,0,0,0,0,0,0,0,0,0,0,0,0,0,0,0,0.011435,0,0.008586,0,0.008633,0,0,0,0,0,0,0,0,0,no_hoax
0,0,0,0,0.013422,0.011747,0,0,0,0,0,0,0,0,0,0,0,0,0,0,0,0,0,0,0,0.013808,0,0.006942,0,0,0,0,0,0,0,0,0,no_hoax
0,0,0,0,0.006414,0,0,0,0,0,0,0,0,0,0,0,0,0,0,0,0,0,0,0,0,0,0,0,0,0,0.010697,0,0,0,0,0,0,no_hoax
0,0,0,0,0,0,0,0,0,0,0,0,0,0,0,0,0,0,0,0,0,0,0,0,0,0.007742,0,0.003892,0,0,0,0,0,0,0,0,0,no_hoax
0,0,0,0,0,0,0,0.013981,0,0,0,0,0,0,0,0,0,0,0,0,0.014981,0,0,0,0,0.011853,0,0,0,0,0,0,0,0,0.019374,0,0.018763,no_hoax
0,0,0,0,0,0,0,0,0,0,0,0,0,0,0,0,0,0,0,0,0.008726,0,0,0,0,0.020713,0,0,0,0,0,0,0,0,0,0,0,no_hoax
0,0,0,0,0,0,0,0,0.009634,0,0,0,0,0,0,0,0,0,0,0,0,0,0,0,0,0.016536,0,0,0,0,0,0,0,0,0,0,0,no_hoax
0,0,0,0,0,0,0,0,0,0,0,0,0,0,0,0,0,0,0.004181,0,0.003946,0.003871,0.004651,0,0,0.003122,0.007262,0.00157,0,0,0,0.036316,0,0,0,0.005232,0,no_hoax
0,0,0,0,0,0,0,0,0,0,0,0,0,0,0,0,0,0,0.004495,0,0.012728,0,0,0,0,0.010071,0.007808,0.015188,0,0,0,0,0,0,0.016461,0,0.015942,no_hoax
0,0,0,0,0,0,0,0,0,0,0,0,0,0,0,0,0,0,0,0,0,0,0,0,0,0.011749,0,0.011813,0,0,0,0,0,0,0,0,0,no_hoax
0,0,0,0,0,0,0,0,0,0,0,0,0,0,0,0,0,0,0.005291,0,0,0,0,0,0,0.011853,0,0.017876,0,0,0,0,0,0,0,0,0,no_hoax
0,0,0,0,0,0.012948,0,0,0,0,0,0,0,0,0,0,0,0,0,0,0,0,0.022672,0,0,0.015221,0,0.022955,0,0,0,0,0,0,0,0,0,no_hoax
0,0,0,0,0,0,0,0,0,0,0,0,0,0,0,0,0,0,0,0,0.019684,0,0,0,0,0.015575,0,0.015659,0,0,0,0,0,0,0.025456,0,0.024654,no_hoax
0,0,0,0,0,0,0,0,0,0,0,0,0,0,0,0,0,0,0.004783,0,0.027085,0,0,0,0,0.010715,0,0.021547,0,0,0,0,0,0,0.017514,0,0.016962,no_hoax
0,0,0,0,0,0,0,0,0,0,0,0,0,0,0,0,0,0,0,0,0.015114,0,0,0,0,0.011959,0,0.012024,0,0,0,0,0,0,0.019547,0,0.018931,no_hoax
0,0,0,0,0,0,0,0,0,0,0,0,0,0,0,0,0,0,0,0,0,0,0,0,0,0.010979,0,0.011038,0,0,0,0,0,0,0,0,0,no_hoax
0,0,0,0,0,0,0,0,0,0,0,0,0,0,0,0,0,0,0.003986,0,0,0,0,0,0,0.008929,0.006923,0.004489,0,0,0,0,0,0,0,0,0,no_hoax
0,0,0,0,0,0,0,0,0,0,0,0,0,0,0,0,0,0,0.003114,0,0.02645,0,0,0,0,0.006976,0.005409,0.007014,0,0,0,0,0,0,0,0,0,no_hoax
0,0,0,0,0,0,0,0,0,0,0,0,0,0,0,0,0,0,0.005386,0,0,0,0,0,0,0.012067,0,0.009099,0,0,0,0,0,0,0.009862,0,0.009551,no_hoax
0,0,0,0,0,0,0,0,0,0,0,0,0,0,0,0,0,0,0,0,0,0,0,0,0,0.008424,0.013062,0,0,0,0,0,0,0,0,0,0,no_hoax
0,0,0,0,0,0.007913,0,0,0,0,0,0,0,0,0,0,0,0,0,0,0,0,0,0,0,0.009301,0,0.009352,0,0,0,0,0,0,0,0,0,no_hoax
0,0,0,0,0,0,0,0,0,0,0,0,0,0,0,0,0,0,0,0,0,0.010126,0,0,0,0,0.006332,0,0,0,0,0,0,0,0,0,0,no_hoax
0,0,0,0,0,0,0,0,0,0,0,0,0,0,0,0,0,0,0,0,0.062367,0.017481,0,0,0,0,0.010931,0.007088,0,0,0,0,0,0,0.011522,0,0.011159,no_hoax
0,0,0,0,0,0,0,0,0,0,0,0,0,0,0,0,0,0,0.002555,0,0,0,0,0,0,0,0.017751,0,0,0,0,0,0,0,0,0,0,no_hoax
0,0,0,0,0,0,0,0,0,0,0,0,0,0,0,0,0,0,0,0,0.069095,0,0,0,0,0,0,0.004581,0,0,0,0,0,0,0.014893,0,0.014424,no_hoax
0,0,0,0,0,0,0,0,0,0,0,0,0,0,0,0,0,0,0.002411,0,0,0.006696,0,0,0,0.027004,0,0,0,0,0,0,0,0,0,0.00905,0,no_hoax
0,0,0,0,0,0,0,0,0,0,0,0,0,0,0,0,0,0,0,0,0,0.0096,0,0,0,0.007742,0,0.015569,0,0,0.012552,0,0,0,0,0,0,no_hoax
0,0,0,0,0,0,0,0,0,0,0,0,0,0,0,0,0,0,0,0,0,0,0,0.005848,0,0.004392,0,0,0,0,0,0,0,0,0,0,0,no_hoax
0,0,0,0,0,0,0,0,0,0,0,0,0,0,0,0,0,0,0,0,0,0,0,0,0,0.00802,0,0.008064,0,0,0,0,0,0,0,0,0,no_hoax
0,0,0,0,0,0,0,0,0,0,0,0,0,0,0,0,0,0,0,0,0,0,0,0,0,0.006731,0,0.003384,0,0,0,0,0,0,0,0,0,no_hoax
0,0,0,0,0,0,0,0,0,0,0.005533,0,0,0,0,0,0,0,0.002372,0,0,0,0,0,0,0.005315,0,0.01336,0,0,0,0,0,0,0,0,0,no_hoax
0,0,0,0,0,0,0,0,0,0,0.009173,0,0,0,0,0,0,0,0.003933,0,0,0,0,0,0,0,0,0.022149,0,0,0,0,0,0,0,0,0,no_hoax
0,0,0,0,0,0,0,0,0.00497,0,0,0,0,0,0.007208,0,0,0.007888,0,0,0,0,0,0,0,0.021328,0,0.010722,0,0,0,0,0,0,0,0,0,no_hoax
0,0,0.008497,0,0,0,0,0,0,0,0,0,0,0,0,0,0,0,0.003436,0,0,0.009544,0,0,0,0.007698,0.005968,0.00774,0,0,0,0,0,0,0,0,0,no_hoax
0,0,0.012424,0,0,0,0,0,0.013115,0,0,0,0,0,0,0,0,0,0,0,0,0,0,0,0,0.022511,0,0.011317,0,0,0,0,0,0,0,0,0,no_hoax
0,0,0,0,0,0,0,0,0.013115,0,0,0,0,0,0,0,0,0,0,0,0,0,0,0,0,0.011256,0,0.005658,0,0,0,0,0,0,0,0,0,no_hoax
0,0,0,0,0,0,0,0,0,0,0,0,0,0,0,0,0,0,0,0,0,0,0,0,0,0.007926,0,0,0,0,0,0,0,0,0,0,0,no_hoax
0,0,0,0,0,0,0,0,0,0,0,0,0,0,0,0,0,0,0,0,0,0,0,0,0,0.012518,0,0,0,0,0,0,0,0,0,0,0,no_hoax
0,0.009163,0,0,0,0.009264,0,0.012845,0,0,0,0,0,0,0,0,0,0,0.00486,0,0,0,0,0,0,0.01089,0,0,0,0,0,0,0,0,0,0,0,no_hoax
0.018648,0.008874,0,0,0,0.017944,0,0,0.012289,0,0,0.016695,0,0,0.017822,0,0,0.039007,0.009415,0.015481,0,0,0,0,0,0,0.008177,0,0,0.007495,0,0,0,0,0,0,0,no_hoax
0.027539,0.017473,0,0.022921,0.020185,0.026498,0,0,0.024196,0,0.043235,0,0,0,0.017545,0,0,0,0.013903,0,0,0.012874,0.015466,0,0,0,0.02415,0.00522,0,0.007379,0,0.017253,0,0,0,0.017398,0,hoax
0.017038,0,0,0,0,0,0.010893,0.022732,0.011228,0,0,0.015254,0,0,0.016283,0,0,0,0,0.014145,0,0,0.014353,0,0,0,0,0.024221,0,0.006848,0,0,0,0,0,0,0,hoax
0.010253,0,0,0,0,0,0,0.006839,0.047292,0,0.018108,0.009179,0,0,0.009798,0,0,0,0.005176,0,0,0.007189,0,0,0.010827,0,0,0,0.012969,0,0.009401,0,0,0,0,0,0,hoax
0,0.01699,0.052004,0.007429,0,0,0,0.007939,0.007842,0.023763,0,0,0,0.026443,0.011374,0,0,0,0,0,0,0,0.020051,0,0,0,0,0,0,0,0,0,0,0,0,0.011278,0,hoax
0,0,0.007486,0,0.003296,0,0.003833,0.015999,0,0,0.00353,0,0,0,0.00573,0.006881,0,0,0.006054,0,0,0.004204,0.005051,0,0,0,0,0,0,0.00241,0.065971,0.005634,0,0,0,0.005682,0,hoax
0.03179,0,0.009922,0,0,0.030589,0.020324,0,0,0,0.009358,0,0,0.017658,0,0,0,0,0.008025,0,0,0,0,0,0,0,0,0,0,0,0,0,0.018662,0,0,0,0,hoax
0.005482,0.010435,0.013689,0,0,0,0,0,0.007225,0.010947,0.006455,0,0,0,0.010479,0,0,0,0.002768,0,0,0,0,0,0,0,0,0,0,0.008814,0.010054,0,0.012873,0,0,0,0,hoax
0.005693,0.016255,0,0.021323,0.018778,0,0,0.007596,0.015006,0,0.006703,0,0,0,0.010882,0,0.012649,0,0.002874,0,0,0,0,0.008576,0,0,0,0,0,0,0,0,0,0,0,0,0,hoax
0,0,0.006974,0,0,0,0.035711,0,0.007362,0,0.006577,0,0,0,0.010676,0,0,0,0.0141,0,0,0,0,0,0.011797,0,0,0,0.014131,0,0,0,0,0,0,0,0,hoax
0.01385,0.013181,0.043228,0,0.022841,0.006663,0.008855,0,0,0.041482,0,0,0,0.046159,0,0,0,0,0.006992,0,0,0,0.023335,0.010432,0,0,0.018219,0.023626,0,0,0,0,0.065044,0,0,0.013125,0,hoax
0.016678,0.015873,0.010411,0.010411,0.009169,0.008024,0,0,0.01099,0,0,0.014931,0,0,0,0,0,0.05233,0,0,0,0.011695,0,0,0,0,0,0.004742,0,0.006704,0,0,0,0,0,0,0,hoax
0.024878,0.004735,0,0,0,0,0,0.013276,0.013115,0,0,0,0.021017,0,0.00951,0,0,0,0.005024,0,0,0,0,0,0,0,0.004363,0,0,0.004,0.009124,0,0,0,0,0,0.008909,hoax
0.050177,0,0,0.025058,0.022067,0,0.051326,0,0.066129,0,0.011816,0,0.04239,0,0,0,0.044595,0,0.010133,0.033324,0,0,0,0,0,0,0.026401,0,0,0.008067,0,0,0,0,0,0.01902,0,hoax
0.012335,0.01761,0,0.0154,0.013562,0.017804,0.007886,0.032914,0.008128,0,0.007262,0.022086,0.026052,0,0,0,0.013704,0,0.006227,0,0,0,0,0.018581,0,0,0.005409,0,0,0.004958,0.01131,0,0.014482,0,0,0.011689,0,hoax
0,0.009016,0,0,0,0,0,0,0,0,0.011155,0,0,0,0.018107,0,0,0,0.014348,0.047187,0,0,0,0.028541,0,0,0,0,0,0.007615,0,0,0,0,0,0,0,hoax
0.018997,0.006027,0,0,0,0,0,0,0.016691,0,0.007456,0,0,0,0.012104,0,0.02814,0.013246,0.012788,0.021028,0,0.008881,0,0.009539,0,0,0.01666,0,0,0.00509,0,0.107116,0.044609,0,0,0,0,hoax
0.005862,0.005579,0,0.007319,0.006445,0.005641,0,0,0,0,0,0,0,0,0,0,0.013025,0,0.00296,0.048666,0,0,0,0,0,0,0.041127,0.006667,0,0.004712,0,0.099161,0,0,0,0,0,hoax
0,0.014637,0,0,0,0,0,0,0,0,0,0,0.064962,0,0.029394,0,0,0,0,0,0,0,0,0,0.032481,0,0,0,0,0,0.084606,0,0,0,0,0,0,hoax
0,0,0,0,0,0,0,0,0,0,0.009959,0,0.017865,0,0.016167,0,0,0,0,0,0,0,0,0.012741,0,0,0,0,0,0.006799,0.077556,0,0,0,0,0,0,hoax
0,0.019772,0.051874,0,0,0,0,0,0,0,0,0,0,0,0.039708,0,0,0,0,0,0,0,0,0,0.043878,0,0,0,0,0,0.15239,0,0,0,0,0,0,hoax
0,0,0,0,0,0,0,0.027239,0,0,0,0,0,0.045364,0,0,0,0,0.010308,0,0,0,0,0,0.043121,0,0,0,0,0,0,0,0,0,0,0,0,hoax
0,0.021264,0.027895,0,0,0,0,0,0,0,0,0,0,0,0,0,0,0,0,0,0,0,0.037643,0,0.047189,0,0,0,0,0,0.040973,0,0,0,0,0.042346,0,hoax
0,0.005194,0,0.006813,0.006,0.015753,0.006978,0,0,0,0,0,0,0,0,0,0,0.011414,0,0,0,0,0,0.00822,0,0,0,0,0,0,0,0,0,0,0,0,0,hoax
0.010573,0,0,0,0,0,0,0.007053,0,0,0.006225,0,0.033496,0,0.010104,0,0,0,0.002669,0,0,0,0,0.007963,0,0,0,0,0,0.00425,0.106639,0,0,0,0,0,0,hoax
0,0.005809,0,0,0,0,0,0,0,0,0.007187,0,0.012892,0,0,0,0,0,0.021571,0.020269,0,0,0,0,0,0,0,0.003471,0,0.004907,0.067162,0,0,0,0,0,0,hoax
0,0.005054,0.039778,0.019889,0.011677,0,0.01358,0.014169,0.006998,0.021206,0,0,0.022431,0,0,0,0,0.011107,0.002681,0.008817,0,0,0,0,0,0,0,0,0,0,0,0,0,0,0,0,0,hoax
0.011332,0,0,0,0,0.005452,0,0,0,0,0.006671,0,0,0,0,0,0,0,0.008581,0,0,0,0,0,0,0,0.004969,0,0,0.004555,0.062341,0,0,0,0,0,0,hoax
0.027863,0,0,0,0,0,0,0,0,0,0,0,0,0,0,0,0,0,0,0,0,0,0,0,0,0,0,0,0,0.011199,0,0,0,0,0,0,0,hoax
0,0,0,0,0,0,0,0,0,0,0,0,0,0,0.014235,0,0.016548,0,0,0.049462,0,0,0,0,0,0,0.013062,0,0,0.005987,0,0,0,0,0,0,0,hoax
0.015182,0.007224,0.047385,0,0,0.007304,0,0.010127,0,0.015157,0.008938,0,0,0,0,0.017424,0,0,0.007665,0,0,0,0.025578,0,0.048097,0,0,0.004316,0.038407,0,0.01392,0,0,0,0,0,0,hoax
0.006845,0.006515,0,0.008546,0.007526,0.013173,0.008752,0.036529,0,0,0.00806,0,0,0.015209,0,0,0.030417,0,0.006911,0,0,0,0,0,0,0,0.024011,0,0,0,0,0,0.032146,0,0,0,0,hoax
0.027539,0.006552,0.051572,0.017191,0.015139,0.039748,0.026409,0.009185,0.018147,0,0,0.012327,0,0.061188,0,0,0.030594,0,0.010427,0,0,0,0,0.010371,0,0,0.030188,0,0,0.005534,0,0,0,0,0,0,0,hoax
0.01385,0.006591,0.034583,0.008646,0.007614,0.006663,0.008855,0.009239,0.009127,0.013827,0.008154,0,0,0.030773,0,0,0,0,0,0,0,0,0.011667,0,0,0,0,0.011813,0,0,0,0,0.065044,0,0,0,0,hoax
0.031438,0.019947,0,0.013083,0.023043,0.040334,0,0,0.041433,0,0,0,0,0,0,0,0,0,0.015872,0,0,0,0,0,0,0.011853,0.02757,0,0,0.025272,0,0,0,0,0,0,0,hoax
0.007495,0,0.046785,0,0,0.021635,0.019166,0.019998,0,0.014965,0.008825,0,0,0,0,0,0.016652,0,0.015135,0,0,0.010511,0.012627,0.01129,0,0,0,0.004262,0,0.006025,0.013744,0.014086,0,0,0,0,0,hoax
0,0,0,0,0,0,0,0.029809,0,0,0,0,0.094379,0,0,0,0,0,0.01128,0,0,0.031335,0,0,0,0,0,0,0,0,0,0,0,0,0,0,0,hoax
0,0.018276,0.047948,0.023974,0.021113,0.006159,0,0.00854,0,0.038343,0.007537,0,0,0.028444,0,0,0,0,0.006463,0,0,0.017954,0.010784,0,0,0,0,0,0,0,0.011738,0,0.030061,0,0,0,0,hoax
0.017079,0,0.06397,0.014215,0.012519,0.016434,0,0.007596,0.007503,0,0.006703,0.010194,0,0,0,0,0,0,0.014371,0.018905,0,0,0,0,0,0,0,0.006474,0,0.009153,0,0,0,0,0,0,0,hoax
0.00854,0,0.010662,0,0,0.005478,0,0,0,0.005684,0.003352,0,0,0.006325,0,0,0,0,0.002874,0,0.004069,0.007984,0.004796,0,0,0,0.004993,0,0,0,0,0,0,0,0,0,0,hoax
0,0.031306,0,0,0,0,0,0,0.021676,0,0,0,0.138946,0,0.031436,0,0,0,0,0.027307,0,0,0,0,0,0,0,0.009352,0,0.013221,0,0,0,0,0,0,0,hoax
0,0.023727,0,0,0,0,0,0,0,0,0,0,0.105307,0,0,0,0,0,0,0.041392,0,0,0,0.018777,0,0,0.010931,0,0,0.01002,0,0,0,0,0,0,0,hoax
0,0.01127,0,0,0,0,0,0,0,0,0,0,0.075031,0,0.022634,0,0.026311,0.024769,0,0.039322,0,0,0,0.017838,0,0,0.010385,0,0,0.009519,0.021716,0,0,0,0,0,0,hoax
0,0,0,0,0,0,0,0,0,0,0.009173,0,0.016454,0,0.014891,0,0.01731,0,0.003933,0.02587,0,0,0,0,0.016454,0,0.006832,0,0,0,0.014287,0,0,0,0,0,0,hoax
0.019958,0.012663,0.024917,0,0.021943,0.012803,0,0.017751,0.008768,0.013283,0,0.011912,0,0,0.012716,0.03054,0,0,0.003359,0,0,0,0.022417,0.010021,0,0.007525,0,0.003783,0,0.005348,0,0.012504,0.015621,0,0,0,0,hoax
0,0.006591,0.008646,0,0,0,0,0,0,0,0,0,0,0,0,0,0,0.014485,0.003496,0,0,0,0.116673,0,0,0,0,0,0,0,0,0,0,0,0,0,0,hoax
0.009951,0,0,0,0,0.009575,0,0.039829,0,0,0.023434,0,0.063051,0,0.01902,0,0,0,0.015072,0,0,0,0,0,0,0,0,0,0,0.007999,0,0,0,0,0,0,0,hoax
0.007842,0.022391,0,0,0,0.030184,0,0.020926,0.010335,0,0.009234,0,0,0.052273,0,0.018001,0,0.032807,0.011878,0,0,0.010998,0,0,0,0,0,0,0,0,0.028762,0,0,0,0,0.014863,0,hoax
0.012871,0.006125,0,0.01607,0.014152,0.018578,0.024687,0,0,0,0,0,0,0,0.012301,0.014772,0,0.026923,0,0,0,0,0,0,0,0,0,0.032935,0,0.005173,0,0,0,0,0,0,0,hoax
0.019736,0.018784,0.01232,0,0,0.009495,0.025235,0.065828,0.065027,0,0.011619,0.053007,0,0,0,0,0,0,0.004982,0,0.028214,0.041518,0,0.014865,0,0,0.008654,0.005611,0,0.015865,0,0,0,0,0,0,0,hoax
0,0.01932,0,0.008448,0.00744,0,0,0,0,0,0,0,0.08575,0,0,0,0,0,0.006832,0.033705,0,0.00949,0,0,0,0,0.011868,0.007695,0,0,0.024818,0,0,0,0,0.012825,0,hoax
0,0.025614,0.042,0,0.014795,0.006474,0.008603,0.044883,0.026602,0.053738,0.007922,0,0,0,0,0.015444,0,0,0,0,0,0,0.011336,0,0,0,0,0,0,0.005409,0,0,0.015799,0,0,0,0,hoax
0.02493,0.011863,0,0,0,0.017991,0.007969,0.01663,0,0,0.007339,0,0,0.013848,0,0.014306,0,0,0.003147,0.020696,0.026729,0,0.010501,0,0,0,0,0,0,0.00501,0,0,0,0,0.023045,0.011812,0.022319,hoax
0.032667,0.007772,0,0.020392,0.017958,0,0.020885,0,0,0,0.009616,0,0,0,0,0.009373,0,0.008541,0.010308,0,0,0,0,0,0,0,0.003581,0,0,0,0.014976,0,0,0,0,0,0,hoax
0.020535,0.013029,0,0.017091,0.015051,0.026345,0,0,0.009021,0,0,0.012256,0.072284,0,0,0,0,0,0.003456,0.011365,0,0.019199,0,0,0.014457,0,0.006003,0,0,0.011005,0,0,0,0,0,0.012973,0,hoax
0.008519,0.012162,0.010636,0,0,0.004099,0,0.022732,0.005614,0,0.005016,0,0.008997,0,0,0,0,0,0.006451,0,0,0,0.007177,0.006417,0,0,0,0,0,0.003424,0.007811,0,0,0,0,0,0,hoax
0.034683,0.004716,0.006186,0.006186,0.010895,0,0.012671,0.00661,0.01306,0.009893,0,0,0.010465,0,0.00947,0,0.011009,0.010364,0.002501,0,0,0,0.025043,0.014927,0.010465,0,0.013035,0,0,0,0,0,0,0.012212,0,0,0,hoax
0.008837,0.008411,0.011033,0.011033,0.009716,0.034013,0,0,0,0,0,0,0,0,0.016891,0,0,0,0.004461,0,0,0,0.014889,0.013312,0.018664,0,0,0,0.022356,0.014208,0,0.016609,0,0,0,0,0,hoax
0,0,0.07392,0,0,0,0.037853,0,0,0,0,0,0,0,0.028292,0.135905,0,0,0,0,0,0.041518,0,0,0.031263,0,0,0,0.074893,0.011899,0,0,0,0.072969,0,0,0,hoax
0.02153,0,0.01344,0,0,0,0.013765,0,0.028375,0.021495,0,0.019275,0.022737,0,0,0,0.023919,0,0.005435,0.035748,0,0.015098,0,0,0.022737,0,0.018881,0,0.027234,0,0,0,0,0,0,0.020403,0,hoax
0.024843,0,0.010339,0,0,0,0,0,0,0,0.019501,0,0,0,0,0,0,0,0.008361,0,0,0,0,0.012474,0,0,0.014524,0,0,0.006657,0,0,0,0,0,0.015695,0,hoax
0.020775,0,0,0.004323,0.003807,0,0.004427,0,0,0,0,0,0,0,0,0,0,0,0.001748,0,0.034648,0.004856,0,0,0,0,0,0,0,0.002783,0.00635,0.006508,0.00813,0,0,0,0,hoax
0.026315,0,0,0.016427,0.014466,0,0,0,0.017341,0,0.015493,0.023558,0,0,0,0,0,0.082565,0.013285,0,0,0.055358,0,0,0,0,0,0,0,0.010577,0,0,0,0,0,0,0,hoax
0.015789,0.007513,0,0.009856,0.00868,0,0,0.010533,0.052022,0,0.018591,0,0,0,0.015089,0,0,0,0.007971,0,0,0,0,0,0,0,0,0,0,0.012692,0,0.014837,0,0,0,0,0,hoax
0.013931,0.008839,0.052179,0,0,0.004468,0.005938,0,0,0.03709,0,0,0,0.041272,0.008876,0,0,0,0.004689,0,0,0.006513,0.046944,0,0,0,0.004072,0,0,0.003733,0,0,0,0,0,0.008801,0,hoax
0,0.013914,0.009126,0.009126,0.008037,0.028134,0.018693,0,0.009634,0,0,0.013088,0,0,0,0,0,0,0.011071,0,0,0,0,0.011011,0,0.008268,0.00641,0,0,0.005876,0,0,0,0,0,0.027708,0,hoax
0,0.004943,0,0,0,0,0,0.006929,0,0,0,0,0,0,0,0,0,0,0.002622,0,0,0,0,0.023471,0,0,0.004555,0,0,0.004175,0,0,0,0,0,0,0,hoax
0.010035,0.009551,0,0,0,0,0,0,0,0,0.023633,0,0,0,0.019181,0,0,0,0,0,0,0,0,0.015117,0,0,0.017601,0,0,0.016134,0,0,0,0,0,0,0,hoax
0.01062,0.005054,0,0.013259,0.011677,0.010219,0,0.007085,0,0,0,0.009508,0,0,0,0,0,0.011107,0.002681,0,0,0,0,0,0,0,0,0,0,0,0,0,0,0,0,0,0,hoax
0.019986,0.004755,0,0,0.005493,0.048077,0,0,0,0,0.005883,0,0,0,0,0,0,0.020902,0.005045,0,0,0,0,0.007527,0,0,0.008763,0,0,0,0,0,0,0,0,0,0,hoax
0.015931,0.010108,0.019889,0,0.017515,0.010219,0,0.014169,0.006998,0.010603,0,0.009508,0,0,0.01015,0.024378,0,0,0.002681,0,0,0,0.017893,0.007999,0,0.006006,0,0.003019,0,0.004269,0,0.00998,0.012469,0,0,0,0,hoax
0.037005,0.008805,0.03465,0.0231,0.020343,0.062313,0,0,0,0.018472,0.010893,0,0,0,0,0,0,0.019351,0.004671,0,0,0,0,0.013936,0.058618,0,0,0,0,0,0,0.017388,0,0,0,0,0,hoax
0,0,0,0.00766,0.006746,0,0.007845,0.008186,0,0,0,0,0,0.040898,0.011727,0,0.013633,0,0.006195,0,0,0,0,0.009242,0,0,0.005381,0,0,0.004932,0,0,0,0,0,0,0,hoax
0.035884,0.025614,0,0.0336,0.02959,0,0.011471,0.047875,0.035469,0,0,0.016063,0,0,0.017147,0,0,0.018765,0.004529,0,0,0.012581,0,0,0,0,0,0,0,0,0,0,0,0,0,0,0,hoax
0,0.011905,0,0,0,0.012036,0,0.011126,0,0,0.009819,0,0.008806,0,0,0,0,0,0.006315,0,0,0,0.007025,0.006281,0,0.004716,0,0,0,0,0.022939,0,0,0,0,0,0,hoax
0,0,0,0,0.009573,0,0,0,0.011475,0,0,0,0,0,0,0,0,0,0.004396,0,0.012447,0,0,0,0,0,0.007636,0,0,0,0,0,0,0,0,0,0,hoax
0,0,0,0,0,0,0,0,0,0,0,0,0,0,0,0,0,0,0.00564,0,0,0,0,0,0,0,0.009797,0,0,0,0,0,0,0,0,0,0,no_hoax
0,0,0,0,0,0,0,0,0,0,0,0,0,0,0,0,0,0,0.011878,0,0,0,0,0,0,0,0.013754,0,0,0,0,0,0,0,0,0.029726,0,no_hoax
0,0,0,0,0,0,0,0,0.011913,0,0,0,0,0,0,0,0,0,0,0,0,0,0,0,0,0.010225,0,0,0,0,0,0,0,0,0,0,0,no_hoax
0,0,0,0,0,0.004933,0.006555,0.006839,0,0,0.006036,0,0,0,0,0,0,0,0.007764,0,0,0,0,0,0,0,0,0,0,0,0,0,0,0,0,0,0,no_hoax
0,0,0,0,0,0,0,0,0,0,0,0,0,0,0,0,0,0,0.003359,0,0,0,0,0,0,0,0.017502,0.003783,0,0,0,0,0,0,0,0,0,no_hoax
0,0,0,0,0,0,0.00701,0,0,0,0,0,0,0,0,0,0,0,0,0,0,0.007689,0.009237,0.008258,0,0,0.009615,0.003117,0,0.004407,0,0,0,0,0,0,0,no_hoax
0,0,0,0,0,0,0,0,0,0,0,0,0,0,0,0,0,0,0.002239,0,0,0,0,0,0,0,0,0.007566,0,0.003565,0,0,0,0,0,0,0,no_hoax
0,0,0,0,0,0,0,0,0,0,0,0,0,0,0,0,0,0,0.004332,0,0,0,0,0,0,0,0,0,0,0.006898,0.015736,0,0,0,0,0,0,no_hoax
0,0,0,0,0,0,0,0,0,0,0,0,0,0,0,0,0,0,0,0,0,0,0,0.012562,0,0,0,0.037935,0,0,0,0,0,0,0,0,0,no_hoax
0,0,0,0,0,0,0,0,0,0,0,0,0,0,0,0,0,0,0,0,0,0,0,0,0,0,0,0.021308,0,0,0,0,0,0,0,0,0,no_hoax
0,0,0,0,0,0,0.011471,0,0,0,0,0,0,0,0,0,0,0,0,0,0,0,0,0,0,0,0,0.030607,0,0,0,0,0,0,0,0,0,no_hoax
0,0,0,0,0,0,0,0,0,0,0,0,0,0,0,0,0,0,0.002577,0.008475,0.036483,0,0,0.015378,0,0,0.004476,0.002902,0,0,0,0,0,0,0.009436,0,0.009139,no_hoax
0,0,0,0,0.008188,0.007166,0,0.009936,0,0,0,0,0,0,0,0,0,0,0.00376,0,0.010647,0,0,0,0,0,0,0,0,0,0,0,0,0,0,0,0,no_hoax
0,0,0,0,0,0,0,0,0.008918,0,0,0,0,0,0,0,0,0,0,0,0.009673,0.00949,0,0,0,0,0.005934,0,0,0,0,0,0,0,0.01251,0,0.012116,no_hoax
0,0,0,0,0,0,0,0,0,0,0,0,0,0,0,0,0,0,0,0,0.026659,0,0,0,0,0,0,0.010604,0,0,0,0,0,0,0,0,0,no_hoax
0.004756,0,0,0,0,0,0,0,0,0,0,0,0,0,0,0,0,0,0.004802,0,0.020395,0,0,0,0,0,0,0.002704,0,0,0,0,0,0,0,0,0,no_hoax
0,0,0,0,0,0,0,0,0,0,0.009819,0,0,0,0,0,0,0,0.01263,0,0,0,0,0,0,0,0,0.004742,0,0,0,0,0,0,0,0,0,no_hoax
0,0,0,0,0,0,0,0,0,0,0,0,0,0,0,0,0,0,0,0,0,0,0,0,0,0.009777,0.00758,0,0,0,0,0,0,0,0,0,0,no_hoax
0,0,0.010791,0,0,0,0,0,0,0,0.020355,0,0,0,0,0,0,0,0.004364,0,0.024713,0,0,0,0,0.019553,0,0.004915,0,0.006948,0,0,0,0,0,0,0,no_hoax
0,0,0,0,0,0,0,0,0,0,0,0,0,0,0,0,0,0,0,0,0,0,0,0,0,0.008424,0.013062,0,0,0,0,0,0,0,0,0,0,no_hoax
0,0,0,0,0,0,0,0,0,0,0,0,0,0,0,0,0,0,0.004428,0,0,0,0,0,0,0.009922,0,0.004988,0,0,0,0,0,0,0,0,0,no_hoax
0,0,0,0.010267,0,0.007913,0,0,0,0,0,0,0,0,0,0,0,0,0.004152,0,0,0,0,0,0,0.009301,0,0,0,0,0,0,0,0,0,0,0,no_hoax
0,0,0,0,0,0,0,0,0,0,0,0,0,0,0,0,0,0,0,0,0,0,0,0,0,0,0,0,0,0,0,0,0,0,0,0,0,no_hoax
0,0,0,0,0,0,0,0,0,0,0,0,0,0,0,0,0,0,0,0,0.00736,0,0,0,0,0,0.02709,0,0,0,0,0,0,0,0.009519,0,0.009219,no_hoax
0,0,0,0,0,0,0.006583,0,0,0,0,0,0,0,0.009841,0,0,0,0,0,0,0.007221,0,0.007756,0,0,0.004515,0.005855,0,0,0,0,0,0,0,0,0,no_hoax
0,0,0,0,0,0.006948,0,0,0.009516,0,0,0,0,0,0,0,0,0,0.003645,0,0.010322,0,0,0,0,0.008167,0,0.012317,0,0,0,0,0,0,0,0,0,no_hoax
0,0,0,0,0,0,0,0,0,0,0,0,0,0,0,0,0,0,0,0,0.027526,0.013502,0,0,0,0,0,0.010949,0,0,0,0,0,0,0.017799,0,0.017238,no_hoax
0,0,0,0,0,0,0,0,0,0,0,0,0,0,0,0,0,0,0,0,0,0,0,0,0,0.009432,0,0.009484,0,0,0,0,0,0,0,0,0,no_hoax
0,0,0,0,0,0,0,0,0,0,0,0,0,0,0,0,0,0,0,0,0,0,0,0,0,0.012067,0,0.006066,0,0,0,0,0,0,0,0,0,no_hoax
0,0,0,0,0,0,0,0,0,0,0,0,0,0,0,0,0,0,0,0,0,0,0,0,0,0.009567,0,0.00481,0,0,0,0,0,0,0,0,0,no_hoax
0,0,0,0,0,0,0.010162,0,0,0,0,0,0,0,0,0,0,0,0.004012,0,0,0.011146,0,0,0,0.008989,0,0.004519,0,0,0,0,0,0,0,0,0,no_hoax
0,0,0,0,0,0,0,0,0,0,0,0,0,0,0,0,0,0,0,0,0.039005,0,0,0,0,0.006172,0,0.006206,0,0,0,0,0,0,0,0,0,no_hoax
0,0,0,0,0,0,0,0,0,0,0,0,0,0,0,0,0,0,0.004396,0,0.012447,0,0,0,0,0.006566,0,0.003301,0,0,0,0,0,0,0,0,0,no_hoax
0,0,0,0,0,0,0,0,0,0,0,0,0,0,0,0,0,0,0,0,0,0,0,0,0,0.013004,0,0.013075,0,0,0,0,0,0,0,0,0,no_hoax
0,0,0,0,0,0,0,0,0,0,0,0,0,0,0,0,0,0,0,0,0,0,0,0,0,0.009174,0,0.004612,0,0.01304,0,0,0,0,0,0,0,no_hoax
0,0,0,0,0,0,0,0,0,0,0,0,0,0,0,0,0,0,0.003035,0,0,0,0,0,0,0,0,0,0,0,0,0,0,0,0,0,0.010763,no_hoax
0,0,0,0.003911,0,0,0,0,0,0,0,0,0,0,0,0,0,0,0,0,0,0,0.005278,0,0,0.003543,0,0.001781,0,0.002518,0,0,0,0,0,0,0,no_hoax
0,0,0,0.005579,0,0,0,0,0,0,0,0,0,0,0,0,0,0,0.004512,0,0,0,0,0,0,0.005054,0,0.002541,0,0.003592,0,0,0,0,0,0,0,no_hoax
0,0,0,0.007429,0,0,0,0,0,0,0,0,0,0,0,0,0,0,0,0,0,0,0,0,0,0.006731,0.005218,0.003384,0,0.004784,0,0,0,0,0,0,0,no_hoax
0,0,0,0,0,0,0,0,0,0,0,0,0,0,0,0,0,0,0.00245,0,0,0.006806,0,0,0.01025,0,0,0,0,0.003901,0,0,0,0,0,0,0,no_hoax
0,0,0,0.004831,0,0,0,0,0,0,0,0,0,0,0,0,0.008598,0,0.003907,0,0,0,0,0,0,0.004377,0,0.0022,0,0.003111,0,0,0,0,0,0,0,no_hoax
0,0,0,0.008306,0,0,0,0,0,0,0,0,0,0,0,0,0,0,0.006717,0,0,0,0.011208,0,0,0,0.005834,0,0,0.005348,0,0,0,0,0,0,0,no_hoax
0,0,0,0,0,0,0,0,0,0,0,0,0,0,0,0,0,0,0.005485,0,0,0,0,0,0,0,0,0,0,0.017466,0,0,0,0,0,0,0,no_hoax
0,0,0,0,0,0,0.009177,0,0,0,0,0,0,0,0,0,0,0,0,0,0.01026,0,0,0,0,0.008118,0.006294,0,0,0.005769,0,0,0,0,0,0,0,no_hoax
0,0,0,0,0,0.007913,0,0.021943,0,0,0.009683,0,0,0,0,0,0,0,0,0,0,0,0,0,0,0,0,0.004676,0,0.006611,0,0,0,0,0,0,0,no_hoax
0,0,0,0,0,0,0,0,0,0,0,0,0,0,0,0,0,0,0.006163,0,0.008726,0,0,0,0,0,0,0.010413,0,0.004907,0.044774,0,0,0,0,0,0,no_hoax
0,0,0,0,0.005838,0,0,0,0,0,0,0,0,0,0,0,0,0,0.005362,0,0.007591,0,0,0,0,0.006006,0,0,0,0.004269,0,0,0,0,0,0,0,no_hoax
0,0,0,0,0,0.006093,0,0,0,0,0,0,0,0,0,0,0,0,0.003197,0,0,0,0,0,0,0.007163,0,0.007202,0,0.00509,0,0,0,0,0,0,0,no_hoax
0,0,0,0,0,0,0,0,0,0,0.00617,0,0,0,0,0,0,0,0,0.052198,0.014981,0,0,0,0,0,0.004595,0,0,0.004212,0,0,0,0,0.009687,0,0.009382,no_hoax
0,0,0,0,0,0,0,0,0,0,0,0,0,0,0,0,0,0,0,0,0,0,0,0,0,0,0,0,0,0.009425,0,0,0,0,0,0,0,no_hoax
0,0,0,0,0,0,0,0,0,0,0,0,0,0,0,0,0,0,0,0,0,0,0,0,0,0,0,0,0,0.011469,0,0,0,0,0,0,0,no_hoax
0,0,0,0,0,0,0,0,0,0,0,0,0,0,0,0,0,0,0.00551,0,0,0,0,0,0,0,0,0,0,0.004387,0,0,0,0,0,0,0,no_hoax
0,0,0.01056,0,0,0,0,0,0,0,0,0,0,0,0,0,0,0,0,0,0,0,0,0,0,0,0.02967,0,0,0.006799,0,0,0,0,0,0.016031,0,no_hoax
0,0,0,0,0.004094,0,0,0.004968,0,0,0,0,0,0,0,0,0,0,0,0,0.021293,0,0.006274,0,0,0.008424,0,0.002117,0,0.005987,0,0,0,0,0.006884,0,0.006667,no_hoax
0,0,0,0,0,0,0,0,0,0,0.015156,0,0,0,0,0,0,0,0.006498,0,0.0092,0,0,0,0,0.007279,0,0.003659,0,0.005173,0,0,0,0,0,0,0,no_hoax
0,0,0,0,0.0047,0,0,0,0,0,0,0,0,0,0,0,0,0,0.002158,0,0,0,0,0,0,0,0.003749,0.004862,0,0.003437,0,0,0,0,0,0,0,no_hoax
0,0,0,0,0,0,0,0,0,0,0.007042,0,0,0,0,0,0,0,0,0,0.017099,0,0,0,0,0,0,0,0,0.004808,0,0,0,0,0,0,0,no_hoax
0,0,0,0,0,0,0,0,0,0,0,0,0,0,0,0,0,0,0,0,0.027526,0,0,0,0,0.01089,0,0.005474,0,0.007739,0,0,0,0,0,0,0,no_hoax
0,0,0,0,0,0,0,0,0,0,0,0,0,0,0,0,0,0,0.004039,0,0.011438,0,0,0,0,0.00905,0.007017,0.00455,0,0.006432,0,0,0,0,0,0,0,no_hoax
0,0,0,0,0,0,0,0,0,0,0,0,0,0,0,0,0,0,0.004445,0,0.006293,0,0,0,0,0.004979,0,0.002503,0,0.003539,0,0,0,0,0.008138,0,0.007882,no_hoax
0,0,0,0,0,0.006159,0,0,0,0,0,0,0,0,0,0,0,0,0,0,0.00915,0,0,0,0,0.00724,0,0,0,0.005146,0,0,0,0,0.011834,0,0.011461,no_hoax
0,0,0,0,0,0.003748,0,0,0,0,0,0,0,0,0,0,0,0,0,0,0.005568,0,0,0,0,0,0.010248,0,0,0.003131,0,0,0,0,0.007202,0,0.006975,no_hoax
0,0,0,0,0,0,0,0,0,0,0,0,0,0,0,0,0,0,0,0,0.07645,0.010714,0,0,0,0.008641,0,0,0,0.006141,0,0,0,0,0,0,0,no_hoax
0,0,0,0,0,0,0,0,0,0,0,0,0,0,0,0,0,0,0.003359,0,0,0,0,0,0,0,0,0.015131,0,0.005348,0,0,0,0,0,0,0,no_hoax
0,0,0,0,0,0,0,0,0,0,0,0,0,0,0,0,0,0,0.013168,0,0,0,0,0,0,0,0.018299,0.002966,0,0.004193,0,0,0,0,0,0,0,no_hoax
0,0,0,0,0,0.005156,0,0,0,0,0.006309,0,0,0,0,0,0,0,0.002705,0,0,0,0,0,0,0.006061,0,0,0,0.008615,0,0,0,0,0,0,0,no_hoax
0,0.005932,0,0,0,0.005997,0,0,0,0,0.007339,0,0,0,0,0,0,0,0.003147,0,0,0,0,0,0,0.014099,0,0,0,0.00501,0,0,0,0,0,0,0,no_hoax
0,0,0,0,0,0.004486,0,0,0,0,0,0,0,0,0,0,0,0,0,0,0,0,0.023564,0,0,0.005273,0.004088,0,0,0.003748,0,0,0,0,0,0,0.008347,no_hoax
0,0,0,0,0,0,0,0,0,0,0,0,0,0,0,0,0,0.013105,0.003163,0,0,0,0,0,0,0,0,0.003563,0,0.005037,0,0,0,0,0,0,0,no_hoax
0,0,0,0,0,0,0,0,0,0,0,0,0,0,0,0,0,0,0.003601,0,0,0,0,0,0,0,0.006256,0,0,0.005734,0,0,0,0,0.013188,0,0.012773,no_hoax
0,0,0,0.009183,0,0,0,0,0,0,0,0,0,0,0,0,0,0,0,0,0,0,0,0,0,0,0,0,0,0.005913,0,0,0,0,0,0,0,no_hoax
0,0,0,0,0,0,0,0,0,0,0,0,0,0,0,0,0,0,0.002222,0,0.025172,0.006174,0,0,0,0,0.007721,0.007509,0,0.014155,0,0,0,0,0,0,0,no_hoax
0,0,0,0,0,0.003889,0,0,0,0,0,0,0,0,0,0,0,0,0.00204,0,0,0,0,0.012176,0,0.004571,0,0.002298,0,0.003249,0,0,0,0,0,0,0,no_hoax
0,0,0,0,0,0,0,0,0,0,0,0,0,0,0,0,0,0,0.003959,0,0,0,0,0,0,0,0,0.004459,0,0.006304,0,0,0,0,0,0,0,no_hoax
0,0,0,0,0,0,0,0,0,0,0,0,0,0,0,0,0,0,0,0,0,0,0,0,0,0,0,0.009288,0,0.006565,0,0,0,0,0,0,0,no_hoax
0,0,0,0,0.008137,0.007121,0,0,0,0,0,0,0,0,0,0,0,0,0,0,0.01058,0,0,0,0,0,0.00649,0.004208,0,0.005949,0,0,0,0,0,0,0,no_hoax
0,0,0,0,0.00824,0,0.009583,0,0,0,0,0,0,0,0,0,0,0,0.003784,0,0,0,0,0,0,0,0,0,0,0.006025,0,0,0,0,0,0,0,no_hoax
0,0,0,0,0.005891,0.005156,0,0,0,0,0,0,0,0,0,0,0,0,0,0.017793,0.00766,0,0,0,0,0,0,0.006094,0,0.004307,0,0,0,0,0.019812,0,0.019188,no_hoax
0,0,0,0.007991,0.007038,0,0.008184,0,0,0,0.007537,0,0,0,0,0,0,0,0.003232,0,0,0,0,0,0,0,0.011227,0.00364,0,0.005146,0,0,0,0,0,0,0,no_hoax
0,0,0,0,0,0.014515,0,0.010063,0,0,0,0,0,0,0,0,0,0,0.003808,0,0.010782,0,0,0,0,0,0,0.004289,0,0.006063,0,0,0,0,0,0,0,no_hoax
0,0,0,0,0,0,0,0,0,0,0,0,0,0,0,0,0,0,0.003537,0,0,0.009827,0,0,0,0,0,0,0,0.005633,0,0,0,0,0,0,0,no_hoax
0,0,0,0,0.007569,0,0,0,0,0,0,0,0,0,0,0,0,0,0.006952,0,0,0,0,0,0,0,0.006038,0,0,0.005534,0,0,0,0,0,0,0,no_hoax
0,0,0,0,0,0.004522,0,0,0,0,0,0,0,0,0,0,0,0,0,0,0,0,0,0,0,0,0,0.010688,0,0,0,0,0,0,0,0,0,no_hoax
0,0,0,0,0,0.008698,0,0,0,0,0,0,0,0,0,0,0,0,0,0,0.012922,0,0,0,0,0,0,0.00514,0,0,0,0,0,0,0,0,0,no_hoax
0,0,0,0.00669,0.005891,0,0,0,0,0,0.006309,0,0,0,0,0,0,0,0.00541,0.035586,0,0,0,0,0,0,0,0.003047,0,0,0,0,0,0,0.019812,0,0,no_hoax
0,0,0,0,0,0,0,0,0,0,0.006309,0,0,0,0,0,0,0,0.010821,0,0,0,0,0,0,0,0.004699,0.003047,0,0,0,0,0,0,0,0,0,no_hoax
0,0,0,0,0,0,0,0,0,0,0,0,0,0,0,0,0,0,0.003174,0.041758,0.005992,0,0,0,0,0,0.012866,0.003575,0,0,0,0,0,0,0.003875,0,0.003753,no_hoax
0,0,0,0,0,0,0,0.003312,0,0,0,0,0,0,0,0,0,0,0.00376,0.016487,0.017744,0,0,0,0,0,0.008708,0.002823,0,0.001996,0,0,0,0,0.009179,0,0.00889,no_hoax
0,0,0,0,0,0,0,0,0,0,0,0,0,0,0,0,0,0,0,0,0.018501,0,0,0,0,0,0,0.007359,0,0.005202,0,0,0.030389,0,0,0,0,no_hoax
0,0,0.009126,0,0,0,0,0,0,0,0,0,0,0,0,0,0,0,0,0,0,0,0,0,0,0,0,0.004156,0,0,0,0,0,0,0,0,0,no_hoax
0,0,0,0,0,0,0.007927,0,0,0,0,0,0,0,0,0,0,0,0,0,0,0,0,0,0,0,0.005437,0,0,0,0,0,0,0,0,0.01175,0,no_hoax
0,0,0,0,0.007482,0,0,0,0,0,0,0,0,0,0,0,0,0,0.003436,0,0.019458,0,0,0,0,0,0,0.00774,0,0,0,0,0,0,0.012582,0,0.012185,no_hoax
0,0,0,0,0,0,0,0,0,0,0,0,0,0,0,0,0,0,0,0,0,0.009026,0,0,0,0,0.005644,0.003659,0,0,0,0,0,0,0,0.012197,0,no_hoax
0,0,0,0,0,0,0,0,0,0,0,0,0,0,0,0,0,0,0.003645,0,0,0,0,0,0,0,0,0.004106,0,0,0,0,0,0,0,0,0,no_hoax
0,0,0,0,0,0,0,0,0,0,0,0,0,0,0,0,0,0,0.003645,0,0,0,0,0,0,0,0,0.004106,0,0,0,0,0,0,0,0,0,no_hoax
0,0,0,0,0,0,0,0,0,0,0,0,0,0,0,0,0,0,0,0,0,0,0,0,0,0,0,0.003915,0,0,0,0,0,0,0,0,0,no_hoax
0,0,0,0,0,0,0,0,0,0,0.004238,0,0,0,0,0,0,0,0,0,0,0,0,0,0,0,0,0.004093,0,0.002893,0,0,0,0,0,0,0,no_hoax
0,0,0,0,0,0,0,0,0,0,0,0,0,0,0,0,0,0,0,0,0.043129,0,0,0,0.01593,0,0,0.012866,0,0,0,0,0,0,0.013944,0,0.013505,no_hoax
0,0,0.008697,0,0,0,0,0,0,0,0,0,0,0,0,0,0,0,0,0,0.009958,0,0.011736,0,0,0,0,0.007922,0,0,0,0,0,0,0.012878,0,0.012472,no_hoax
0,0,0,0,0,0,0,0,0,0,0,0,0,0,0,0,0,0,0,0,0.007392,0,0,0,0,0,0.00907,0.008821,0,0,0,0,0,0,0,0,0,no_hoax
0,0,0,0,0.008622,0,0,0,0,0,0,0,0,0,0,0,0,0,0.003959,0,0,0,0,0,0,0,0,0.008918,0,0,0,0,0,0,0,0,0,no_hoax
0,0,0,0,0,0,0,0,0,0,0,0,0,0,0,0,0,0,0,0,0,0,0,0,0,0,0,0.003826,0,0,0,0,0,0,0,0,0,no_hoax
0,0,0,0,0,0,0,0,0,0,0,0,0.023595,0,0,0,0,0,0,0.009274,0.007985,0,0,0,0,0,0,0.003176,0,0,0,0,0,0,0,0,0,no_hoax
0,0,0,0,0,0,0,0,0,0,0,0,0,0,0,0,0,0,0,0,0,0,0,0,0,0,0,0.00289,0,0,0,0,0,0,0,0,0,no_hoax
0,0,0,0,0,0,0,0,0,0,0,0,0,0,0,0,0,0,0,0,0.00495,0,0,0,0,0,0,0.005907,0,0.002783,0,0,0,0,0.006401,0,0.0062,no_hoax
0,0,0,0,0.003408,0,0,0,0,0,0,0,0,0,0,0,0,0,0,0,0,0,0,0,0,0.007013,0,0.003525,0,0.002492,0,0,0,0,0,0,0,no_hoax
0,0,0,0,0,0,0,0,0,0,0,0,0,0,0,0,0,0,0,0,0,0,0,0,0,0.009301,0,0.007014,0,0.006611,0,0,0,0,0,0,0,no_hoax
0,0,0,0,0,0,0,0,0,0,0,0,0,0,0,0,0,0,0.004564,0,0,0,0,0,0,0,0,0.01028,0,0.007267,0,0,0,0,0,0,0,no_hoax
0,0,0,0,0,0,0,0,0,0,0,0,0,0,0,0,0,0,0,0,0,0,0,0,0,0,0,0.009099,0,0.006432,0,0,0,0,0,0,0,no_hoax
0,0,0,0,0,0,0,0,0,0,0,0,0,0,0,0,0,0,0,0,0,0,0.009194,0,0,0,0.004786,0.003103,0,0.004387,0,0,0,0,0,0,0,no_hoax
0,0,0,0,0,0.027456,0,0,0,0,0,0,0,0,0,0,0,0,0.007203,0,0,0,0,0,0,0,0.025023,0.008113,0,0.011469,0,0,0,0,0,0,0,no_hoax
0,0,0,0,0,0,0,0,0,0,0,0,0,0,0,0,0,0,0,0,0,0,0,0,0,0,0.008547,0.005542,0,0,0,0,0,0,0,0,0,no_hoax
0,0,0,0,0,0,0,0,0,0,0,0,0,0,0,0,0,0,0,0,0,0,0,0.010877,0,0,0,0.02874,0,0.005804,0,0,0,0,0,0,0,no_hoax
0,0,0,0,0,0.020469,0,0,0,0,0,0,0,0,0,0,0,0,0,0,0,0,0,0,0,0.00802,0,0,0,0.0057,0,0,0,0,0,0,0,no_hoax
0,0,0,0,0,0.012122,0,0,0,0,0,0,0,0,0,0,0,0,0.00636,0,0,0,0,0,0,0,0,0,0,0,0,0,0,0,0,0,0,no_hoax
0,0,0,0,0,0,0,0,0,0,0,0,0,0,0,0,0,0,0.009769,0,0.005532,0,0,0,0,0,0,0.004401,0,0,0.007097,0,0,0,0,0,0,no_hoax
0,0.010599,0,0,0,0,0,0,0,0,0,0,0,0,0,0,0,0,0.003748,0,0,0,0.006254,0,0,0.004199,0.003255,0.004222,0,0,0,0.006977,0,0,0,0,0,no_hoax
0,0,0,0,0,0,0,0,0,0,0,0,0,0,0,0,0,0,0,0,0,0,0,0,0,0.005675,0,0,0,0,0,0,0,0,0,0,0,no_hoax
0,0,0,0,0,0.002759,0,0,0,0,0,0,0,0,0,0,0,0,0.007238,0,0,0,0,0,0,0.003243,0.002514,0.00163,0,0,0,0.005389,0,0,0,0,0.005134,no_hoax
0,0,0,0,0,0,0,0,0,0,0,0,0,0,0,0,0,0,0.008923,0,0,0,0,0,0,0,0,0.0201,0,0,0,0,0,0,0,0,0,no_hoax
0,0,0,0.007582,0,0.005843,0,0,0,0,0.00715,0,0,0,0,0,0,0,0,0,0,0,0,0,0,0,0,0,0,0,0,0,0,0,0,0,0,no_hoax
0,0,0,0,0,0.004768,0,0,0,0,0.005834,0,0,0,0,0,0,0,0.005003,0,0,0,0,0,0,0.011208,0,0,0,0,0.009086,0,0,0,0,0,0,no_hoax
0,0,0,0,0,0,0,0,0,0,0,0,0,0,0,0,0,0,0.002742,0,0,0,0,0,0,0.006144,0,0.003089,0,0,0,0,0,0,0,0,0,no_hoax
0,0,0,0,0,0,0,0,0,0,0,0,0,0,0,0,0,0,0,0,0,0,0,0,0,0,0,0,0,0,0,0,0,0,0,0,0,no_hoax
