<newsitem itemid="1" id="root" date="1996-08-21" xml:lang="en">
<title>Viral Helikopter Jatuh Timpa Rumah Warga Bekasi, Polisi: Itu Hoax</title>
	<text>
		<p>Sebuah postingan yang menyebut helikopter jatuh di Setu, Bekasi dan menewaskan warga beredar luas di media sosial. Divisi humas Polri menegaskan kabar tersebut adalah hoax (kabar bohong).</p>
		<p>Hal itu disampaikan melalui akun Instagram Divisi Humas Polri (@divisihumaspolri). Dalam kabar hoax disebutkan akibat jatuhnya helikopter di pemukiman warga sebanyak lima orang tewas.</p>
		<p>"Beredar secara luas tentang pemberitaan jatuhnya helikopter di pemukiman warga sekitar wilayah Setu, Bekasi. Berita yang tersebar secara luas melalui media sosial itu menyebutkan ada lima orang tewas. Perlu diketahui, berita di atas adalah hoax," tulis Divisi Humas Polri, Senin (7/8/2017). Dilansir dari detikcom.</p>
		<p>Sementara itu, dalam postingan di Instagram juga disebut Kapolsek Setu AKP Agus Rohmat mengatakan tidak ada kejadian tersebut di wilayahnya.</p>
		<p>Dalam foto yang beredar di media sosial, terlihat kobaran api dan kepulan asap di sebuah kompleks. Warga terlihat berkerumun di dekat lokasi kobaran api. Foto disertai dengan keterangan yakni</p>
		<p>BREAKING NEWS...!!!</p>
		<p>Inalillahi wainailaihi rojiun...</p>
		<p>Telah terjadi kecelakaan maut, hari ini, Ahad (6/8), sebuah helikopter jatuh dipemukiman warga, tepatnya di wilayah Setu Babakan Bekasi, dikabarkan 5 korban meninggal dunia.</p>
	</text>
</newsitem>