<newsitem itemid="1" id="root" date="1996-08-21" xml:lang="en">
<title>Di Bekasi Ada Isu Ajak Perang Salib, Kapolres : Itu Hoax</title>
	<text>
		<p>TOPTIME.CO.ID – Kapolres Metro Bekasi Kota Kombes Pol Indarto memastikan, selebaran terkait isu Pilkada Wali Kota Bekasi yang mengandung ujaran kebencian itu adalah hoax atau bohong.</p>
		<p>Dirinya juga meminta masyarakat tak turut menyebarkan selebaran dan pesan berantai yang dianggap bisa memech belah bangsa dan mengacaukan kedamaian menjelang Pilkada di Kota Bekasi.</p>
		<p>“Berita itu tidak benar dan jelas itu adalah bermaksud memecah belah bangsa khususnya mengacaukan kedamaian Kota Bekasi menjelang pilkada,” kata Kombes Pol Indarto Sabtu (26/5/2018).</p>
		<p>Lebih lanjut Kapolres juga mengimbau kepada masyarakat kalau melihat berita sejenis itu, agar lebih dicermati dengan nalar dan logika rasional.</p>
		<p>Dalam selebaran yang mengatas namakan Gerakan Pemuda Katolik Bekasi For Rahmat Effendi (GPKB Forendi) itu, tertulis kalimat yang dapat memicu keresahan antarumat beragama.</p>
		<p>Salah satu poin yang dianggap dapat memicu konflik yakni adanya seruan menantang untuk menggelorakan Perang Salib di Kota Bekasi.</p>
	</text>
</newsitem>