<newsitem itemid="1" id="root" date="1996-08-21" xml:lang="en">
<title>Polisi: Broadcast balas dendam geng motor informasi sesat</title>
	<text>
		<p>Sindonews.com - Beredarnya broadcast balas dendam dari geng motor Amerika buntut dari tertangkapnya 11 anggota Tangki Boys yang diciduk Polsek Pondok Gede, Bekasi kembali meresahkan warga.</p>
		<p>Menanggapi hal itu, Kasubag Humas Polresta Bekasi Kota, AKP Siswo menegaskan, bahwa broadcast tersebut bohong dan merupakan info yang menyesatkan. Karena itu, warga diminta tidak khawatir untuk keluar rumah pada malam hari.</p>
		<p>"Itu informasi yang menyesatkan jangan gampang percaya, itu tidak benar," tegasnya kepada Sindonews, Jumat 21 Februari 2014 malam</p>
		<p>Sebelumnya, warga Bekasi kembali dibuat was-was oleh broadcast balas dendam dari geng motor. Hal itu buntut dari tertangkapnya 11 anggota Tangki Boys yang ditangkap Polsek Pondok Gede, Bekasi.</p>
		<p>"Iya nih jadi was-was. Tapi apa benar yah informasi itu," kata Supri salah seorang warga Bekasi, usai membaca broadcast yang diterimanya.</p>
		<p>Berikut bunyi broadcast di BBM itu, Jumat 21 Februari 2014:</p>
		<p>Sekilas info : "Nanti jangan ada yang keluar malem tolong bilangin sama yang lain, amerika aslinye udah kumpul di jalan tol rambutan  ada 5 truk bawa senjata semua dia mau nyerang besar2an kepondok gede soalnya temennya ditahan, mereka rencananya mau pada masuk gang2 rumah. Dikampung sawah udah diumumin sepanjang jalan jangan pada keluar, ini besar2an anak muda dikranggan gabungan juga mau nyerang geng amerika, udah pada siap bawa senjata sama air keras, dikampung sawah udeh sepi !*Tolong sebar keyang laen brader!!* #bc. Penting info aja mav yg ga suka :) Antisipasi sj,Info dr sdulur bikers crkc...."</p>
	</text>
</newsitem>