<newsitem itemid="1" id="root" date="1996-08-21" xml:lang="en">
<title>Broadcast Bohong Kabarkan Citilink QG9701 Hilang Kontak</title>
	<text>
		<p>Maskapai penerbangan Citilink membantah penerbangan mereka dengan nomor QG 9701 rute Surabaya-Kupang hilang kontak pagi tadi, Selasa (19/5/2015).</p>
		<p>Pilot pesawat itu sejak siang disebut sudah berada di sebuah hotel di Jakarta. "Nggak ada itu," kata Vice President Corporate Communication Citilink Benny S. Butarbutar saat dihubungi oleh bisnis.com, Selasa (19/5/2015).</p>
		<p>Sebelumnya beredar pesan berantai yang menyebutkan pesawat Citilink tujuan Surabaya-Kupang hilang kontak dan diperkirakan jatuh di dekat Bali. Pesawat itu disebutkan tiba-tiba hilang kontak pagi tadi. "Tolong disebarkan broadcast ini. Sumber officer Juanda Surabaya," bunyi pesan berantai itu.</p>
		<p>Menurut Benny, QG 9701 Surabaya-Kupang terbang dari Juanda pukul 06.00 WIB, Selasa, 19 Mei 2015. Pesawat kemudian tiba di Kupang pada pukul 09.20 WITA. "Pesawat itu terbang lagi ke Surabaya," kata Benny.</p>
		<p>Benny mengakui, dia mendapat kabar palsu hilangnya pesawat Citilink itu pada pukul 14.00 WIB, siang tadi. Sejak saat itu, dia terus membantah kabar yang tak jelas itu.</p>
	</text>
</newsitem>