<newsitem itemid="1" id="root" date="1996-08-21" xml:lang="en">
<title>Beredar SMS Undian Berhadiah bagi TKI, Kemnaker: Itu Hoax</title>
	<text>
		<p>TEMPO.CO, Jakarta - Kementerian Ketenagakerjaan (Kemnaker) menegaskan tidak pernah menggelar undian berhadiah bagi pekerja migran atau tenaga kerja Indonesia (TKI) di Hongkong seperti yang marak beredar melalui pesan singkat SMS.</p>
		<p>"Tidak ada dan tidak benar itu. Kementerian tidak pernah bilang seperti itu. Tolong konfirmasi kalau ada berita gitu-gitu," ujar Menteri Ketenagakerjaan (Menaker) Hanif Dhakiri seusai peresmian Masjid KH Abdurrahman Wahid di Pusat Pendidikan Latihan (Pusdiklat) Kemnaker, Kampung Makassar, Jakarta Timur, Selasa, 13 Maret 2018.</p>
		<p>Menaker kemudian berpesan kepada pekerja migran dimana pun agar bersikap hati-hati dalam menyikapi rumor atau isu apa pun tentang undian berhadiah dari Kemnaker. "Kalau ada informasi yang tidak jelas, tolong dicek dulu, bisa di-mention ke saya," katanya.</p>
		<p>Bantahan senada juga diberikan oleh Direktur Penempatan Tenaga Kerja Luar Negeri (PTKLN) Kemnaker Soes Hindharno. "Itu tidak benar. Kami tidak pernah ada undian berhadiah bagi TKI teladan," ujarnya.</p>
	</text>
</newsitem>