<newsitem itemid="1" id="root" date="1996-08-21" xml:lang="en">
<title>BNN: Hasil Uji Permen Jari Negatif Narkoba</title>
	<text>
		<p>Badan Narkotika Nasional (BNN) melakukan pengujian terhadap permen jari yang dikabarkan mengandung narkoba.</p>
		<p>Hasil uji laboratorium menyatakan permen tersebut negatif narkoba.</p>
		<p>"Dari hasil pengujian atau pemeriksaan laboratorium yang dilakukan oleh Balai Uji Laboratorium Narkoba BNN didapatkan hasil bahwa tidak ditemukan kandungan narkotika pada permen jari yang dimaksud," kata Kabid Humas BNN Kombes Slamet Pribadi dalam keterangan tertulis yang diterima detikcom, Senin (17/10/2016).</p>
	</text>
</newsitem>