<newsitem itemid="1" id="root" date="1996-08-21" xml:lang="en">
<title>Benarkah Garam Tidak Boleh Dimasak Karena Akan Jadi Racun? </title>
	<text>
		<p>KOMPAS.com - Semakin hari, semakin banyak isu mengenai kesehatan maupun makanan yang disebarluaskan melalui media sosial. Salah satunya adalah pendapat bahwa garam tidak boleh dimasak.</p>
		<p>Banyak yang percaya garam bisa berubah menjadi racun apabila diolah dan dimasak. Apa mungkin kandungan garam akan berubah menjadi racun saat dimasak?</p>
		<p>Garam adalah sumber makanan terbesar yang menyediakan mineral bernama natrium untuk tubuh.</p>
		<p>Garam sering disebut juga dengan natrium klorida sebab garam terdiri dari 40 persen natrium, dan 60 persen klorida.</p>
		<p>Kandungan garam ini adalah mineral yang bertindak sebagai elektrolit penting dalam tubuh. Mineral-mineral ini membantu menjaga keseimbangan cairan, fungsi saraf, dan fungsi otot tubuh secara keseluruhan.</p>
		<p>Maka itu, sangat penting untuk mendapatkan asupan garam dalam makanan sehari-hari, tapi jangan sampai berlebihan.</p>			<p>Terlalu banyak mengonsumsi garam dapat meningkatkan risiko mengalami tekanan darah tinggi (hipertensi) dan penyakit jantung.</p>
		<p>Betulkah garam tidak boleh dimasak?</p>
		<p>Memasak garam tidak akan mengubah mineral ini menjadi racun. Seperti yang sudah diulas sebelumnya, kandungan garam adalah mineral.</p>
		<p>Mineral ini tidak berubah menjadi racun atau zat berbahaya selama garam tersebut memang dibuat dengan bahan yang aman, tidak diberikan campuran tertentu oleh produsennya.</p>
		<p>Maka, isu bahwa garam tidak boleh dimasak merupakan hoaks yang tidak terbukti kebenarannya.</p>
	</text>
</newsitem>