<newsitem itemid="1" id="root" date="1996-08-21" xml:lang="en">
<title>Kabar Hoax Parasetamol Mengandung Virus Berbahaya Muncul Lagi</title>
	<text>
	<p>Liputan6.com, Jakarta Masih saja beredar di masyarakat sebuah pesan singkat mengenai parasetamol yang mengandung virus berbahaya.</p>
		<p>Pesan singkat yang disertai sebuah gambar kemasan paracetamol P-500 mengimbau seluruh masyarakat untuk tidak menggunakan obat tersebut.</p>
		<p>Dikatakan, obat itu merupakan parasetamol  baru, sangat putih, mengkilap, dan mengandung virus machupo. Dan, virus machupo dianggap virus paling berbahaya di dunia.</p>
		<p>Dengan kata lain, obat parasetamol seperti yang tertera itu berbahaya dan dapat menyebabkan kematian.</p>
		<p>Di akhir kalimat, si pembuat pesan menyertai sebuah kalimat agar pesan ini diteruskan guna menyelamatkan nyawa banyak orang.</p>
		<p>Pesan singkat ini sebetulnya sudah beredar sejak awal 2017. Tak ada yang berbeda, baik dari pesan yang tercantum maupun gambar yang digunakan untuk menambahkan kesan "benar-benar nyata".</p>
		<p>Tak lama setelah pesan itu menjadi viral di masyarakat, Badan Pengawasan Obat dan Makanan Republik Indonesia (BPOM RI) langsung mengeluarkan pernyataan bahwa kabar itu adalah hoax.</p>
		<p>BPOM mengatakan telah melakukan evaluasi terhadap keamanan, khasiat, mutu, dan penandaan atau label produk obat sebelum diedarkan (pre-market evaluation).</p>
		</text>
</newsitem>