<newsitem itemid="1" id="root" date="1996-08-21" xml:lang="en">
<title>BPOM pastikan kabar virus berbahaya di Paracetamol hoax</title>
	<text>
		<p>Merdeka.com - badan Pengawas Obat dan Makanan (BPOM) memastikan kabar obat Paracetamol mengandung virus berbahaya adalah kabar bohong alias hoax. Hasil evaluasi mereka, tidak pernah menerima laporan ada virus Machupo ditemukan dalam produk obat Parasetamol atau produk obat lainnya.</p>
		<p>Pesan ini disampaikan BPOM melalui situs resminya, www.pom.go.id. Mereka mengaku terhadap rutin memeriksa keamanan, khasiat, mutu, dan penandaan (label) produk obat sebelum diedarkan (pre-market evaluation).</p>
		<p>Ini juga rutin melakukan pengawasan terhadap sarana produksi dan distribusi, serta produk beredar di wilayah Indonesia (post-market control). </p>
		<p>"Terkait isu di atas yang disebarkan secara berantai melalui media sosial, sampai saat ini Badan POM tidak pernah menerima laporan kredibel yang mendukung klaim bahwa virus Machupo telah ditemukan dalam produk obat Parasetamol atau produk obat lainnya," kata Kepala Badan POM, Penny K. Lukito dalam keterangannya, Senin (27/2).</p>
	</text>
</newsitem>