<newsitem itemid="1" id="root" date="1996-08-21" xml:lang="en">
<title>Terkait Beras yang Disebut Mengandung Plastik</title>
	<text>
		<p>Isu beras mengandung plastik kembali santer terdengar pada Agustus 2017 ini setelah sebelumnya juga pernah ramai pada tahun 2015 lalu.</p>
		<p>Sebuah video yang viral baru-baru ini menyebut sebuah rumah makan menggunakan dari beras plastik karena nasi tersebut dapat memantul setelah dikepal hingga berbentuk bola dan dilemparkan.</p>
		<p>Badan POM kemudian merilis keterangan dan menyatakan bahwa berdasarkan hasil pemeriksaan terhadap contoh beras, tidak ditemukan indikasi beras tersebut mengandung plastik.</p>
		<p>Dalam rilis tersebut dijelaskan, tekstur nasi dipengaruhi komposisi komponen penyusun pati dalam butir beras, yaitu amilosa dan amilopektin. Kadar amilopektin tinggi mempengaruhi tekstur lengket/pulen nasi, sehingga nasi dapat dikepal menyerupai bentuk bola.</p>
		<p>Dalam setiap rilisnya Badan POM menyebutkan bahwa pihaknya akan melakukan pengawasan secara rutin terhadap semua produk pangan yang beredar di Indonesia tersebut. Secara sigap Badan POM akan segera menyelidiki setiap isu pangan yang bergulir dan meresahkan masyarakat. Dilansir dari Kumparan.com.</p>
	</text>
</newsitem>