<newsitem itemid="1" id="root" date="1996-08-21" xml:lang="en">
<title>Beredar Pesan Brimob akan Sweeping Ojol Malam Ini, Polisi: Hoax</title>
	<text>
		<p>Beredar pesan berantai di aplikasi percakapan soal Brimob yang akan melakukan sweeping terhadap ojek online (ojol) malam ini. Polisi memastikan pesan tersebut hoax.</p>
		<p>"Hoax itu," kata Kapolres Jakarta Selatan Kombes Mardiaz Kusin Dwihananto saat dimintai konfirmasi oleh detikcom, Senin (5/3/2018).</p>
		<p>Pesan itu juga meminta setiap komunitas untuk menghindari beberapa tempat di Jakarta Selatan. Dalam pesan tersebut, situasi di Jakarta Selatan disebut tidak kondusif.</p>
		<p>Berikut pesan berantai hoax tersebut:</p>
		<p>Hindari wilayah selatan, Blok M, Mampang, Buncit, Ampera, Kemang, Cipete, Fatmawati raya s/d Lotte Mart.</p>
		<p>Pemberitahuan langsung ke seluruh BC/grup/komunitas. situasi selatan TIDAK KONDUSIF MALAM INI, untuk menghindari sweeping brimob terhadap OJOL diminta untuk tidak mampir ke area tersebut diatas setelah jam 22.00</p>
		<p>Bila ada order ke area yang disebutkan, tolong semua attribut OJOL dilepas dulu ....</p>
		<p>Base Camp Kemang, Dharmawangsa, Bangka sementara di vakum kan sampai situasi kondusif</p>
		<p>Sementara itu, untuk menjaga situasi tetap kondusif di kawasan Jakarta Selatan, polisi akan melakukan patroli. Ini dilakukan agar tak terjadi penyerangan seperti Senin dini hari tadi.</p>
		<p>"Ada (patroli)," tutur Mardiaz.</p>
		<p>Sebelumnya, gerombolan pengendara motor merusak sejumlah barang dan melakukan penyerangan di Jalan Kemang Raya. Beberapa warga dikabarkan terluka akibat kejadian tersebut.</p>
		<p>Sebelum ada kejadian itu, seorang anggota Brimob, Bharada Yasri Abdulmas, dikeroyok oleh beberapa orang yang tidak dikenal dengan menggunakan helm dan tangan kosong.</p>
		<p>Korban mengalami luka sobek, kepala benjol, dagu sobek, dan tangan kiri serta paha kiri atas terluka terkena tusukan senjata tajam.</p>
		<p>"Kemudian dibawa oleh anggota Unit Patko 4042 Aiptu Ismail dan Aiptu Yudi ke RSUD Pasar Minggu," imbuh Kabid Humas Polda Metro Jaya Kombes Argo Yuwono kepada wartawan di Mapolda Metro Jaya.</p>
	</text>
</newsitem>