<newsitem itemid="1" id="root" date="1996-08-21" xml:lang="en">
<title>Heboh Suhu Panas Ekstrem di Kuwait Bikin Pohon Terbakar, Beneran?</title>
	<text>
		<p>Foto dan video pohon serta semak-semak terbakar serta lampu lalu lintas meleleh yang disebut terjadi di Kuwait ramai beredar di media sosial. Katanya, suhu di Kuwait yang mencapai 62 derajat Celsius menjadi penyebabnya. Hoax atau beneran?</p>
		<p>Isu</p>
		<p>Dalam sepekan terakhir, beredar foto dan video di Facebook yang memperlihatkan pohon dan semak-semak terbakar dengan disertai judul 'Suhu Di Kuwait Mencapai 62C, Pohon Dan Semak-Semak Sampai Terbakar'. Foto itu berasal dari akun Facebook bernama Sami Khan pada 3 Agustus 2017.</p>
		<p>"Kuwait burning. Temp hit 62c. Bushes and trees burnt out," demikian tulisan di akun Facebook Sami Khan.</p>
		<p>Sami Khan hanya menampilkan screenshot  video. Video sebenarnya ada di YouTube dengan judul yang sama. Video itu memperlihatkan pohon di pinggir jalan terbakar dan terdengar seseorang berbahasa Arab berbicara di video itu.</p>
		<p>Ada pula foto lampu lalu lintas meleleh yang beredar. Foto itu disebut juga ada di Kuwait akibat suhu panas.</p>
		<p>Investigasi</p>
		<p>Soal video pohon terbakar, situs berita Alweeam menyebut kejadian itu ada di Jalan Sultana di Madinah. Pohon palem tersebut terbakar akibat tersambar petir, bukan 7 suhu panas.</p>
		<p>Sementara itu, soal video kedua, yaitu video semak-semak terbakar, media lokal Alrai Media menyebut semak-semak itu memang berada di Kuwait.</p>
		<p>Belum diketahui penyebab kebakarannya, namun tidak ada bukti bahwa semak-semak itu terbakar karena suhu panas. Lampu lalu lintas meleleh juga terjadi di Kuwait, namun itu akibat kebakaran mobil.</p>
		<p>Di Kuwait sendiri, foto, video, dan kabar soal suhu 62 derajat Celsius itu beredar sejak Juli 2016. Media Kuwait Times  memberitakan bahwa tidak benar suhu di Kuwait mencapai 62 derajat Celcius. Foto pohon terbakar dan lampu lalu lintas meleleh itu disebut bukan akibat suhu panas.</p>
		<p>"Jangan percaya berita bohong. Itu tidak benar," kata Kepala Fintas Weather Observatory Adel Al-Saadoun menanggapi heboh kabar suhu di Kuwait mencapai 62 derajat Celsius.</p>
		<p>Al-Saadoun mengatakan suhu terpanas di Kuwait adalah 52 derajat Celsius. Tidak pernah sepanjang sejarah, suhu di Kuwait mencapai 62 derajat Celsius.</p>
		<p>Berdasarkan catatan World Meteorological Organization (WMO) PBB, suhu terpanas di Kuwait adalah 54 derajat Celsius, yang tercatat pada Juli 2016. Sementara itu, WMO mencatat temperatur tertinggi yang tercatat di bumi adalah 56,7 derajat Celsius pada 10 Juli 1913 di Furnace Creek, California.</p>
		<p>Itu berarti, belum pernah suhu di bumi ini mencapai 62 derajat Celsius.</p>
		<p>Kabar bahwa suhu di Kuwait mencapai 62 derajat Celsius adalah hoax. Memang benar ada pohon terbakar, semak-semak terbakar, dan lampu lalu lintas meleleh, namun hal itu bukan karena suhu panas.</p>
	</text>
</newsitem>