<newsitem itemid="1" id="root" date="1996-08-21" xml:lang="en">
<title>Penjelasan Adanya HOAX Terkait informasi viral Sistem Big Data Cyber Security dan Cybercrime Police</title>
	<text>
		<p>SIARAN PERS NO.84/PIH/KOMINFO/10/2015</p>
		<p>Menanggapi informasi yang beredar melalui berbagai media beberapa waktu belakangan ini terkait dengan adanya sistem big data cyber security dan cybercrime police dapat kami tegaskan informasi yang viral tersebut adalah HOAX, dan kami sampaikan sebagai berikut.</p>
		<p>Informasi tersebut merupakan informasi yang tidak dapat dipertanggungjawabkan kebenarannya atau merupakan informasi hoax.</p>
		<p>Kementerian Kominfo telah berkoordinasi baik secara internal maupun dengan instansi lain untuk mengkonfirmasi hal ini dan fakta yang ada menegaskan bahwa sistem sebagaimana dimaksudkan dalam hoax tersebut tidak diterapkan pada Instansi Pemerintah di Indonesia.</p>
		<p>Teknologi Big Data merupakan teknologi pengolah data yang telah umum diterapkan dalam berbagai aspek kehidupan masyarakat saat ini, termasuk di Indonesia; baik untuk kepentingan korporasi maupun pemerintahan. Teknologi ini, pada dasarnya, dimaksudkan untuk memampukan pengolahan data dari berbagai sumber dengan efektif dan efisien.</p>
		<p>Akan tetapi, penerapan teknologi big data disertai pembatasan-pembatasan berdasarkan peraturan perundang-undangan yang berlaku dalam rangka melindungi Hak Asasi Warga Negara.</p>
		<p>Peraturan perundang-undangan di Indonesia telah mengatur perlindungan data atau informasi dan pembatasan penggunaannya. Antara lain dalam UU ITE, UU Telekomunikasi, UU Keterbukaan Informasi Publik, UU Perbankan, UU Perlindungan Konsumen, dan sebagainya. Oleh karena itu, penerapan teknologi big data juga harus mematuhi peraturan perundang-undangan yang dimaksud.</p> 
		<p>Pada prinsipnya, pengawasan terhadap aktivitas seseorang di Internet dapat melanggar hak konstitusi warga negara khususnya mengenai privasi dan kebebasan berekspresi serta berkomunikasi.</p>
		<p>Perlindungan terhadap privasi, dan kebebasan berekspresi serta berkomunikasi merupakan bagian penting dari pengembangan demokrasi dan selaras dengan instrumen internasional.</p>
		<p>Indonesia menjunjung tinggi penegakan hak asasi manusia melalui berbagai peraturan perundang-undangan yang ada. Oleh karena itu, penerapan sistem informasi yang dapat melanggar hak asasi manusia akan dilakukan assessment yang komprehensif untuk memastikan tidak terjadinya pelanggaran hak asasi manusia.</p>
		<p>Dalam perundang-undangan di Indonesia dikenal adanya intersepsi atau penyadapan. Hal ini dilakukan untuk kepentingan penegakan hukum berdasarkan ketentuan-ketentuan yang tetap menjaga dan menghormati hak asasi manusia.</p>
		<p>Masyarakat diharapkan tidak terpengaruh terhadap informasi yang menyesatkan tersebut.</p>
	</text>
</newsitem>