<newsitem itemid="1" id="root" date="1996-08-21" xml:lang="en">
<title>Temukan Alien Mati, Rusia Lakukan Otopsi Alien</title>
	<text>
		<p>Vemale.com - Keberadaan alien masih menjadi kontroversi yang santer terdengar di kalangan masyarakat. Sebagian masyarakat tidak percaya bahwa alien itu ada, tapi tak sedikit pula yang percaya bahwa alien itu ada.</p>
		<p>Dilansir dari huffingtonpost.com, sebuah cerita beredar di internet menunjukkan bahwa Rusia sebenarnya telah mengetahui rahasia tentang alien selama beberapa dekade. Kejadian mengejutkan ini melibatkan UFO yang jatuh sekitaran tahun 1969 yang lalu.</p>
		<p>Sebuah video di tahun 2010 menunjukkan sebuah otopsi alien mati yang dilakukan oleh peneliti Rusia. Tampak alien tersebut dengan ukuran mini. Sayangnya, keseluruhan tubuh alien tidak nampak, hanya bagian kepala hingga perut yang sedang dibedah oleh sang ahli.</p>
		<p>Sebuah video lain mengungkap sekumpulan pasukan militer Rusia mendatangi lokasi tempat jatuhnya UFO. Keadaan UFO sudah rusak sebagian karena diperkirakan terjatuh saat melintasi hutan Rusia. Rupanya dari sinilah sesosok alien mati ditemukan.</p>
		<p>Lalu, apakah video tersebut benar? Sayangnya beberapa ahli mengatakan video tersebut hanya hoax belaka. Kebenaran video tersebut masih disangsikan. Kemungkinan video tersebut hanya rekayasa sekelompok orang. Digadang-gadang juga video ini adalah sebuah film pendek otodidak yang dibuat seseorang.</p>
	</text>
</newsitem>