<newsitem itemid="1" id="root" date="1996-08-21" xml:lang="en">
<title>BPOM Nyatakan 7 Obat Dalam Selebaran Gelap Tak Bahaya</title>
	<text>
		<p>Selebaran gelap berisi 7 obat dan 43 minuman berbahaya beredar di seluruh Indonesia dan meresahkan masyarakat. Badan Pengawasan Obat dan Makanan (BPOM) meluruskan kabar ini dan menegaskan produk di dalam selebaran gelap itu aman.</p>
		<p>"Selebaran gelap yang diedarkan tersebut telah dievaluasi oleh BPOM dari aspek keamanan, manfaat dan mutunya. Jika digunakan sesuai dengan ketentuan, maka tidak berbahaya dan obat-obatan ini telah mendapat nomor izin edar," ujar Kepala BPOM Husniah Rubiana Thamrin Akib.</p>
		<p>Hal ini disampaikan Husniah di kantor Depkominfo, Jl Medan Merdeka Barat, Jakarta Pusat, Jumat (13\/2\/2009).</p>
		<p>Menurut Husniah, produk obat dan minuman tersebut tidak membahayakan kesehatan, seperti yang tercantum dalam selebaran gelap. Selain itu pemanis buatan seperti aspartam dan siklamat merupakan pemanis buatan yang diizinkan untuk pembuatan produk makanan sesuai peraturan Menkes.</p>
		<p>Isi selebaran gelap tersebut mencantumkan hasil penelitian Balai POM Jakarta bahwa obat yang dilarang dikonsumsi adalah Paramex, Contrexin, Inzana, Natur E, Super Tetra, Bodrexin, dan Stop Cold.</p>
		<p>Di dalam selebaran ini disebutkan ke-7 obat ini mengandung racun bagi reproduksi manusia dan tidak higienis. Lalu obat ini disebutkan menyebabkan kematian. Disebutkan juga sudah ada 15 orang dari Cianjur, 15 orang dari Riau, dan 20 orang dari Jayapura yang meninggal lantaran mengkonsumsi obat-obatan itu.</p>
		<p>Dalam selebaran itu ada 43 jenis minuman yang disebutkan mengandung pemanis buatan. Minuman itu antara lain Extra Joss, Pop Ice Blender, Marimas, Hemaviton, M 150, Oki Jelly Drink, Mizone, Oki Bolo Drink,</p>
		<p>Akibat mengkonsumsi minuman itu disebutkan kecanduan karbohidrat. Selain itu minuman mengandung bahan beracun kimiawi yang mematikan jika dikonsumsi oleh penderita parkinson dan menyebabkan koma.</p>
		<p>Surat edaran palsu ini tertulis dari dr RS Ramelan Surabaya. Surat ditandatangani oleh Kepala Staf U.B Kasel Komandan Brigadir Infantri II Marinir Samsudin Cikoa.</p>
		<p>RS Ramelan sendiri saat dikonfirmasi mengaku tak mengeluarkan edaran seperti itu.</p>
		<p>Sekadar diketahui, selebaran gelap seperti ini marak terjadi sejak tahun lalu. Pembuat selebaran gelap sering mengganti-ganti materinya dan tanggal selebaran itu sehingga selalu terlihat baru dan meyakinkan.</p>
	</text>
</newsitem>