<newsitem itemid="1" id="root" date="1996-08-21" xml:lang="en">
<title>Bikin Resah! Kejahatan Terhadap Ustaz di Cikancung ternyata Hoaks</title>
	<text>
		<p>TRIBUNJABAR.CO.ID, BANDUNG - Maraknya terjadi kasus penganiayaan tokoh agama, dimanfaatkan oleh sejumlah pihak untuk membuat keresahan.</p>
		<p>Beberapa hari terakhir, beredar foto di media sosial yang mengatakan adanya ustaz yang dianiaya di daerah Cikancung, Kabupaten Bandung.</p>
		<p>Menanggapi beredarnya foto tersebut, pihak Kepolisian wilayah hukum Polsek Cikancung tidak menemukan kejadian penganiayaan tersebut hingga Rabu (07/2/2018).</p>
		<p>Pada postingan di akun resmi instagram @bidhumaspoldajabar , Kamis (08/2/2018) menuliskan bahwa info tersebut hoax </p>
		<p>Akun instagram tersebut juga menjelaskan bahwa telah dilakukan komunikasi langsung antara pihak Kepolisian dengan Camat Cikancung, Maksum, beserta Ketua DPC NU, H Aceng Rahmat.</p>
	</text>
</newsitem>