<newsitem itemid="1" id="root" date="1996-08-21" xml:lang="en">
<title>Usai Diguncang Gempa, Info Hoax Beredar di Jawa Tengah</title>
	<text>
		<p>Beredar pesan berantai di Jawa Tengah yang mengatasnamakan BMKG (Badan Meteorologi Klimatologi dan Geofisika), yang menyebut akan terjadi gempa susulan dan masyarakat diharapkan ke luar rumah nanti malam.</p>
		<p>"Diharap keluar rumah nanti malam pukul 22.30-23.59 dikarenakan potensi gempa susulan sebesar 7,5 SR Magnitude. Bagi yang tahu harap sebarkan berita penting ini" isi pesan berantai tersebut.</p>
		<p>Menyikapi informasi yang meresahkan tersebut, BMKG dalam siaran pers-nya menegaskan bahwa berita tersebut tidak benar dan BMKG tidak menyampaikan serta menyebarluaskan informasi tersebut.</p>
		<p>Berita itu menurut BMKG hanya hoax atau isu yang tidak bisa dipertanggungjawabkan dan membohongi masyarakat, karena isu tersebut tidak mempunyai dasar ilmiah yang jelas.</p>
		<p>Perlu diketahui bahwa sampai saat ini belum ada teknologi yang dapat memprediksi dengan tepat, kapan, di mana dan berapa kekuatan gempa yang akan terjadi.</p>
		<p>Oleh karena itu, BMKG mengimbau kepada masyarakat untuk tidak terpengaruh serta tidak terpancing pada informasi yang menyesatkan itu. Sumber dari Klikpositif.com.</p>
	</text>
</newsitem>