<newsitem itemid="1" id="root" date="1996-08-21" xml:lang="en">
<title>Info Uang Terkuras Ambil Uang di ATM Berstiker Call Center Hoax</title>
	<text>
		<p>Pesan berantai soal adanya stiker call center sebuah bank yang ditempel di mesin ATM bisa merekam nomor PIN beredar di media sosial. Pesan itu disebutkan bersumber dari Bank Indonesia.</p>
		<p>Disebutkan dalam pesan tersebut, stiker call center bisa merekam pin dan memiliki program untuk menguras rekening si pengguna ATM.</p>
		<p>Berikut broadcast lengkapnya:</p>
		<p>INFO dari Bank Indonesia:</p>
		<p>Apabila anda punya rekening BANK MANDIRI, BANK BNI, BANK BCA, dan ingin ambil uang di ATM, sedangkan di ATM ada stiker Call Mandiri dgn No, Telp 02133131777, jangan masukkan kartu ATM anda.</p>
		<p>Cabut stiker itu, karena stiker itu dapat merekam PIN anda juga berisi program untuk menguras saldo rekening dlm mesin ATM.</p>
		<p>Mohon disebarkan ke teman² & family, Itu adalah sindikat baru di Jakarta, Jogja, Surabaya dan Medan.</p>
		<p>Sudah banyak korban...</p>
		<p>semoga bermanfaat...!</p>
		<p>Ini info dari pejabat BI Jakarta.</p>
		<p>Info ini valid karena hari ini terjadi kegaduhan di RSCM Jakarta, banyak pegawai dan dokter RSCM rekening mandiri ditarik dalam jumlah besar padahal mereka tdk bertransaksi.</p>
		<p>Akhirnya Bank Mandiri mengganti mesin ATM tsb... berita ini ada di Liputan 6 SCTV tadi malam (mohon di perhatikan). terima kasih.</p>
		<p>detikcom mengkonfirmasi kebenaran informasi ini ke Bank Indonesia (BI).</p>
		<p>"Itu hoax," kata Deputi Direktur Departemen Komunikasi BI, Andiwiana S saat dikonfirmasi detikcom, Selasa (18/10/2016).</p>
		<p>Andiwiana mengatakan kabar tersebut sudah ada sejak lama. Namun pesan tersebut muncul kembali.</p>
		<p>"Itu broadcast sudah dari dua tahun lalu," katanya.</p>
	</text>
</newsitem>