<newsitem itemid="1" id="root" date="1996-08-21" xml:lang="en">
<title>Polrestabes Pastikan Broadcast Imbauan Menjauhi Pusat Keramaian adalah Hoax</title>
	<text>
		<p>Seiring banyaknya aksi teror bom yang terjadi, beredar sebuah pesan berantai (broadcast) yang menyebutkan sebagai berikut :</p>
		<p>"Info dari pihak BIN dan Densus 88, Polri memberi peringatan agar masyarakat sementara wakti mengindari tempat-tempat ini pada hari ini sampai besok. Bandung </p>
		<p>1. Pasar Baru</p>
		<p>2. Yogya Kepatihan</p>
		<p>3. Pasar Andir</p>
		<p>4. BIP</p>
		<p>5. TSM</p>
		<p>6. Istana Plaza"</p>
		<p>Atas beredarnya pesan tersebut, Kapolrestabes Bandung Kombes Pol Hendro Pandowo menegaskan jika informasi tersebut adalah informasi bohong (hoax).</p>
		<p>"No (tidak ada), HOAX", ujar Hendro melalui pesan singkatnya kepada PRFM, Senin (14/05/2018)</p>
		<p>Selanjutnya, Hendro berjanji akan menyebarluaskan informasi tersebut melalui berbagai akun media sosial milik Polrestabes Bandung demi menjaga kondusifitas Kota Bandung.</p>
		<p>Selain itu, Hendro pun menegaskan jika pihaknya akan berupaya keras menjaga kota Bandung dengan menerapkan sistem keamanan berlapis.</p>
	</text>
</newsitem>