<newsitem itemid="1" id="root" date="1996-08-21" xml:lang="en">
<title>Lowongan Kerja di Perusahaan BUMN PT Adhi Karya (persero)</title>
	<text>
		<p>Banyak orang yang ingin bekerja di Badan Usaha Milik Negara (BUMN) karena tergiur dengan gaji yang besar. Apalagi sangat mudah mencari informasi lowongan kerja di BUMN.</p>
		<p>Tapi, Anda harus pintar-pintar mencerna informasi lowongan kerja. Salah-salah, Anda bisa jadi korban penipuan lowongan kerja mengatasnamakan BUMN.</p>
		<p>Salah satunya informasi lowongan kerja di PT Adhi Karya (Persero) Tbk (ADHI). Beredar informasi ada tahapan seleksi user Adhi Karya.</p>
		<p>Belum lama ini beredar di media sosial sebuah informasi lowongan pada perusahaan BUMN PT Adhi Karya (persero). Lowongan kerja tersebut terlihat cukup meyakinkan dimana terdapat surat digital perihal himbauan seleksi yang disertai tanda tangan hrd rekrutmen pada bagian bawah surat.</p>
		<p>Namun hal tersebut adalah hoax atau kabar tidak benar. Hal ini ditegaskan oleh Corporate Communication PT Adhi Karya Tbk Kiki Syahgolang saat dikonfirmasi, Jakarta, Minggu (3/6/2018).</p>
		<p> “Temen2 minta tolong informasi ini adalah bentuk penipuan dan hoax. PT Adhi Karya tidak bertanggung jawab. Minta tolong disebar di grup-grup dan di fb serta di instagram” pungkasnya.</p>
		<p>Berikut isi lowongan kerja hoax tersebut:</p>
		<p>Sehubungan dengan rekrutmen calon karyawan pada perusahaan PT Adhi Karya (Persero) Tbk untuk wilayah kerja meliputi region Jakarta, Bali, Jakarta dan Bagian Indonesia Timur yang dilaksanakan di Departement of Human Resources Development PT Adhi Karya (Persero) Tbk yang bertujuan untuk menentukan individu yang tepat dan berkualitas sesuai dengan tuntutan dan tantangan dari setiap posisi yang kami tawarkan guna mendukung keberhasilan dan keberlanjutan dari kegiatan operasi PT Adhi Karya (Persero) Tbk di setiap wilayah kerja di Indonesia.</p>
		<p>Berdasarkan hasil evaluasi awal Tim Recruitmen Section Department of Human Resources Development terhadap lamaran pekerjaan saudara/(i) berhak untuk mengikuti tahapan seleksi user yang akan diadakan sesuai dengan jadwal sebagai berikut:</p>
		<p>Hari/Tanggal: Minggu s/d Senin - 3-4 Juni 2018</p>
		<p>Waktu: 07.30 WIB - selesai</p>
		<p>Tempat: Jalan Raya Pasar Minggu Km 18 Jakarta 12510 - Indonesia</p>
		<p>Untuk dapat mengikuti saudara/i diwajibkan membawa:</p>
		<p>1. Surat Panggilan Tes yang sudah dikirim via e-mail ke masing-masing peserta</p>
		<p>2. (Surat mohon diprint)</p>
		<p>3. KTP/SIM (Kartu Identitas Diri) Asli</p>
		<p>4. Alat Tulis (Pensil 2B, ballpoint dan penghapus)</p>
		<p>5. Sdr diharap hadir di tempat tes 30 menit sebelum waktu yang ditentukan (apabila tidak hadir dianggap mengundurkan diri)</p>
		<p>6. Peserta wajib berpakaian yang rapi</p>
		<p>Demikian untuk diketahui dan atas perhatian Saudara diucapkan terima kasih</p>
	</text>
</newsitem>