<newsitem itemid="1" id="root" date="1996-08-21" xml:lang="en">
	<title>Tanjakan Kali Kenteng 57 Derajat Itu Hoax!</title>
	<text>
		<p> Beredar video yang memperlihatkan mobil Daihatshu Ayla B 1081 FRA melewati tol fungsional ruas Salatiga-Kartasura di Jembatan Kali Kenteng tidak kuat. Mobil tersebut tidak kuat saat melewati tanjakan, kemudian petugas mendorong dan memasang ganjal di bannya.</p>
		<p> Selain itu, ada mengirimkan pesan berantai melalui Whatsapp menyebutkan agar tidak melewati Jembatan Kali Kenteng karena tanjakannya 57 derajat banyak mobil yang tidak kuat sehingga menyebabkan kemacetan.</p>
		<p>Kemudian, dalam pesan tersebut menyarankan jika ragu-ragu pemudik lainnya agar melewati tol Salatiga atau Bawen saja.</p>
		<p>Kasat Lantas Polres Semarang, AKP Sandhi Wiedyanoe mengatakan, berdasarkan data empirik di lapangan kemiringan 22,2 derajat. Kemudian saat melewati tanjakan ini akan terlihat kondisi kesehatan mobil pemudik.</p>
		<p>"Kalau 57 derajat itu mobil tidak mampu melewati tanjakan. Jadi yang menyebut 57 derajat ini berita hoax. Kemudian, bukan soal tanjakannya yang tidak dapat dilewati, tapi ini lebih faktor kesehatan mobil dan skill pengemudi. Ini mengingat mobil setipenya mampu melewati tanjakan tersebut," kata Sandhi saat dihubungi detikcom, Minggu (10/6/2018).</p>
		<p>Selain itu, Sandhi mengimbau kepada pemudik saat melewati Jembatan Kali Kenteng untuk lebih berhati-hati dan mematuhi semua rambu-rambu serta arahan petugas di lapangan.</p>
		<p>"Anda tidak perlu takut saat melewati tol fungsional ruas Salatiga-Kartasura dan khusus di tanjakan Jembatan Kali Kenteng. Patuhi rambu-rambu dan indahkan atensi dari petugas untuk memindahkan ke gigi satu atau rendah,"ujarnya.</p>
	</text>
</newsitem>