<newsitem itemid="1" id="root" date="1996-08-21" xml:lang="en">
<title>Viral Surat Penetapan Pemberangkatan Haji 2018, Dirjen PHU: Itu Hoax</title>
	<text>
		<p> Kemenag.go.id - Viral di media sosial surat penetapan pemberangkatan tahun 2018. Surat tersebut berisi nama jemaah lengkap dengan tempat tanggal lahir dan alamat.</p>
		<p> Dalam surat itu juga tercantum No. SPPH dan No. Porsi, berikut kloter dan embarkasi. Surat tertanggal 16 November 2017 itu tertulis ditandatangani penyelenggara haji dan umroh Nur Syam. </p>
		<p> Dirjen Penyelenggaraan Haji dan Umrah Nizar Ali memastikan bahwa informasi tersebut adalah tidak benar alias hoax. “Itu jelas hoax alias palsu. Siapapun yang mendapatkannya agar diabaikan saja,” tegas Nizar di Jakarta, Jumat (17/11).</p>
		<p> “Surat itu ditandatangani Pak Nur Syam selaku Penyelenggara Haji dan Umroh. Padahal, beliau kan Sekjen Kemenag,” imbuhnya.</p>
		<p> Menurut Nizar, siapa saja jemaah yang akan berangkat haji tahun ini, akan diumumkan secara resmi oleh Ditjen PHU, namun belum sekarang. Tentunya yang berangkat adalah mereka yang sesuai dengan urutan nomor porsinya.</p>
		<p> “Nanti akan kita umumkan nama-nama yang berangkat agar bersiap untuk melakukan pelunasan. Akan tetapi belum kita lakukan sekarang,” tuturnya.</p>
		<p> Saat ini, kata Nizar, Ditjen PHU baru selesai melakukan rakernas dan evaluasi penyelenggaraan haji 1438H/2017M. Beberapa rekomendasi rakernas sedang dibahas bersama untuk ditindaklanjuti sebagai bagian dari persiapan awal penyelenggaraan ibadah haji tahun 1439H/2018M.</p>
	</text>
</newsitem>