<newsitem itemid="1" id="root" date="1996-08-21" xml:lang="en">
<title>Kasat Lantas : BC Pemutihan SIM Itu HOAX !!!</title>
	<text>
		<p>suaraindonesia-news.com – Adanya broadcast (BC) terkait informasi adanya pemutihan Surat Izin Mengemudi (SIM) yang sudah mati masa berlakunya oleh pihak kepolisian, banyak masyarakat yang tertipu dengan pesan BC tersebut.</p>
		<p>Ternyata pesan itu sudah disalahgunakan oleh banyak oknum yang tidak bertanggungjawab, memiringkan sebuah informasi yang kurang benar adanya.</p>
		<p>Dan informasi itu, malah pemutihan akan berlaku untuk golongan SIM A, B dan C di Polres masing-masing daerah, yang dimulai tanggal 2 – 7 April 2018.</p>
		<p>Dan menjadi banyak masyarakat tergiur informasi tersebut karena jika SIM mati, bisa diperbarui tanpa mengulang tes tulis dan praktek lagi.</p>
		<p>Kasat Lantas Polres Lumajang, AKP Hendry Ibnu Indarto SH SIK menyatakan dengan tegas bahwa informasi HOAX, tidak benar adanya.</p>
		<p>“Pada dasarnya tidaklah sulit untuk mengenali atau mengetahui sebuah informasi itu hoax atau bukan. Ada beberapa cara sederhana yang dapat dilakukan sebelum kita ikut “terlibat berdosa” karena menyebarkan berita bohong,” jelas Kasat Lantas saat dimintai keterangan oleh awak media siang tadi.</p>
	</text>
</newsitem>