<newsitem itemid="1" id="root" date="1996-08-21" xml:lang="en">
<title>Soal miras berlabel halal, MUI: hoax</title>
	<text>
		<p>Jakarta (ANTARA News) - Wakil Ketua Umum Majelis Ulama Indonesia Zainut Tauhid Saadi mengonfirmasi soal beredarnya gambar botol minuman keras jenis whiskey dan anggur merah dengan label halal yang viral di media sosial.</p>
		<p>"MUI memastikan bahwa berita tersebut adalah hoax dan bentuk fitnah kepada Kementerian Agama dan Majelis Ulama Indonesia," kata Zainut di Jakarta, Selasa.</p>
		<p>Ia mengatakan MUI adalah pihak yang berwenang menetapkan fatwa kehalalan sebuah produk makanan, minuman, obat-obatan dan kosmetika. Sementara Kementerian Agama lewat Badan Penyelenggara Jaminan Produk Halal (BPJPH) adalah pihak yang mengatur administrasi sertifikasi halal.</p>
		<p>MUI lewat LPPOM-MUI sendiri sampai saat ini masih memiliki kewenangan untuk menangani proses sertifikasi halal sebelum berfungsinya BPJPH.</p>
		<p>Menurut dia, perusahaan minuman yang terdapat di gambar viral tersebut tidak pernah mendaftarkan proses sertifikasinya ke LPPOM MUI untuk diperiksa dan diaudit kehalalan produknya. Umumnya, jika sudah lulus uji produk berhak mendapatkan sertifikat halal dan berhak mencantumkan label halal pada produknya.</p>
		<p>"Kami memastikan bahwa tidak pernah mengeluarkan sertifikat halal kepada produk minuman tersebut dan tidak pernah mengeluarkan label halal sebagaimana yang dicantumkan pada produk minuman tersebut," kata dia.</p>
		<p>Atas kasus tersebut, Zainut mengatakan MUI meminta aparat kepolisian untuk mengusut tuntas pemalsuan label halal pada produk minuman tersebut dan menindak tegas kepada pelaku dengan memberikan hukuman yang berat.</p>
		<p>Hukuman berat, lanjut dia, harus dijatuhkan jika pelaku terbukti bersalah karena telah menipu umat Islam dengan memalsukan label halal tanpa melalui sebuah proses dan prosedur sertifikasi yang sesuai dengan ketentuan undang-undang.</p>
	</text>
</newsitem>