<newsitem itemid="1" id="root" date="1996-08-21" xml:lang="en">
<title>Tusuk Gigi Penyebar HIV Itu Bohong</title>
	<text>
		<p>Sebagian masyarakat mungkin pernah menerima pesan broadcast terkait keberadaan tusuk gigi di rumah makan-rumah makan, yang telah terkontaminasi virus HIV. Dalam pesan itu disebutkan, virus HIV pada tusuk gigi itu berasal dari penderita HIV yang sengaja melukai dirinya dengan menggunakan tusuk gigi, lalu meletakkannya kembali supaya digunakan oleh orang lain.</p>
		<p>Benarkah pesan itu?</p>
		<p>"Itu bohong, jangan seolah-olah penderita HIV digambarkan mereka usil dan jahat, itu enggak benar. Lagipula virus itu akan mati di udara luar," kata Ketua Kelompok Kerja HIV RSUD Tarakan, Jakarta Pusat, Ekarini Aryasatiani saat diskusi di Jakarta, Kamis (24/11/2011).</p>
		<p>Eka menyayangkan ulah oknum yang sengaja menyebarkan kabar sesat itu. Pasalnya, hingga kini masih banyak orang yang belum bisa menerima keberadaan para penderita HIV/AIDS. "Mari sama-sama jangan stigma terhadap mereka," tandasnya.</p>
		<p>Dijelaskannya secara medis, meskipun penularan virus HIV salah satunya melalui transfusi darah, namun penularan virus lewat benda-benda bekas pakai penderita HIV tidaklah mudah. Sekali pun, tanpa sengaja tertusuk jarum suntik milik penderita. "Risiko transmisi HIV setelah tertusuk jarum itu 4:1000," jelasnya.</p>
		<p>Itulah sebabnya, kata Eka, pekerja kesehatan tidak rentan tertular virus HIV dari pasien. Padahal, mereka secara intensif kontak dengan pasien, bahkan terkadang tanpa sengaja tergores jarum suntik bekas pasien.</p>
		<p>"Tahun 2010 ada pemeriksaan terhadap 400 orang tenaga kesehatan di RSCM, ternyata setelah bertahun-tahun mereka tidak terjangkit HIV. Kalau pun pernah ada kasus, mereka terjangkit dari luar rumah sakit," paparnya.</p>
		<p>"Malah lebih besar risiko transmisi virus hepatitis B lewat jarum suntik," imbuhnya.</p>
	</text>
</newsitem>