<newsitem itemid="1" id="root" date="1996-08-21" xml:lang="en">
<title>[HOAKS] Pesan Berantai Nomor Telepon Densus 88</title>
	<text>
		<p>Pesan berantai yang menyebutkan nomor telepon Densus 88 untuk melaporkan hal-hal terkait terorisme dipastikan hoaks.</p>
		<p>Bunyi pesan itu:</p>
		<p>Ada informasi sekecil apapun tentang teroris, lapor ke Densus 88, peran kita penting sekali.  Simpan no ini, suatu hari siapa tahu kita perlu.</p>
		<p>Lapor ke Densus 88: </p>
		<p>0812 1298686</p>
		<p>0811 680 9090</p>
		<p>0811 216 7777</p>
		<p>Sebarkan seluas-luasnya ke group Anda.</p>
		<p>Penelusuran Kompas.com:</p>
		<p>Kompas.com mengonfirmasi informasi ini kepada Kepala Biro Penerangan Masyarakat Divisi Humas Polri Brigjen Pol M Iqbal.</p>
		<p>Ia menegaskan, informasi itu hoaks</p>
	</text>
</newsitem>