<newsitem itemid="1" id="root" date="1996-08-21" xml:lang="en">
<title>Hati-hati, Hoax Promo Tiket Gratis Garuda Indonesia</title>
	<text>
		<p>Hati-hati bagi Anda yang menemukan promo tiket gratis dua buah yang mengatasnamakan Garuda Indonesia.Sebab, maskapai BUMN itu memastikan tidak pernah mengeluarkan informasi mengenai promo potongan harga tiket pesawat maupun promo tiket pesawat gratis tersebut dalam rangka HUT ke-69.</p>
		<p>Baru-baru ini beredar di pesan instan, dua tautan yakni http://www.garuda-indones?a.com/tikets atau domain link http://www.xn--garuda-indonesa-llc.com. Dua tautan itu menawarkan promo gratis tiket Garuda Indonesia.</p>
		<p>Untuk tautan pertama saat dicek pada desktop tak bisa diakses. Sedangkan tautan kedua, saat pengguna mengklik di smartphone, maka diminta untuk mengisi formulir survei. Kemungkinan promo palsu ini menyasar pengguna perangkat mobile.</p>
		<p>"Garuda Indonesia memastikan bahwa informasi promo tiket tersebut tidak valid dan bukan informasi resmi dari Garuda Indonesia," ujar Garuda Indonesia dalam keterangan resminya, Rabu 9 Mei 2018. Dilansir dari Viva.co.id.</p>
		<p>Untuk itu, Garuda Indonesia mengingatkan kepada pengguna bahwa seluruh informasi terkait promo tiket dan kegiatan pemasaran lainnya hanya dapat diakses melalui website, aplikasi mobile dan akun resmi media sosial milik Garuda Indonesia.</p>
	</text>
</newsitem>