<newsitem itemid="1" id="root" date="1996-08-21" xml:lang="en">
<title>Kemkominfo Buat Help Desk Registrasi Kartu Prabayar, Itu Hoax</title>
	<text>
		<p>Kebijakan pemerintah untuk melakukan registrasi kartu prabayar  dinilai cukup merepotkan beberapa pihak. Sebab, banyak terjadi kegagalan saat mendaftar walaupun sudah mengikuti format yang dibuat pemerintah.</p>
		<p>Saat ini beredar informasi bahwa Kementerian Komunikasi dan Informatika (Kemkominfo) membuat help desk untuk membantu masyarakat yang kesulitan dalam registrasi kartu prabayar.</p>
		<p>Namun menurut Pelaksana tugas Kepala Biro Humas Kementerian Komunikasi dan Informatika, Noor Iza, kabar tersebut tidak benar.</p>
		<p>”Tidak benar itu. Kami dorong untuk inbox ke Facebook Kemkominfo,” kata Noor melalui pesan singkat kepada Tempo, Rabu, 28 Februari 2018.</p>
		<p>Sebelumnya, informasi yang beredar tersebut menyebutkan help desk yang dibuat Kemkominfo untuk membantu registrasi ulang kartu prabayar dilakukan pada pukul 09.00 – 11.00 dan pukul 14.00 – 16.00. Dalam informasi tersebut masyarakat juga harus memenuhi beberapa ketentuan seperti mengirimkan nomor handphone yang akan diregistrasi, foto KTP dan Foto Kartu Keluarga ke nomor yang tertera dalam informasi tersebut.</p>
		<p>Tak hanya itu masyarakat juga diminta untuk mengirimkan kode OTP/token ke nomer tersebut.</p>
	</text>
</newsitem>