<newsitem itemid="1" id="root" date="1996-08-21" xml:lang="en">
<title>Hoax Hambat Imunisasi Rubella</title>
	<text>
		<p>Program imunisasi campak dan rubela (measles rubella/MR) mengalami kendala. Sejumlah wali murid menolak anaknya diimunisasi. Alasannya, cairan yang disuntikkan ke tubuh anak itu diduga mengandung unsur babi. Padahal, informasi tersebut tidak benar.</p>
		<p>Kepala Dinkes Pamekasan Ismail Bey mengatakan, target imunisasi MR 186.536 anak. Golongan usianya 9 bulan sampai 15 tahun. Target capaian imunisasi yang merupakan komitmen global itu sebanyak 95 persen.</p>
		<p>Hanya, pada perjalanannya, pemerintah mendapat kendala. Yakni, penolakan dari sejumlah orang tua murid. Penolakan itu lantaran imunisasi tersebut dikabarkan tidak halal. Yakni, mengandung enzim babi.</p>
		<p>Kabar tidak benar itu mempengaruhi orang tua murid. Akibatnya, banyak yang tidak memperkenankan anaknya diimunisasi. Ismail menyampaikan, kabar bahwa imunisasi MR mengandung babi tidak benar. Kementerian Kesehatan (Kemenkes) telah memastikan imunisasi itu bebas dari enzim hewan yang diharamkan dalam agama Islam itu.</p>
		<p>Hanya, hingga sekarang imunisasi itu memang belum berlabel halal. Kemenkes masih mengajukan ke Majelis Ulama Indonesia (MUI) terkait label itu. ”Tidak semua barang yang tidak ada label halalnya, haram,” katanya kemarin (25/8). Dilansir dari Jawapos.com</p>
	</text>
</newsitem>