<newsitem itemid="1" id="root" date="1996-08-21" xml:lang="en">
<title>Video Mark Zuckerberg Umumkan Hapus Facebook</title>
	<text>
		<p>Liputan6.com, Jakarta - Pemilik Facebook Mark Zuckerberg mengajak publik untuk menghapus Facebook. Ajakan itu dimuat dalam sebuah video yang viral dan ditonton hingga 34 juta kali.</p>
		<p>Namun, video itu ternyata palsu. Pembuatnya merupakan seorang pembuat film asal Los Angeles bernama Adrew Oleck. Dia memang punya mimpi untuk membuat sebuah video yang bisa viral.</p>
		<p>Video itu berdurasi tiga menit yang berisi Mark Zuckerberg menyebut dirinya memutuskan untuk menghapus Facebook itu pun diunggah Oleck, 1 April 2018 lalu.</p>
		<p>Video dengan judul "A World Without Facebook" merupakan video palsu berisi Mark Zuckerberg yang menjelaskan tentang bagaimana berita hoax membantunya memutuskan untuk menghapus Facebook secara keseluruhan.</p>
		<p>Sebagaimana Tekno Liputan6.com kutip dari Gizmodo UK, Minggu (22/4/2018), sejumlah orang percaya bahwa video tersebut asli. Padahal tampak jelas ada beberapa gerakan canggung dari Zuckerberg.</p>
		<p>Misalnya saja, bibir Zuckerberg yang tampak terlalu besar dan bergerak canggung. Si pembuat video tampaknya menggunakan aplikasi untuk menggabungkan antara bibir yang bergerak itu dengan wajah Zuck.</p>
		<p>Tidak hanya itu, suara Mark Zuckerberg pun terdengar berbeda dan tidak natural, rupanya suara tersebut tak lain adalah suara Oleck.</p>
		<p>Fakta:</p>
		<p>VIdeo dibuat seorang pembuat film bernama Adrew Oleck. Dibuat dengan sebuah aplikasi yang mampu menyatukan bibir bergerak dengan gambar wajah.</p>
	</text>
</newsitem>