<newsitem itemid="1" id="root" date="1996-08-21" xml:lang="en">
<title>Motor meledak karena handphone di dalam jok.</title>
	<text>
		<p>Ada dua foto yang digunakan penyebar hoax seputar bahaya menyimpan telepon seluler di bawah jok.</p>
		<p>Foto pertama yakni adanya motor Yamaha Mio berkelir biru muda terbakar di bagian joknya yang meleleh. Foto itu dipakai untuk menguatkan pesan yang ingin disampaikan kepada penyebar hoax.</p>
		<p>Tetapi ada keganjilan, yakni pelat nomor yang digunakan, yakni AGF 5446.</p>
		<p>Nampak sekali kalau itu bukan motor di Indonesia. "Kami juga bingung itu pelat nomor mana, tidak ada itu. Kami memang sempat ngecek kejadiannya, sekali lagi ditegaskan itu tidak benar," kata Aiptu Supono menambahkan.</p>
		<p>Keganjilan kedua, ada pada foto broadcast lainnya, di mana menggunakan gambar sejumlah orang yang terkapar di jalanan dengan motor-motor di sisinya. Dari hasil penelusuran, ternyata foto tersebut merupakan kecelakaan yang terjadi di kawasan Bojonegoro, Jawa Timur, Mei 2017 lalu, melibatkan sebuah motor CBR150R dan Honda Vario 150.</p>
		<p>Atas informasi itu, suarasurabaya.net melakukan konfirmasi ke AKP Melisa Amelia Kasatlantas Polres Pasuruan yang membawahi daerah Purwosari. "Itu hoax" kata dia, Rabu (3/5/2017).</p>
		<p>Beberapa hari lalu saat menerima informasi tersebut, AKP Melisa langsung memeriksa catatan kejadian di wilayahnya. "Tidak ada info kecelakaan seperti itu," ujarnya.</p>
		<p>Dikatakan juga olehnya, Asisten Pribadi Kapolda Jawa Timur juga mengecek informasi itu ke dirinya dan disebutkan juga, informasi itu hoax.</p>
		<p>"Kalau disebutkan di Purwosari, Jawa Timur, salah satunya ada di wilayah kita. Kita pastikan itu tidak ada," katanya.</p>
	</text>
</newsitem>