<newsitem itemid="1" id="root" date="1996-08-21" xml:lang="en">
<title>Informasi Pemutihan SIM di Media Sosial Ternyata Hoax, Ini Kata Polisi</title>
	<text>
		<p>Satlantas Polrestabes Bandung meminta masyarakat tidak percaya dengan adanya informasi tentang pemutihan SIM (Surat Izin Mengemudi).</p>
		<p>Kanit Regident SatLantas Polrestabes Bandung, AKP, Atik Suswanti, mengatakan bahwa informasi yang beredar ramai melalui media sosial (medsos) pada Selasa (3/4/2018), malam, sama sekali tidak benar alias hoax.</p>
		<p>"Jangan percaya terhadap informasi mengenai pemutihan SIM, ini adalah informasi palsu atau hoax yang disebarkan oleh orang yang tidak bertanggung jawab," ujar Atik, kepada Tribun Jabar, melalui ponselnya, Kota Bandung, Rabu (4/4/2018).</p>
		<p>Menurutnya, layanan SIM yang dilakukan oleh Polri tidak ada kebijakan mengenai pemutihan. Informasi yang beredar dan viral di medsos tersebut sama sekali tak benar.</p>
		<p>"Kami tegaskan kembali bahwa tidak ada pemutihan dalam proses pembuatan SIM yang telah habis masa berlakunya. SIM yang telah expired harus kembali mengikuti proses pembuatan baru kembali, baik golongan SIM apapun," ujar Atik.</p>
		<p>Sementara itu, pihak Polri, kata dia, akan bertindak tegas terhadap pembuat dan penyebar informasi Hoax tersebut.</p>
	</text>
</newsitem>