<newsitem itemid="1" id="root" date="1996-08-21" xml:lang="en">
<title>Hoax Akan Terjadi Gempa di Malang Selatan</title>
	<text>
		<p>Dampak dari gempa yang terjadi di Banjarnegara, Jawa Tengah, akan merembet ke wilayah pesisir Malang Selatan. Hal ini setelah beredar kabar melalui pesan berantai melalui pesan aplikasi WhatssApp akan terjadi gempa bumi di wilayah tersebut.</p> 
		<p>Pesan berantai itu membuat warga daerah pesisir Malang Selatan menjadi resah.</p>
		<p>Isi pesan yang tersebar di grup WhatssApp itu bertuliskan “Informasi buat warga Malang Selatan diharapkan keluar rumah pukul 22.30-23.59 nanti malam. Dikarenakan BMKG sudah mengeluarkan rilis akan terjadinya gempa akibat imbas dari gempa Banjarnegara. Hanya meneruskan pesan demi keselamatan bersama,” tulis pesan itu.</p>
		<p>Pesan berantai di grup tersebut langsung ditanggapi beberapa warga yang tidak mempercayainya. “Hoax itu, gempa tidak bisa diprediksi oleh BMKG,” tulis salah satu anggota pesan grup tersebut.</p> 
		<p>Adapula yang memberikan imbauan supaya waspada terkait terjadinya gempa. “Benar tidaknya pesan itu, sebaiknya waspada saja,” ujar anggota lain.</p>
		<p>Badan Meteorologi Klimatologi dan Geofisika (BMKG) Stasiun Geofisika (Satgeo) Karangkates membantah BMKG telah mengeluarkan peringatan gempa tersebut. “Peringatan akan terjadinya gempa tersebut tidak benar dan dipastikan hoax. Masyarakat jangan mudah percaya begitu saja,” ujar Kepala BMKG Satgeo Karangkates, Musripan kepada malang-post.com.</p>
		<p>Dia menjelaskan, setiap BMKG mengeluarkan rilis atau peringatan dini, maka akan disampaikan melalui situs resmi maupun akun media sosial yang resmi. “Selain itu, terjadinya gempa tidak bisa diprediksi secara pasti waktunya,” imbuhnya.</p>
		<p>Maka dari itu, dia mengimbau kepada masyarakat khususnya di Malang Selatan untuk tidak panik. Meski demikian, masyarakat tetap diimbau waspada terkait terjadinya tanda-tanda alam di sekitar lingkungan mereka.</p>
		<p>“Gempa bisa terjadi sewaktu-waktu. Namun, masyarakat tidak perlu resah dan tetap waspada. Yang paling penting lagi, jangan mudah percaya terhadap pesan yang belum tentu kebenarannya dan bukan berasal dari kami,” pungkasnya.</p>
	</text>
</newsitem>