<newsitem itemid="1" id="root" date="1996-08-21" xml:lang="en">
<title>IPO Xiaomi Diwarnai Hoaks Bagi-bagi Saham Rp 140 Triliun</title>
	<text>
		<p>KOMPAS.com - Pengajuan penawaran umum saham perdana (initial public offering/IPO)  Xiaomi di bursa Hong Kong menjadi yang terbesar semenjak 2014. Kabar tersebut tak hanya menarik perhatian para investor atau Mi Fans saja, namun juga para penyebar hoaks.</p>
		<p>Sebuah pesan singkat beredar di China pada Kamis (3/5/2018), tepat saat Xiaomi mengajukan izin IPO di Hong Kong. Dalam pesan tersebut, nama CEO Xiomi, Lei Jun dicatut untuk meminta 1.000 yuan (Rp 2,2 juta) dari para penerima pesan, agar pendaftaran IPO Xiaomi lancar.</p>
		<p>"Halo, saya Lei Jun. Saat ini saya sedang mengajukan aplikasi di Hong Kong, tapi kartu bank saya tidak bisa digunakan di sini, saya hanya butuh 1.000 yuan (Rp 2,2 juta) agar pengajuan tersebut berhasil. Saya telah memilih Anda, orang asing. Jika Anda mengirim 1.000 yuan ke rekening bank saya, Anda akan diberikan 10 persen saham Xiaomi setelah pengajuan kami sukses dilakukan," tulis pesan hoaks tersebut.</p>
		<p>Nominal IPO yang diajukan memang tak diumbar spesifik oleh Xiaomi. Dari kabar yang beredar, valuasi IPO yang ditargetkan sebesar 100 miliar dollar AS (sekitar Rp 1.400 triliun).</p>
		<p>Sempat Tertunda, Inikah Tanggal Peluncuran Xiaomi Mi 7?Xiaomi Redmi S2 Belum Resmi, Video "Hands On" Sudah Beredar</p>
		<p>Itu artinya, 10 persennya adalah 10 miliar dollar AS (sekitar Rp 140 triliun), atau kurang lebih 63,6 juta kali lebih besar dari 1.000 yuan (Rp 2,2 juta) yang diminta pesan hoaks tersebut.</p>
		<p>IPO Xiaomi menjadi yang terbesar sejak 2014, setelah Alibaba Group mencatatakan angka valuasi tertinggi 231 miliar dollar AS (sekitar Rp 3.182 trilun).</p>
		<p>Dilansir KompasTekno dari South China Morning Post, Senin (7/5/2018), IPO Xiaomi menjadi ke-15 terbesar dalam sejarah, dan terbesar keempat di Hong Kong.</p>
		<p>Dalam surat terbuka yang ditulis Lei Jun pada Kamis pagi, ia mengungkapkan ambisinya untuk merajai industri smartphone dunia.</p>
		<p>"Apa yang ingin dibangun Xiaomi jelas bukan kerajaan bisnis yang tertutup," kata Lei dari surat terbukannya yang diposting melalui akun WeChat resminya.</p>
	</text>
</newsitem>