<newsitem itemid="1" id="root" date="1996-08-21" xml:lang="en">
<title>Tanggapi hoax soal fluoride, AQUA tegaskan produk aman dikonsumsi</title>
	<text>
		<p>Merdeka.com - Berita bohong atau hoax banyak beredar lewat platform media sosial belakangan ini. Maka itu, kita harus bersikap cerdas memilih dan memilah informasi.</p>
		<p>Nah, baru-baru ini beredar informasi mengenai kandungan fluoride pada air minum dalam kemasan (AMDK), yang dianggap berbahaya. Beberapa merek AMDK termasuk AQUA ada dalam satu list yang dianggap berbahaya itu.</p>
		<p>Informasi itu adalah hoax, demikian penegasan produsen AQUA dalam klarifikasi kepada Merdeka.com, hari ini (5/5/18).</p>
		<p>Dalam keterangannya, ditegaskan AQUA aman dikonsumsi atau diminum. Sebab, kandungan fluoride dalam produk AQUA tidak lebih dari 0,5 miligram per liter. Kandungan itu jauh di bawah batas yang ditetapkan oleh Kementerian Kesehatan dan badan Kesehatan Dunia (WHO), yakni 1,5 miligram per liter.</p>
		<p>Seperti disebutkan Peraturan Menteri Kesehatan Republik Indonesia No 492 Tahun 2010 tentang Persyaratan Kualitas Air Minum.</p>
		<p>Selain itu, kandungan fluoride di AQUA selalu dipantau secara berkala. Sebagai produk AMDK, Aqua juga mendapatkan sertifikat SNI, serta dipantau oleh Lembaga Sertifikasi Produk.</p>
		<p>"Fluoride merupakan kandungan mineral alami yang terdapat dalam sumber air. Mineral ini berkhasiat bagi tubuh sebagai salah satu zat gizi mikro. Jika dikonsumsi dalam jumlah cukup, fluoride bermanfaat untuk mencegah karies gigi dan berperan penting dalam pembentukan email gigi pada anak-anak," tulis AQUA dalam rilisnya.</p>
		<p>"Badan POM mengimbau kepada masyarakat agar teliti membaca label. Jadilah konsumen cerdas, yang tidak mudah terpengaruh oleh isu di media sosial. Jika ragu-ragu atau ingin mendapatkan informasi lebih lanjut, hubungi Contact Center HALO BPOM 500533 atau sms ke 081.21.9999.533 atau email: halobpom@pom.go.id," demikian tulis Badan POM.</p>
	</text>
</newsitem>