<newsitem itemid="1" id="root" date="1996-08-21" xml:lang="en">
<title> BNN: 'Hoaks', Permen Susu yang Disebut Mengandung PCC</title>
	<text>
		<p>Kepala Humas Badan Narkotika Nasional (BNN) Kombes Sulistiandriatmoko mengatakan, informasi yang beredar di masyarakat mengenai permen susu mengandung paracetamol caffein carisoprodol (PCC) adalah informasi palsu atau Hoaks.</p>
		<p>Chat dan beberapa gambar permen susu dengan bentuk binatang beberapa hari terakhir beredar di jejaring media sosial. </p>
		<p>Disebutkan bahwa permen susu tersebut mengadung PCC yang menyebar di kalangan murid sekolah dasar.</p>
		<p>"Telah beredar luas di media sosial tentang peredaran narkoba dengan sasaran anak-anak dalam bentuk permen susu di wilayah Ambarawa. Perlu diketahui, informasi itu Hoaks atau berita bohong," kata Sulis saat dihubungi Kompas.com, Sabtu (23/9/2017).</p>
		<p>Menurut Sulis, pihak terkait seperti Direktorat Reserse Kriminal Khusus Polda Jawa Tengah bersama Badan Pengawas Obat dan Makanan sudah mengecek seluruh sekolah dan pasar di sana.</p>
		<p>Dari hasil pengecekan, tidak didapati sama sekali permen susu yang dimaksud mengandung PCC.</p>
	</text>
</newsitem>