<newsitem itemid="1" id="root" date="1996-08-21" xml:lang="en">
<title>Hoax! Polisi Internet Mata-matai WhatsApp dan BBM</title>
	<text>
		<p>Kabar palsu (hoax) kembali beredar lewat pesan instan. Kali ini menyebut aksi polisi internet Indonesia bakal merazia isi WhatsApp, BlackBerry Messenger (BBM) hingga SMS pengguna.</p>
		<p>Berikut isi pesan berantai yang dimaksud:</p>
		<p>Saat ini system (BDCS) Big Data Cyber Security Indonesia sdh therpasang di Pejaten Jakarta dan DJP, menyusul rencana WanTaNas RI (Dewan Pertahanan Nadional) yg akan mengambil semua informasi melalui Internet di Indonesia.</p>
		<p>Artinya segala percakapan kita di Cyber Social Media (WA, BBM, Telegram, Line, SMS, dll) akan masuk secara otomatis ke dalam BDCS.</p>
		<p>Berkaitan dg hal tsb, maka mulai tgl 29 februari 2016 terbentuk tim Polisi lnternet yg akan mengawasi & melaksanakan operasi penyelidikan terhadap pengeditan info, gambar maupun foto pimpinan negara, simbol negara, & lambang negara.</p>
		<p>Sehubungan dengan hal tsb, hindari kirim berita yg bersifat sensitive (SARA) & gambar2 pemimpin negara, lambang negara & simbol negara untuk bahan kartun, guyonan maupun lelucon lainnya.</p>
		<p>* Polisi Internet melalui teknik internet system akan menelusuri sumber pengirim ke grup tsb.</p>
		<p>* Diharapkan dpt saling mengingatkan & menjaga, utk menghindari kesalahan pengiriman gambar yg bersifat sensitif sebagaimana tsb di atas.</p>
		<p>* Jangan sampai grup social media anda berurusan dgn Polisi Internet (Cyber Crime Police).</p>
		<p>Semoga bermanfaat.</p>
		<p>Ini adalah contoh dampak dari BDCS..? E-KTP ternyata nama dan foto asli kita sudah terdaftar di database internasional. Mohon buka link berikut: Hhttps://www.scrolllock.nl/passport</p>
		<p>Masukkan nama depan, nama belakang, dan negara anda kemudian tekan "search".</p>
		<p>Jangan kaget jika nama dan foto asli dirimu akan langsung ditampilkan. Betapa lemahnya pengamanan database Indonesia dan rawan disalahgunakan.</p>
		<p>Kepala Pusat Informasi dan Humas Kementerian Komunikasi dan Informatika (Kominfo) memastikan bahwa pesan yang beredar tersebut adalah kabar bohong yang tidak jelas asal usulnya.</p>
		<p>"Ini hoax!" tegasnya saat dikonfirmasi media, Kamis (10/3/2016). Dilansir dari Detik.com</p>
	</text>
</newsitem>