<newsitem itemid="1" id="root" date="1996-08-21" xml:lang="en">
<title>Pohon spageti</title>
	<text>
		<p>Pada 1 April 1957, seorang wartawan Eropa mengklarifikasi berita mengenai 'pohon spageti' adalah hoax.</p>
		<p>Berita mengenai sebuah keluarga di selatan Swiss menumbuhkan mi di ladang mereka, awalnya di siarkan dalam sebuah program acara milik BBC, Panorama.</p>
		<p>Setelah kemunculan berita tersebut, ribuan orang menghubungi media tersebut, bertanya bagaimana caranya menanam spageti di kebun.</p>
		<p>Pada masa itu, spageti belum begitu terkenal di Inggris. Sehingga tidak banyak yang menyadari, mi itu terbuat dari tepung dan air. Sumber dari detikcom.</p>
	</text>
</newsitem>