<newsitem itemid="1" id="root" date="1996-08-21" xml:lang="en">
<title>Kadisdukcapil: Perekaman e-KTP 3-5 Mei, Broadcast Hoax</title>
	<text>
		<p>Beredarnya broadcast rekam KTP Elektrik (e-KTP) membuat Kepala Dinas Kependudukan dan Pencatatan Sipil Provinsi Lampung Achmad Syaefullah angkat bicara. Dia menyatakan, sebaran informasi mengenai perekaman e-KTP di GSG Unila besok itu Hoax.</p>
		<p>Kepada radarlampung.co.id, dia mengatakan, saat ini masih melakukan peninjauan tempat dan pelaksanaan direncanakan tanggal 3-5 Mei mendatang.</p>
		<p>“Itu sebenarnya kemarin baru rencana. Saya juga enggak tahu siapa yang bocorin. Padahal belum diinfokan. Rencananya ya tanggal 3-5 Mei, mendatang,” kata dia.</p>
		<p>Diketahui, beredar broadcast yang berisi:</p>
		<p>Kaloada handay taulan yg blom punya ektp</p>
		<p>Di info khan buat masyarakat yang belum pernah melakukan perekaman e ktp ada perekaman dan KTP langsung jadi di gsg unila dr tgl 17 -19 April yang diadakan langsung oleh Dirjen Catatan Sipil Jakarta..manfaat kesempatan ini..syarat membawa KK saja. Demikian bunyi bradcast tersebut.</p>
	</text>
</newsitem>