<newsitem itemid="1" id="root" date="1996-08-21" xml:lang="en">
<title>Broadcast BBM server BlackBerry penuh, bohong!</title>
	<text>
		<p>Terkait adanya gangguan jaringan pada BlackBerry Messenger (BBM) kemarin (3/7) di Indonesia, telah banyak tersiar kabar bahwa BlackBerry tengah mengalami perbaikan dan akan memblokir sebanyak 70 persen pengguna BlackBerry</p>
		<p>Beberapa saat yang lalu, tim Merdeka.com melakukan konfirmasi pada Juru Bicara BlackBerry Indonesia, Aeran Ismail, yang mengatakan bahwa kabar tersebut bohong.</p>
		<p>"Itu jelas hoax. Kami tidak pernah mengeluarkan statement seperti itu," ujar Aeran kepada merdeka.com</p>
		<p>Hal ini juga berlaku pada banyaknya broadcast messages yang mengatakan bahwa server BlackBerry kini telah penuh dan harus melakukan registrasi dengan cara menyebarkan ulang broadcast messages tersebut. Hal ini dimaksudkan agar pihak BlackBerry mengerti seberapa banyak pengguna aktif, sehingga bagi yang tidak menyebarkan akan dinonaktifkan hingga batas waktu yang telah ditentukan.</p>
		<p>Hal tersebut telah dinyatakan sebagai kebohongan publik karena memang BlackBerry tidak pernah mengatakan seperti itu. Bahkan beberapa pesan broadcast tersebut menyantumkan beberapa media nasional sebagai penguat bahwa berita tersebut memang benar.</p>
		<p>Aeran Ismail mengimbau kepada masyarakat Indonesia agar tidak percaya pada isu tersebut karena itu hanya perbuatan orang-orang iseng saja.</p>
	</text>
</newsitem>