<newsitem itemid="1" id="root" date="1996-08-21" xml:lang="en">
<title>Viral Pengeroyokan Marbut di Garut, Polisi : Hoax dan Rekayasa</title>
	<text>
		<p>Beredar di media sosial unggahan yang menyatakan seorang marbut Masjid Besar Al-Istiqomah Pameungpeuk, Kabupaten Garut disiksa lima orang tak dikenal. Setelah diselidiki polisi, informasi tersebut ternyata hoax dan rekayasa.</p>
		<p>Direktur Reserse Kriminal Umum Polda Jabar Kombes Umar Surya Fana menjelaskan tak lama setelah kabar tersebut ramai diperbincangkan di Facebook polisi langsung menyelidikinya.</p>
		<p>Polisi langsung melakukan pra rekonstruksi di lokasi. Hasilnya, polisi menemukan sejumlah kejanggalan.</p>
		<p>"Tidak ditemukan adanya luka sedikit pun pada tubuh sebagaimana pengakuan korban dibacok oleh pelaku sebanyak lima orang," kata Umar dalam rilis yang diterima detikcom, Rabu (28/2/18) sore.</p>
		<p>Informasi yang dihimpun, marbut yang diketahui bernama Uyu Ruhyana itu mengaku dikeroyok pagi tadi sekitar pukul 04.20 WIB. Umar menjelaskan, polisi dari Polsek Pameungpeuk padahal tengah berada di sekitar lokasi kejadian pada jam tersebut.</p>
		<p>"Pada jam tersebut Polsek Pameungpeuk melakukan patroli ke TKP dan tidak ditemukan adanya orang di sekitar masjid atau suara dari dalam masjid tersebut," katanya.</p>
		<p>Dirasa mencurigakan, sambung Umar, pihaknya kemudian kembali memeriksa Uyu setelah melakukan pra rekonstruksi. Ternyata Uyu mengakui peristiwa tersebut merupakan rekayasa.</p>
		<p>"Korban mengakui bahwasanya peristiwa tersebut merupakan rekayasa dari korban itu sendiri," ujar dia.</p>
		<p>Kepada polisi, Uyu mengaku nekat melakukan hal tersebut lantaran permasalahan ekonomi. "Motifnya adalah masalah ekonomi, di mana korban selaku marbut masjid tidak ada yang memperhatikan," katanya.</p>
		<p>Dari hasil penyelidikan dan pra rekonstruksi yang digelar hari ini, polisi menyimpulkan jika kejadian yang ramai diperbincangkan di Facebook adalah bohong dan rekayasa.</p>
		<p>Sekadar diketahui, pengguna media sosial Facebook dihebohkan dengan unggahan salah satu akun bernama Arief Arafah. Pemilik akun mengunggah tiga foto dan sebuah video ke Facebooknya pagi tadi.</p>
		<p>Dalam unggahan tersebut, pemilik akun menyatakan telah terjadi pengeroyokan terhadap Uyu.</p>
		<p>"Tkp di dalam masjid... mau azan tak jadi.. ada 5 orang.. setelah menanyakan ulama pameungpeuk ketua MUI pelaku menyerang memukul imam masjid menggunakan golok.. tp Allohloh melindungi hanya sakit di kepala..," kata pemilik akun dalam kolom komentar.</p>
		<p>Sejak pertama diunggah, unggahan tersebut telah dibagikan lebih dari 11 ribu pengguna.</p>
		</text>
</newsitem>