<newsitem itemid="1" id="root" date="1996-08-21" xml:lang="en">
<title>Heboh Kabar Facebook Ditutup 24 April Ini, Hoax atau Benar?</title>
	<text>
		<p>TRIBUNPEKANBARU.COM -  Kabar Facebook ditutup atau diblokir untuk pengguna media sosial Indonesia pada 24 April 2018 bikin heboh dan viral sejak sepekan terakhir.</p>
		<p>Netizen, khususnya pemakai Facebook beramai-ramai posting status "Facebook akan ditutup", ada juga yang mengunggah "sebelum Facebook ditutup posting status atau foto dulu."</p>
		<p>Kabar ditutupnya Facebook juga menjadi pro dan kontra di antara netizen.</p>
		<p>Meski begitu, rumor yang viral dan beredar luas di media sosial khususnya Facebook itu, dipastikan tidak benar alias hoaks.</p>
		<p>Pemerintah memang bisa beri sanksi tegas memblokir Facebook, karena data satu juta pengguna Indonesia ikut bocor dalam skandal Cambridge Analytica (CA).</p>
		<p>Namun tak ada kepastian bahwa tanggal 24 April mendatang, Facebook benar-benar akan diblokir di Indonesia.</p>
	</text>
</newsitem>