<newsitem itemid="1" id="root" date="1996-08-21" xml:lang="en">
<title>MUI Bantah Keluarkan Fatwa Haram Pengibaran Bendera di Masjid</title>
	<text>
		<p>TRIBUNNEWS.COM, JAKARTA - Menjelang perayaan HUT Kemerdekaan RI ke 72, Majelis Ulama Indonesia (MUI) dilanda berita 'hoax,' terkait fatwa haram pengibaran bendera di masjid.</p>
		<p>Salah satu penyebar informasi palsu itu, adalah situasi muipusat.wordpress.com.</p>
		<p>Sekretaris Komisi Fatwa MUI, Asrorun Niam Sholeh, memastikan bahwa informasi tersebut tidak benar.</p>
		<p>MUI tidak pernah mengesahkan fatwa haram pemasangan bendera di masjid, seperti yang diberitakan oleh situs-situs penebar informasi hoax.</p>
		<p>"Hoax ini adalah modus kejahatan terencana. Hoax ini disebarkan dengan nada fitnah provokatif, dan mengundang keresahan," ujarnya kepada wartawan di kantor MUI, Jakarta Pusat, Rabu (16/8/2017).</p>
		<p>Asrorun Ni'am Sholeh mengaku sudah berkordinasi dengan Bareskrim Mabes Polri, dan dengan pejabat Kementerian Komunikasi dan Informatika (Kominfo), untuk menangani situas tersebut agar tidak menyesatkan masyarakat.</p>
		<p>"MUI juga meminta masyarakat untuk tidak menyebarkan, karena pembuat dan penyebar (info hoax) secara sadar, itu tidak tepat secara etika dan hukum" katanya.</p>
		<p>Ia berharap selain penyebaran informasi hoax itu bisa dibendung, pelaku-pelaku yang bertanggungjawab atas tersebarnya informasi hoax itu, bisa segera diseret ke muka hukum, untuk mempertanggungjawabkan perbuatannya.</p>
		<p>"Saya dapat info sekarang sudah ditindaklanjuti," katanya.</p>
	</text>
</newsitem>