<newsitem itemid="1" id="root" date="1996-08-21" xml:lang="en">
<title>Viral, Beredar Foto Jarum Suntik 'Penular' HIV-AIDS di Toilet Umum</title>
	<text>
		<p>Baru-baru ini media sosial ramai dengan foto jarum suntik di toilet umum. Disebutkan jarum tersebut sengaja dipasang untuk menularkan HIV-AIDS pada masyarakat.</p>
		<p>Isu</p>
		<p>"Hati-hati mengambil tisu di toilet umum! Tolong beritahu orang-orang yang kita sayangi, anak, orang tua dan keluarga, dll. Orang yang kena HIV/AIDS dengan sengaja menaruh jarum suntik bekas mereka di dekat tisu toilet umum."</p>
		<p>Informasi beserta foto jarum suntik yang 'menempel' di tempat tisu toilet umum ini viral di media sosial. Disebutkan jarum tersebut sengaja dipasang untuk menularkan HIV-AIDS pada masyarakat.</p>
		<p>Investigasi detikcom</p>
		<p>Apakah benar bahwa metode penularan dengan jarum suntik di toilet umum ini benar-benar bisa menularkan HIV-AIDS? detikHealth melakukan wawancara dengan Prof dr Zubairi Djoerban, SpPD, KHOM, FINASIM yang sehari-hari praktik di Rumah Sakit Cipto Mangunkusumo (RSCM), terkait informasi ini.</p>
		<p>Guru Besar Ilmu Penyakit Dalam Fakultas Kedokteran Universitas Indonesia yang dikenal sebagai penemu kasus pertama sekaligus pionir penanganan HIV dan AIDS di Indonesia ini menegaskan bahwa berita tersebut tidak perlu dikhawatirkan berlebihan. Menurut Prof Zubairi, risiko penularannya amat sangat rendah sekali, bahkan hampir bisa dibilang sulit.</p>
		<p>"Penularan bisa mudah terjadi kalau darahnya segar, lalu masuk ke tubuh orang lain. Kalau darahnya sudah beberapa hari, ya pasti makin lemah, makin rendah juga risiko penularannya," tutur Prof Zubairi.</p>
	</text>
</newsitem>