<newsitem itemid="1" id="root" date="1996-08-21" xml:lang="en">
<title>Beras Plastik: Rumor atau Fakta?</title>
	<text>
		<p>Seorang perempuan terlihat mengepalkan nasi menjadi bulatan sebesar bola ping-pong. Sembari menunggu kepalan nasi usai, rekaman video berpindah, menyorot nama rumah makan yang tertera di kotak nasi.</p>
		<p>Si Perempuan lalu melempar bola nasi, dan memantul. Mereka pun ribut, menduga nasi itu terbuat dari beras plastik.</p>
		<p>“Kalau nasi biasa itu lengket, ternyata ini adalah nasi karet, nasi plastik. Teman-teman hati-hati ya,” begitu kalimat peringatan dari si perekam.</p>
		<p>Rumor mengenai beras plastik juga pernah mengemuka pada 2015. Saat itu, seorang warga Bekasi menduga beras yang dibelinya adalah beras plastik. Menurutnya, ketika dimasak, bulir beras tidak menyatu dengan air.</p>
		<p>Isu tersebut makin kencang berhembus lantaran salah satu laboratorium terbesar di Indonesia, PT Sucofindo membenarkan adanya kandungan plastik dalam beras.</p>
		<p>Meski isu tentang beras plastik selalu muncul dan tenggelam, masyarakat tak perlu resah, Sebab temuan BPOM berseberangan dengan hasil lab PT. Sucofindo. BPOM tak menemukan adanya kontaminasi plastik dalam beras yang diuji coba. PT. Sucofindo pun tak pernah mengklarifikasi temuan mereka.</p>
		<p>Dilakukan pengujian titik leleh beras menggunakan alat Differential Scanning Calorymeter (DSC), tapi kesemuanya menunjukkan hasil negatif.</p>
		<p>Untuk memperkuat hasil pengujian itu, dilakukan uji kesetaraan substansi dengan beras standar, meliputi analisis proksimat dan logam berat. Hasilnya tetap tidak ditemukan adanya polimer dalam beras. Dilansir dari Tirto.id.</p>
	</text>
</newsitem>