<newsitem itemid="1" id="root" date="1996-08-21" xml:lang="en">
<title>Pokemon Go, Om Telolet Om dan Yahudi.</title>
	<text>
		<p>Game Pokemon Go yang pernah mewabah di Indonesia bahkan seluruh dunia sempat terganggu dengan kabar berita hoax. Di media sosial beredar link yang menyebutkan jika Pokemon memiliki arti yang negatif dan menyudutkan salah satu agama.</p>
		<p>Tapi apakah hal itu benar?</p>
		<p>Ini penjelasannya. Banyak beredar di media sosial bahwa Pokemon sebenarnya dalam bahasa Syriac atau bahasa Suryani mempunyai arti "Aku Yahudi".</p>
		<p>Sementara Pikachu disebutkan berarti "Jadilah Yahudi", dan Charmander bermakna "Tuhan itu Lemah". Rumor itu tentu menjadi perdebatan sengit di media sosial. Banyak yang meyakini dan membagikan rumor itu, banyak pula yang menganggap itu hanyalah hal yang dikait-kaitkan. </p>
		<p>Dilansir dari Los Angeles Times edisi 24 April 2001, negara-negara yang terletak di wilayah Timur Tengah memang pernah mempermasalahkan hal tersebut. Dalam berita LA Times, disebutkan bahwa saat itu di negara-negara Timur Tengah seperti Oman, Qatar, Dubai, Yordania, Mesir, dan Arab Saudi banyak beredar rumor bahwa game Pokemon mempunyai konotasi yang mempromosikan perilaku anti Islam dan meyakini Yahudi.</p>
		<p>Hal itu tentu menimbulkan keresahan tersendiri.</p>
		<p>LA Times mencatat bahwa meskipun hal itu dibantah oleh Nintendo, tapi para pemimpin negara-negara itu masih tak bisa menerima Pokemon.</p> <p>Rumor itu muncul di tengah kekhawatiran negara-negara Arab akan asimilasi budaya yang muncul. Meski begitu, banyak rumor yang tak terbukti saat itu.</p>
		<p>Mohammed Abu Laila, profesor dari Al Azhar University menyebut jika hingga saat itu tak ada bukti kuat yang membenarkan rumor tersebut. Ia mengatakan jika dirinya bahkan telah menanyakan langsung kepada pihak yang mempopulerkan Pokemon.</p>
		<p>Pokemon sebenarnya hanyalah singkatan dari Pocket Monster atau monster saku. Dinamakan Pocket Monster karena pokemon ini memiliki bisa dimasukkan dalam Pocket Ball yang bisa dimasukkan dalam saku.</p>
		<p>Sementara itu Pikachu merupakan gabungan dari kata Pika dan Chu. Pika merupakan nama binatang yang masih satu rumpun dengan kelinci, sedangkan Chu dalam bahasa Jepang artinya mencicit.</p>
		<p>Sehingga penamaan Pokemon dan Pikachu sebenarnya tidak ada hubungan sama sekali dengan agama.</p>
	</text>
</newsitem>