<newsitem itemid="1" id="root" date="1996-08-21" xml:lang="en">
<title>Terkait Produk Permen Jari yang Diduga Mengandung Narkoba</title>
	<text>
		<p>Pada 2016 lalu ada isu beredar yang menyebut produk Permen Jari Aneka Warna mengandung narkoba.</p>
		<p>Menindaklanjuti permasalahan peredaran permen yang diduga mengandung narkoba itu, Badan POM  melalui Balai Besar atau Balai POM di seluruh Indonesia telah melakukan penelusuran dan mengambil sampel di wilayah masing-masing yang kemudian diuji di laboratorium.</p>
		<p>Pada 12 Oktober 2016 Badan POM memberitakan, hasil pengujian terhadap sampel dari beberapa wilayah di Indonesia, antara lain Jakarta, Serang, Pontianak, Bandung, Padang, dan Banjarmasin menunjukkan hasil negatif.</p>
		<p>Semua sampel produk Permen Jari tersebut dinyatakan tidak terdeteksi mengandung narkoba.dilansir dari Kumparan.com</p>
	</text>
</newsitem>