<newsitem itemid="1" id="root" date="1996-08-21" xml:lang="en">
<title>Ditjen Pajak bantah isu pembelian tiket pesawat perlu NPWP</title>
	<text>
		<p>Beredar isu bahwa pembelian tiket pesawat mulai April tahun ini perlu menyertakan Nomor Pokok Wajib Pajak (NPWP). Hal ini dibantah oleh Direktorat Jenderal (Ditjen) Pajak Kementerian Keuangan (Kemkeu).</p>
		<p>Direktur Penyuluhan Pelayanan dan Humas Ditjen Pajak Hestu Yoga Saksama mengatakan, isu tersebut tidak benar alias hoax.</p>
		<p>"Tidak benar bahwa penumpang pesawat harus menunjukkan NPWP atau diminta NIK-nya untuk dicantumkan dalam tiket pesawat," kata Hestu kepada KONTAN, Jumat (19/1).</p>
		<p>Asal tahu saja, berikut isi pesan hoax yang beredar di media sosial:</p>
		<p>"Info mulai bulan April2018...Setiap pembelian tiket pesawat semua di minta NPWP ... Semua di catat... Nanti di sosialisasikan mulai bulan April baru di jalankan.</p>
		<p>Ini PER 31/2017, dimana penerbitan e FP PPN hrs mencantumkan NPWP dan atau NIK (nomor induk kependudukan).</p>
		<p>PER 31/2017, berlaku efektif mulai 1 April 2018.</p>
		<p>Sosialisasi dan detail belum dpt info.</p>
		<p>Krm penerbangan hrs menerbitkan e FP PPN, kemungkinan besar begitu.</p>
		<p>Untuk anak2 mengunakan NPWP orang tua sesuai tanggungan yg disampaikan dlm SPT Pribadinya</p>
		<p>Hestu menjelaskan, Perdirjen 31/2017 yang memang mewajibkan pencantuman NIK atau nomor paspor mulai 1 April 2018 bagi pembeli yang tak memiliki NPWP. Hal ini pun hanya berlaku bagi Pengusaha Kena Pajak (PKP) Penjual yang menerbitkan e-faktur yang penerbitannya melalui aplikasi khusus dan tersambung dengan sistem Ditjen Pajak.</p>
		<p>Ketentuan tersebut tidak berlaku bagi PKP Pedagang Eceran yang melakukan penjualan secara langsung kepada konsumen akhir.</p>
		<p>Adapun hal ini tidak berlaku bagi dokumen tertentu yang kedudukannya dipersamakan dengan Faktur Pajak, yang penerbitannya tidak dilakukan melalui sistem e-faktur.</p>
		<p>Dokumen tertentu tersebut misalnya tiket pesawat, tagihan jasa telekomunikasi, tagihan air minum/bersih (PAM), dan tagihan listrik.</p>
		<p>"E-ticket dari perusahaan penerbangan itu tidak sama dengan e-faktur yang dimaksud dalam administrasi atau sistem PPN," jelasnya.</p>
	</text>
</newsitem>