<newsitem itemid="1" id="root" date="1996-08-21" xml:lang="en">
<title>Pernah Dapat Kabar Penculikan Anak Lalu Diambil Ginjalnya di Depok? Polisi Pastikan itu 'Hoax'</title>
	<text>
		<p> Tribunnews.com. Komandan Tim Penjaga Gangguan dan Anti Kerusuhan (Jaguar) Polresta Depok, Inspektur Dua Winam Agus memastikan bahwa informasi adanya anak di Depok yang diculik selama 3 hari dan setelah kembali diketahui bahwa ginjalnya hilang diambil penculiknya, adalah berita bohong atau hoax atau tidak benar.</p>
		<p>Informasi ini sebelumnya sempat tersebar di media sosial dan disebarkan melalui broadcast aplikasi pesan smarthone.</p>
		<p>Dalam pesan itu disebutkan Tim Jaguar tengah memburu penculik anak yang motifnya mengambil ginjal sang anak.</p>
		<p>"Jadi berita itu adalah hoax atau tidak benar," kata Winam kepada Warta Kota, Rabu (2/11/2016).</p>
		<p>Winam meminta masyarakat tidak mudah terhasut atas informasi dan broadcast-broadcast seperti itu, apalagi hal tersebut membuat warga menjadi resah atau ketakutan.</p>
		<p>"Masyarakat tetap harus tenang, dan mengklarifikasi semua informasi ke kami jika dianggap meresahkan atau terkait kepolisian," katanya.</p>
		<p>Menurut Winam, dengan adanya pesan atau informasi hoax yang disebarkan secara massif itu, menandakan bahwa masih ada sebagian kecil masyarakat yang saat ini memang ingin kondisi dan situasi di Depok tidak aman.</p>
		<p>"Ada sebagian orang yang ingin seperti itu. Namun masyarakat jangan khawatir, karena kami akan semaksimal mungkin menjaga situasi di Depok untuk tetap aman dan kondusif," kata Winam.</p>
		<p>Sebelumnya sempat beredar pesan atau informasi melalui media sosial dan di broadcast di pesan aplikasi smartphone, mengenai adanya anak di Depok yang hilang 3 hari dan akhirnya kembali di sekolah.</p>
		<p>Namun saat kembali sang anak terlihat sakit dan diperutnya ada jahitan. Setelah dicek ke dokter diketahui ginjal sang anak telah hilang, dan dipastikan sudah diambil penculiknya.</p>
		‪<p>"Semua masyarakat dan warga Depok kami minta agar tidak usah percaya dan mengabaikan saja bila mendapat pesan seperti itu," kata Winam Agus.‬</p>
	</text>
</newsitem>