<newsitem itemid="1" id="root" date="1996-08-21" xml:lang="en">
<title>Kapolri: Isu Penculikan Anak "Hoax"</title>
	<text>
		<p>KOMPAS.com – Kapolri Jenderal Pol Tito Karnavian menyatakan, kabar penculikan anak yang beredar melalui pesan singkat berantai serta di dunia maya, tidak benar atau hoax.</p>
		<p>Kabar tersebut beberapa waktu terakhir beredar di sejumlah wilayah di Tanah Air.</p>
		<p>“Saya yakinkan dan sudah cek, di Sumatera Utara dan beberapa wilayah lain termasuk Jakarta, berita tersebut adalah berita hoax,” ujar Saya yakinkan dan sudah cek, di Sumatera Utara dan beberapa wilayah lain termasuk Jakarta, berita tersebut adalah berita hoax,” ujarKapolri di Mabes Polri, Jakarta, Kamis (23/3/2017).</p>
		<p>Salah satu pesan berantai tersebut menyebutkan bahwa ada penculikan anak di Jalan Haji Nawi, Jakarta Selatan, Minggu (19/3/2017) lalu.</p>
		<p>Pesan itu menyebutkan, pelaku berpura-pura gila saat ditangkap.</p>
		<p>Menurut Tito, penyebar isu penculikan anak sengaja memanfaatkan momentum keramaian pemilihan kepala daerah untuk menaikkan isu tersebut.</p>
		<p>Tujuannya, selain menimbulkan keresahan di tengah masyarakat, juga ingin mendelegitimasi wibawa pemerintah.</p>
	</text>
</newsitem>