<newsitem itemid="1" id="root" date="1996-08-21" xml:lang="en">
<title>HOAX PESAN BERANTAI PENGAMBILAN INFORMASI MELALUI SYSTEM BIG DATA CYBER SECURITY (BDCS) INDONESIA</title>
	<text>
		<p>Kominfo – Atas viral nya pesan “Pengambilan Informasi melalui_System Big Data Cyber Security_ (BDCS) Indonesia” melalui chatting atau mediao sosial adalah HOAX atau informasi palsu.</p>
		<p>Dalam pesan HOAX tersebut disebutkan, “Sehubungan dengan beredarnya informasi mengenai rencana Dewan Pertahanan Nasional (Wantanas)  yang akan mengambil semua informasi percakapan melalui  Cyber Social Media (WA, BBM, Telegram, Line, SMS, dll.) akan masuk secara otomatis ke System Big Data Cyber Security (BDCS) Indonesia yang ramai diperbincangkan di media sosial”.</p>
		<p>Maka Kementerian Komunikasi dan Informatika menegaskan bahwa informasi tersebut tidak dapat dipertanggungjawabkan kebenarannya atau merupakan informasi HOAX. Hal ini telah disampaikan pada Siaran Pers juga pada 26 Oktober 2015 (Tahun lalu) yaitu:</p>
		<p>https://www.kominfo.go.id/content/detail/6288/siaran-pers-no84pihkominfo102015-tentang-penjelasan-kementerian-kominfo-terkait-sistem-big-data-cyber-security-dan-cybercrime-police/0/siaran_pers</p>
		<p>Namun pada Portal kominfo.go.id memang muncul link URL tersebut karena URL tersebut menjadi URL yang paling banyak dikunjungi. Sumber dari watiknas.go.id.</p>
	</text>
</newsitem>