<newsitem itemid="1" id="root" date="1996-08-21" xml:lang="en">
<title>[HOAKS] Aplikasi Cek NIK E-KTP</title>
	<text>
		<p>Beberapa hari terakhir, viral soal adanya aplikasi untuk mengecek Nomor Induk Kependudukan (NIK) KTP elektronik.</p>
		<p>Kementerian Dalam Negeri menyatakan bahwa aplikasi itu tidak ada. Kemendagri tidak pernah merilis aplikasi tersebut.</p>
		<p>Sejumlah warganet, melalui akun media sosialnya, menyebarkan adanya aplikasi cek NIK.</p>
		<p>[Penting Tahu]</p>
		<p>Duplikat EKTP itu NIK sama Wajah Berbeda. Hanya pihak yg memiliki otoritas yg bisa lakukan penduplikatan</p>
		<p>Cara cek eKTP via smart phone.#2019GantiPresiden#2019PresidenBaru pic.twitter.com/KLz59ANvua</p>
		<p>Kedah Tawakal (@Kedah_Tawakal_) May 29, 2018</p>
		<p>Selain di Twitter, ada pula yang mengunggah informasi soal cek NIK ini di Instagram.</p>
		<p>Berdasarkan penelusuran Kompas.com, sejak tahun 2016, Kemendagri telah menegaskan bahwa tak ada aplikasi untuk melakukan pengecekan NIK e-KTP.</p>
		<p>Dikutip dari situs web Kemendagri, Dirjen Dukcapil Zudan Arif Fakrulloh mengatakan, data yang digunakan dalam aplikasi bukan berasal dari Kemendagri sehingga data tidak bisa dikatakan valid.</p>
		<p>Masyarakat bisa melakukan cek data KTP hanya melalui laman resmi www.dukcapil.kemendagri.go.id.</p>
		<p>Pada 31 Mei 2018, melalui akun resmi Twitter-nya, @Kemendagri, Kemendagri kembali menegaskan tak pernah merilis aplikasi cek NIK. Pernyataan ini diberikan untuk menjawab pernyataan warganet.</p>
	</text>
</newsitem>