<newsitem itemid="1" id="root" date="1996-08-21" xml:lang="en">
<title>Viral Nomor IMEI Ponsel Bisa Disadap.</title>
	<text>
		<p>Isu penyadapan nomor identifikasi ponsel atau IMEI (International Mobile Equipment Identity) yang bisa dilakukan oleh Cyber Crime Polri, sempat merebak luas ke masyarakat beberapa hari terakhir.</p>
		<p>Pada kenyataanya, hal tersebut diklaim sebagai hoax alias berita bohong.</p>
		<p>Plt Kepala Biro Humas Kementerian Komunikasi dan Informatika (Kemkominfo) Noor Iza, berkata IMEI pada hakikatnya adalah kode unik yang susunannya terdiri dari 15 digit atau angka yang dimiliki setiap transceiver perangkat telepon seluler.</p>
	    <p>IMEI dikodekan ke dalam perangkat keras, sehingga tidak mungkin ada yang bisa mengubah IMEI tanpa merusak perangkat keras.</p>
		<p>“Menanggapi informasi beredar terkait nomor IMEI yang dikaitkan dengan penyadapan oleh Polri, saya pastikan informasi yang viral tersebut adalah hoax,” ujar Noor Iza dalam keterangan resmi Kemkominfo, Jumat (25/5/2018), dilansir dari liputan6.com.</p>
		<p>Pada jaringan GSM, kata Noor Iza, IMEI sendiri mengidentifikasi perangkat telekomunikasi yang mencoba tersambung dengan jaringan itu. Karenanya, nomor IMEI bisa digunakan untuk memblokir ponsel yang dicuri agar tidak tersambung dengan jaringan GSM.</p>
		<p>“Nomor IMEI diberikan oleh GSMA (Global System for Mobile Communications Association) kepada pabrikan-pabrikan perangkat seluler," lanjutnya.</p>
	</text>
</newsitem>