<newsitem itemid="1" id="root" date="1996-08-21" xml:lang="en">
<title>Menggoyang Mobil Saat Isi Bensin Agar Aliran Lancar</title>
	<text>
		<p>Belakangan ini, kembali beredar video yang cukup menarik perhatian. Isinya, tentang seorang pria yang menggoyang-goyangkan mobilnya dengan tujuan agar aliran bensin lancar saat isi bahan bakar.</p>
		<p>Video itu sebetulnya video lama yang kembali menjadi viral. Durasinya hanya 1 menit 10 detik, namun sudah ditonton jutaan orang. Isinya tentang seorang pria yang menggoyang goyang mobil B 1953 UZI saat isi bahan bakar.</p>
		<p>Yang menarik, hampir sepanjang proses isi bensin, dia terus-terusan menggoyang mobil. Posisi berdiri dan caranya menggoyang juga cukup mengundang tanya sebagian orang.</p>
		<p>Terlepas dari video, detikcom meminta pendapat ahli soal perlu tidaknya mengguncang mobil saat mengisi bensin.</p>
		<p>Iwan Abdurahman dari Technical Service Division PT Toyota-Astra Motor menerangkan, mobil digoyang saat isi bensin pada awalnya karena menginginkan agar udara yang terjebak di tangki keluar. Sehingga tangki terisi bensin dengan maksimal. Namun, itu sangat tergantung dari konstruksi tangki mobil tersebut.</p>
		<p>Sebagian mobil memang ada yang memiliki sekat, terutama yang tangkinya pendek dan lebar. Ada yang menggoyangnya agar bensin tersedot oleh pompa bensin. Namun, itu tidak banyak.</p>
		<p>Menurutnya, untuk mobil-mobil produksi saat ini, desain tangkinya sudah bagus sehingga meminimalkan udara terjebak. Karena itu, dia menilai tidak perlu menggoyang mobil saat isi bensin.</p>
		<p>"Jadi, rasanya untuk mobil sekarang, kayanya nggak perlu goyang goyang tangki," pesannya.</p>
		<p>Kepala Bengkel Auto2000 Fajar Bustomi juga mengatakan hal senada. Menurutnya, ada mobil yang digoyang karena sebagian tangki diberi sekat. Namun menurutnya, air akan menemukan jalannya sendiri karena benda cair, sehingga tak perlu digoyang.</p>
	</text>
</newsitem>