<newsitem itemid="1" id="root" date="1996-08-21" xml:lang="en">
<title>Eggi Sudjana: Foto E-Ticket Atas Nama Rizieq Shihab Hoax</title>
	<text>
		<p>Foto e-ticket atas nama pemimpin Front Pembela Islam (FPI) Habib Rizieq Shihab dengan tanggal kepulangan 21 Februari 2018 viral di dunia maya.</p>
		<p>Dalam foto tersebut, tertulis bahwa Rizieq Shihab akan tiba di Tanah Air pada pukul 09.00 WIB.</p>
		<p>Menanggapi beredarnya foto e-ticket itu, Ketua Panitia Penyambutan Rizieq Shihab Eggi Sudjana membantah kalau foto e-ticket  tersebut asli.</p>
		<p>"Foto itu hoax. Saya pastikan foto e-ticket itu tidak benar," ujar Eggi Sudjana saat dihubungi Liputan6.com, Jumat (16/2/2018).</p>
		<p>Menurut Eggi saat ini Rizieq Shihab masih dalam masa istikharah dan belum memastikan apakah akan kembali ke Jakarta. "Beliau masih harus istikharah dulu, saya lihat beredarnya foto ini banyak yang berkepentingan di situasi yang keruh seperti ini," kata dia.</p>
	</text>
</newsitem>