<newsitem itemid="1" id="root" date="1996-08-21" xml:lang="en">
<title>Bagi-bagi gratis bir Heineken</title>
	<text>
		<p>WhatsApp lagi-lagi dipakai untuk menyebarkan hoaks yang mencatut perusahaan ternama.</p>
		<p>Laman Express.co.uk, Selasa 20 Maret 2018, menuliskan muncul hoaks yang menawarkan asupan bir gratis dari Heineken. Caranya cukup mudah, hanya dengan mengklik link yang dikirimkan bersama dengan pesan tipuan itu. Link itu diklaim sebagai situs resmi Heineken.</p>
		<p>"Dalam rangka ulang tahun ke-140, Heineken memberikan secara gratis 4 barel (5 liter) bir untuk kamu. Klik http://heineken.com-xxxxx dan sebarkan pesan ini," tulis pesan WhatsApp tersebut.</p>
		<p>Jika link tersebut diklik, WhatsApp kita akan mengirimkan pesan tipuan tersebut secara otomatis ke 20 pengguna WhatsApp lain yang ada dalam daftar kontak kita. Dilansir dari Viva.co.id.</p>
	</text>
</newsitem>