<newsitem itemid="1" id="root" date="1996-08-21" xml:lang="en">
<title>Minum Air Dingin Usai Makan Picu Kanker</title>
	<text>
		<p>Disebutkan dalam pesan yang beredar, minum air dingin usai makan bisa memicu kanker.</p>
		<p>Karena air dingin bisa memadatkan minyak dalam makanan sehingga lama-kelamaan akan melapisi usus dan menyebabkan kanker.</p>
		<p>Tidak ada bukti yang mendukung pesan tersebut. Apalagi menurut BBC Science and Nature, panas alami di perut akan membuat semua makanan yang masuk memiliki temperatur yang sama. Meskipun seseorang minum es, dinginnya es tidak akan bertahan lama di lambung. dilansir dari nakita.grid.id.</p>
	</text>
</newsitem>