<newsitem itemid="1" id="root" date="1996-08-21" xml:lang="en">
<title>Viral Pemutihan SIM Tanpa Tes, Polisi: Hoax</title>
	<text>
		<p>TEMPO.CO, Jakarta  - Polisi memastikan informasi tentang pemutihan SIM (Surat Izin Mengemudi) yang beredar di media sosial adalah hoax. "Tidak ada yang namanya pemutihan SIM mati," kata juru bicara Polda Metro Jaya Komisaris Besar Argo Yuwono, Jumat, 29 Desember 2017.</p>
		<p>Argo meminta masyarakat tidak memercayai informasi itu.</p>
		<p>Informasi yang dimaksud Argo itu berbunyi: Ada Pemutihan SIM Yang Sudah Mati Untuk Gol A,B, dan C, Di Polwil, Berlaku Mulai Tanggal 27 Desember s/d 6 Januari 2018, Tolong Di Bantu Share Ya, Agar Yang Memiliki SIM Mati Bisa Di Perbarui Tanpa Menggulang Tes Lagi, Berlaku Seluruh Indonesia."Kami pastikan itu hoax," ucap Argo.</p>
		<p>Menurut Argo, setiap penerbitan SIM harus melalui ujian teori dan keterampilan. Jika masa berlaku SIM habis dan terlambat diperpanjang, maka pemiliknya harus menjalani tes dari awal seperti pembuatan SIM baru. "Jadi tidak bisa diberikan kalau tidak tes,” katanya.</p>
	</text>
</newsitem>