<newsitem itemid="1" id="root" date="1996-08-21" xml:lang="en">
<title>Polsek Jagakarsa: Broadcast Serangan Geng Motor Hoax</title>
	<text>
		<p>Beredar sebuah pesan yang mengatasnamakan Kapolsek Jagakarsa, yang meminta masyarakat hati-hati melewati wilayah Jagakarsa, Jakarta Selatan malam nanti. Menurut broadcast tersebut, akan ada serangan balasan dari geng motor.</p>
		<p>Saat dikonfirmasi kabar ini, Polsek Jagakarsa memastikan itu kabar bohong.</p>
		<p>"Itu hoax, enggak ada. Kita cuma patroli rutin saja, pakai mengatasnamakan Kapolsek segala," ujar Kasi Humas Polsek Jagakarsa, Iptu Khairul pada Liputan6.com, Senin (5/9/2016) malam.</p>
		<p>Dalam broadcast itu, tertulis agar menghindari ruas jalan Durian Raya, Sadar Raya, Bens Radio, Taman Sphatodea, Jalan Kebagusan Raya, Jagakarsa Raya, dekat Masjid Al Wiqoyah, dan Jalan Raya Srengseng Sawah dekat STM Teladan.</p>
		<p>"Sembilan puluh persen diperkirakan titik kumpul geng motor," tulis broadcast tersebut.</p>
		<p>Khairul menjelaskan, dalam broadcast itu banyak kesalahan informasi dan sangat meresahkan. Terlebih mereka mencatut nama yang salah untuk Kapolsek Jagakarsa.</p>
		<p>"Kita imbau masyarakat untuk tak usah khawatir," kata Khairul.</p>
	</text>
</newsitem>