<newsitem itemid="1" id="root" date="1996-08-21" xml:lang="en">
<title>Viral, Foto Kepungan Debu di Tengah Letusan Freatik Gunung Merapi.</title>
	<text>
		<p>Liputan6.com, Jakarta - Gunung Merapi di Sleman, Daerah Istimewa Yogyakarta mengeluarkan letusan freatik, Jumat pagi, (11/5/2018). Letusan terjadi sekitar pukul 07.45 WIB yang ditandai suara gemuruh dan getaran hingga radius 22 km.</p>
		<p>Foto dan video letusan itu pun dengan cepat beredar di media sosial dan aplikasi berbalas pesan. Beberapa di antaranya, menunjukkan terjadinya hujan abu vulkanik di salah satu wilayah Yogyakarta.</p>
		<p>Namun, salah satu foto viral ternyata hoax dan bukan terjadi di area terdampak letusan.</p>
		<p>Sebuah foto viral menunjukkan 2 mobil yang terpapar abu vulkanik. Tampak, mobil dipenuhi abu dan di kaca mobil itu digoreskan tulisan "aku ra popo".</p>
		<p>Pengunggah foto yakni Medcomid mendeskripsikan, foto itu diambil di Jalan Adi Sucipto, Yogyakarta sesaat setelah Gunung Merapi meletus. Sang pengunggah juga menambahkan keterangan yang menyebutkan beberapa wilayah Yogyakarta terpapar abu vulkanik pada Jumat siang, (11/5/2018).</p>
		<p>Bantahan BNPB</p>
		<p>Kepala Data dan Informasi Badan Nasional Penanggulangan Bencana (BNPB) Sutopo Purwo Nugroho menyebut, foto yang beredar itu sebagai hoax atau berita bohong.</p>
		<p>Dia menjelaskan, kondisi yang digambarkan pada foto tersebut bukanlah hujan abu vulkanik akibat letusan Gunung Merapi. Namun, merupakan kondisi saat meletusnya Gunung Kelud di Jawa Timur, 2014 silam.</p>
	</text>
</newsitem>