<newsitem itemid="1" id="root" date="1996-08-21" xml:lang="en">
<title>Waspada penipuan SMS atas nama BPJS Ketenagakerjaan marak beredar</title>
	<text>
		<p>KONTAN.CO.ID - JAKARTA. Badan Penyelenggaraan Jaminan Sosial (BPJS) Ketenagakerjaan meminta masyarakat waspada terhadap penipuan yang mengatasnamakan lembaga negara ini.</p>
		<p>Sebab, beredar SMS atau pesan pendek yang berisikan, bahwa lembaga ini akan memberikan bantuan dana secara cuma-cuma dan dalam jumlah besar. </p>
		<p>Deputi Direktrur Bidang Humas dan Antar Lembaga BPJS Ketenagakerjaan Irvansyah Utoh Banja mengaku, banyak menerima pertanyaan dari masyarakat terkait kebenaran pemberian bantuan tersebut, padahal info yang beredar itu tidak benar atau hoax.</p>
	</text>
</newsitem>