<newsitem itemid="1" id="root" date="1996-08-21" xml:lang="en">
<title>Waspada Hoax Bpjs Ketenagakerjaan! </title>
	<text>
		<p>Badan Penyelenggara Jaminan Sosial Ketenagakerjaan (BPJS Ketenagakerjaan) memastikan pesan pendek berisi dana bantuan dari lembaga tersebut yang beredar di masyarakat adalah berita bohong atau hoax.</p>
		<p>Untuk memastikan kebenaran informasi apapun terkait BPJS Ketenagakerjaan, masyarakat dapat mengkonfirmasi melalui kanal-kanal resmi BPJS Ketenagakerjaan, seperti kantor cabang, website, sosial media atau menghubungi call center 1500910.</p>
		<p>Jangan jadi korban penipuan, cek dan ricek sebelumnya!. Sumber dari atmago.com.</p>
	</text>
</newsitem>