<newsitem itemid="1" id="root" date="1996-08-21" xml:lang="en">
<title>IDI Tak Pernah Keluarkan Peringatan Bahaya Aspartam</title>
	<text>
		<p>Pengurus Besar Ikatan Dokter Indonesia (IDI) menegaskan tidak pernah mengeluarkan pernyataan secara lisan maupun via sms tentang bahaya pemanis Aspartam. Pihak Badan Pengawas Obat dan Makanan (BPOM) juga menegaskan aspartam aman.</p>
		<p>"Setiap pernyataan yang dikeluarkan secara resmi oleh organisasi selalu dikeluarkan secara tertulis dengan menggunakan kop resmi organisasi dan ditanda tangani oleh Ketum dan Sekretaris Jenderal," bunyi siaran pers IDI seperti dilansir Kamis (25/3/2010), detikcom.</p>
		<p>Rumor yang beredar lewat SMS dan email yang mengatasnamakan IDI itu berbunyi:</p>
		<p>'Saat ini sedang ada wabah pengerasan otak atau sumsum tulang belakang. Jangan minum produk: extra joss, M-150, kopi susu gelas, Kiranti, Krating Daeng, Hemaviton, Neo Hormoviton, Marimas, Hore, Frutillo, Segar Sari, Pop Ice, Segar Dingin Vit C, Okky Jelly Drink, Inaco, Gatorade, Nabati, Adem Sari, Naturade Gold, Aqua Splash. Karena mengandung Aspartame racun yang menyebabkan diabetes, kanker, dan bisa mematikan.</p>
		<p>Tolong teruskan informasi ini kepada orang-orang yang Anda cintai. Tertanda dr H Ismuhadi MPH'Pihak Badan Pengawas Obat dan Makanan (BPOM) juga berulangkali menegaskan isu tersebut hanya rumor yang tidak bisa dipertanggungjawabkan.</p>
		<p>BPOM dalam surat Nomor: KH.00.01.1.0800 menegaskan berita yang menyebar melalui pesan singkat SMS mengenai bahaya penggunaan Aspartam yang disebutkan bersumber dari IDI sama sekali tidak benar. IDI tidak pernah mengeluarkan pernyataan tentang hal tersebut.</p>
	</text>
</newsitem>