<newsitem itemid="1" id="root" date="1996-08-21" xml:lang="en">
<title>Nasib Orang Gila Korban Hoax Culik Anak: Dihajar dan Tewas Dihakimi</title>
	<text>
		<p>Detik.com "Seorang perempuan nyaris menjadi bulan-bulanan warga di Tanah Tinggi, Benteng, Kota Tangerang, Banten dikira hendak menculik anak.</p>"
		<p>""Itu orang stres. Katanya dia mau nyari adiknya di Tanah Tinggi, karena stres dia lupa posisinya di mana," kata Kapolsek Tangerang Kompol Ewo Samono kepada detikcom, Minggu (19/3/2017).</p>"
		<p>"Wanita yang belakangan diketahui bernama Ira asal Serang, Banten ini kemudian dikerumuni oleh warga. "Ya dikerumuni, kerumunan wajar saja, tetapi tidak lama. Karena musim hoax, orang lihat dia dikira mau nyulik anak-anak kemudian diamankan Pak RT dan ada yang menghubungi polisi," ungkapnya.</p>"
		<p>"Polisi kemudian menginterogasi Ira. Namun, Ira tidak bisa diajak berkomunikasi dengan baik dan kejiwaannya labil. Polisi selanjutnya memulangkan Ira ke Serang, Banten.</p>"
	</text>
</newsitem>