<newsitem itemid="1" id="root" date="1996-08-21" xml:lang="en">
<title>Kapolri: “Rush Money” Hoax</title>
	<text>
		<p>Kapolri Jenderal Pol Tito Karnavian menjamin situasi keamanan negara cukup baik. Karena itu, masyarakat diminta tidak terprovokasi soal kabar “rush money” atau penarikan uang secara besarbesaran di Ibu Kota Jakarta yang menyebar melalui media sosial.</p>
		<p>“Gerakan rush money adalah kabar tidak benar (hoax). Pelakunya ingin mengganggu stabilitas ekonomi negara agar terjadi kekacauan,” tandasnya seusai melakukan Dialog Kebangsaan di Kantor DPRD Jawa Timur kemarin. Jenderal bintang empat itu mengimbau masyarakat agar tidak terpengaruh oleh ajakan hoax tersebut.</p>
		<p>Kapolri mengaku telah memerintahkan Tim Cyber Crime untuk melacak dan menangkap pelaku yang menyebabkan isu “rush money” itu. “Saya sudah menggelar rapat bersama Panglima TNI pada Jumat (18/11) sekaligus memastikan bahwa situasi keamanan negara masih cukup baik. Kalau ada aksi demonstrasi, itu biasa,” ucapnya.</p>
		<p>Yang terpenting, Kapolri mengimbau masyarakat jangan ikut terpengaruh, khususnya terhadap isu “rush money” yang belakangan menyebar melalui media sosial. “Saat ini jangan dululah. Nanti lari pelakunya. Kalau sudah tertangkap nanti pasti kami ungkap identitasnya,” ucap Kapolri saat didesak wartawan terkait identitas pelaku penyebar isu itu. sumber koran-sindo.com.</p>
	</text>
</newsitem>