<newsitem itemid="1" id="root" date="1996-08-21" xml:lang="en">
<title>PT Dirgantara Indonesia Dijual ke China?</title>
	<text>
		<p>VIVA.co.id – Manajeman PT. Dirgantara Indonesia menegaskan, beredarnya pesan berantasi atau broadcast message di media sosial yang menyebutkan PTDI telah dijual ke China, tidak benar.</p>
		<p>Manager Hukum dan Humas PTDI Irlan Budiman menjelaskan, pesan yang beredar tersebut, dipastikan kabar bohong. "Kabar yang beredar melalui Whatsapp maupun media sosial adalah kabar bohong," ujar Irlan dalam keterangan persnya, Sabtu 29 April 2017.</p>
		<p>Pesan broadcast yang menyebutkan PT. Dirgantara Indonesia telah dijual ke China, bertuliskan "Berita Terlambat dari Bandung, Inalilahi Wa Ina Illaihi Roji’un Telah berpindah tangan, satu lagi BUMN Strategis yang dibangun alm, HM. Soeharto dan Prof. DR. Ing BJ Habibie kpd Asing".</p>
		<p>Dengan ditanda tanganinya pelunasan pembayaran dari pemerintah China kpd pemerintah Indonesia pada awal April 2017 oleh Presiden Joko Widodo (disetujui dan ditanda tangani oleh Ketua KPK, Ketua DPR RI dan Ketua Dewan Pertimbangan Presiden) maka secara resmi Kepemilikan PT. Dirgantara Indonesia/PTDI dh. IPTN NURTANIO, berpindah tangan menjadi milik pemerintah Republik Rakyat Tjina".</p>
		<p>"Dengan demikian, untuk selanjutnya, seluruh pesawat dan komponen hasil produksi, akan berlabel Made in Cina".</p>
		<p>Irlan menjelaskan, PTDI merupakan salah satu industri strategis yang diatur Undang-Undang Republik Indonesia Nomor 16/2012 Tentang Industri Pertahanan. Dalam Pasal 52 ayat 1, dijelaskan bahwa Kepemilikan modal atas industri alat utama seluruhnya dimiliki oleh negara. </p>
		<p>"Dalam penjelasan itu, bahwa kepemilikannya sepenuhnya dikuasai oleh negara dan dilarang dijual kepada pihak asing manapun," katanya.</p>
	</text>
</newsitem>