<newsitem itemid="1" id="root" date="1996-08-21" xml:lang="en">
<title>Resah di ATM gara-gara Stiker</title>
	<text>
		<p>Jawapos.com. Pengguna kartu anjungan tunai mandiri (ATM) kembali dibuat risau oleh kabar menyesatkan yang tidak jelas kebenaran sumbernya. Kabar tersebut disebar setiap tahun dengan modus yang sama melalui pesan berantai. Celakanya, penerima pesan menerima mentah-mentah dan ikut menyebarkannya.</p>
		<p>Salah satu di antaranya, pesan palsu itu disebut bersumber dari Bank Indonesia (BI). Sasarannya adalah pemilik rekening Mandiri, BNI, dan BCA yang ingin menarik uang melalui ATM. Pengguna kartu diminta tidak memasukkan kartu ke mesin ATM yang terdapat stiker bertulisan Call Mandiri dengan nomor telepon 02133131777.</p>
		<p>Pembuat pesan menyatakan bahwa stiker tersebut berisi program yang bisa merekam PIN kartu yang dimasukkan. Data yang terekam dalam stiker dari kartu ATM bisa digunakan untuk menguras saldo rekening tanpa sepengetahuan pemiliknya.</p>
		<p>Dalam pesan juga disebutkan bahwa modus itu banyak memakan korban. Bahkan, itu sempat memicu kegaduhan di RSCM Jakarta. Sebab, saldo milik banyak pegawai dan dokter yang ditarik dalam jumlah besar oleh orang tidak dikenal. Akibat kejadian tersebut, pihak bank sempat mengganti mesin ATM di RSCM.</p>
		<p>Analis Senior Kantor Perwakilan Bank Indonesia Provinsi Jatim Robi Ariadi menegaskan, informasi mengenai stiker yang bisa menguras saldo itu tidak benar. BI atau pejabat BI tidak pernah sekali pun mengeluarkan informasi semacam itu.</p>
		<p>’’Informasi itu hoax. Pernah ramai sebelumnya,’’ katanya. Termasuk tentang keributan di RSCM karena saldo dokter dan perawat tersedot. Menurut Robi, kejadian semacam itu juga tidak pernah ada.</p>
	</text>
</newsitem>