<newsitem itemid="1" id="root" date="1996-08-21" xml:lang="en">
<title>SMS Dana Bantuan BPJS Ketenagakerjaan Dipastikan Hoax</title>
	<text>
		<p>TEMPO.CO, Jakarta - Badan Penyelenggara Jaminan Sosial Ketenagakerjaan (BPJS Ketenagakerjaan) memastikan pesan pendek berisi dana bantuan dari lembaga tersebut yang beredar di masyarakat adalah berita bohong atau hoax.</p>
		<p>Deputi Direktur Bidang Humas dan Antar-Lembaga BPJS Ketenagakerjaan Irvansyah Utoh Banja mengatakan akhir-akhir ini beredar layanan pesan singkat (SMS) yang dikirim melalui nomor pribadi dan menerangkan bahwa penerima pesan tersebut mendapat dana bantuan dari BPJS Ketenagakerjaan dengan jumlah besar.</p>
		<p>"Kami banyak mendapat pertanyaan dari masyarakat dan peserta terkait SMS tersebut dan sudah dijelaskan bahwa hal tersebut terindikasi tindakan kriminal," ujarnya di Tangerang, Selasa, 5 Juni 2018.</p>
		<p>Utoh menyatakan pihaknya tidak pernah menyelenggarakan pemberian dana cuma-cuma atau undian dan sejenisnya kepada masyarakat.</p>
		<p>Dalam menyampaikan segala informasi untuk masyarakat pekerja, baik mengenai program, layanan, produk, ataupun promosi kerja sama dengan pihak lain, BPJS Ketenagakerjaan selalu menggunakan mekanisme pemberitahuan resmi melalui kanal resmi.</p>
		<p>"Kami imbau masyarakat harus terus waspada. Jangan mudah tertipu oleh semua bentuk penawaran yang mengatasnamakan institusi BPJS Ketenagakerjaan.</p>
		<p>Apalagi terdapat permintaan yang mengarahkan peserta untuk membayar sejumlah biaya dalam nominal tertentu, dapat dipastikan hal tersebut bermotif penipuan," tuturnya.</p>
	</text>
</newsitem>