<newsitem itemid="1" id="root" date="1996-08-21" xml:lang="en">
<title>Pesan Berantai "Polisi Bisa Langsung Tembak" Hoaks</title>
	<text>
		<p>Pihak Kepolisian RI kembali mengingatkan masyarakat untuk tidak mudah percaya dengan pesan yang beredar pasca sejumlah serangan teror yang terjadi dalam empat hari terakhir.</p>
		<p>Pada hari ini, Rabu (16/5/2018), menyebar pesan berantai di beberapa grup percakapan yang isinya mengingatkan untuk tidak kabur saat polisi melakukan razia.</p>
		<p>Berikut bunyi pesan berantai yang beredar itu:</p>
		<p>"Mohon izin mengingatkan</p>
		<p>Terkait dengan situasi saat ini</p>
		<p>Mohon ditekankan kepada sanak famili jika ada razia polisi jangan sampai kabur seandainya ada ketidaklengkapan</p>
		<p>Karena hal ini sangat berbahaya mengingat saat ini kondisi psikis anggota polisi cenderung paranoid karena trauma</p>
		<p>Dan bisa langsung menembak</p>
		<p>Demikian semoga bermanfaat".</p>
		<p>Tidak jelas siapa yang pertama menyebarkan pesan ini.</p>
		<p>Kepala Biro Penerangan Masyarakat Divisi Humas PolriBrigjen M Iqbal menegaskan, bunyi informasi itu tidak benar. Polisi tak akan melakukan penembakan hanya karena seseorang kabur saat dilakukan razia.</p>
		<p>"Enggak bener itu, hoax. Anggota polisi tetap siap siaga. Enggak benar itu, mana mungkin orang kabur ditembak. Pokoknya itu hoax. Tidak benar," kata Iqbal, saat dikonfirmasi Kompas.com, Rabu siang.</p>
		<p>Sementara itu, akun media sosial Divisi Humas Polri juga gencar mengingatkan masyarakat untuk memfilter informasi yang diterima dan tidak mudah percaya.</p>
	</text>
</newsitem>