<newsitem itemid="1" id="root" date="1996-08-21" xml:lang="en">
<title>Album Terhebat</title>
	<text>
		<p>Pada tahun 1969, John Lennon, Mick Jagger, Paul McCartney, dan Bob Dylan, merekam sebuah album lagu rahasia bersama-sama yang bertajuk 'The Mask Marauders'.</p>
		<p>Album itu disebut-sebut sebagai rekaman musik rock terhebat sepanjang masa.</p>
		<p>Tapi, sayangnya album terhebat itu tidak pernah ada alias hoax.</p>
		<p>Greil Marcus, penulis dan mantan editor Rolling Stone, menciptakan 'The Masked Marauders' karena ingin mengikuti tren, dengan memarodikan semua album populer kala itu.</p>
		<p>Rolling Stone kemudian mempublikasikan album tersebut dengan label ' catatan tahunan', dan membuat berita hoax tersebut menjadi kenyataan.</p>
		<p>Kemudian, Marcus bersama dengan rekan Langdon Winner, menuliskan beberapa lagu dan merekamnya bersama Barkeley's Cleanliness serta Godlines Skiffle. Sumber dari detikcom.</p>
		<p>Setelah itu, mereka menandatangani perjanjian kerjasama dengan Warner Brother. Album tersebut terjual lebih dari 100.000 kopi.</p>
	</text>
</newsitem>