<newsitem itemid="1" id="root" date="1996-08-21" xml:lang="en">
<title>Hati-hati, beredar hoax pesan berbayar di WhatsApp</title>
	<text>
		<p>Merdeka.com - Dikabarkan telah beredar sebuah pesan hoax yang menyatakan jika nantinya WhatsApp akan menerapkan pembayaran pada setiap pesan yang dikirim melalui aplikasi messengernya.</p>
		<p>Seperti dilansir Softpedia (7/10), dalam pesan yang beredar beberapa hari terakhir ini menyebutkan jika mulai sabtu pagi WhatsApp akan menjadi berbayar.</p>
		<p>Anda harus mengirim pesan ini setidaknya ke 10 kontak. Dengan cara ini kami akan melihat bahwa Anda adalah seorang pengguna valid dan logo Anda akan menjadi biru dan akan tetap bebas biaya.</p>
		<p>Pesan ini juga menyebutkan jika Whatsapp akan mengenakan biaya 0,01 Euro (Rp 150) per pesan nantinya jika pengguna tidak mengirim pesan tersebut ke 10 kontak lainnya.</p>
		<p>Namun pihak WhatsApp sendiri sudah melakukan klarifikasi dan menyatakan jika pesan tersebut sepenuhnya hoax. Pihak WhatsApp sendiri menyatakan jika perusahaannya akan mengubah tarif pembayaran aplikasi mereka, pasti informasi tersebut akan disampaikan melalui website resmi mereka dan media terpercaya.</p>
	</text>
</newsitem>