<newsitem itemid="1" id="root" date="1996-08-21" xml:lang="en">
<title>Hanya Hoax.</title>
	<text>
		<p>Ancaman bom dikabarkan terjadi di Gereja Santa Anna Duren Sawit, Jakarta Timur pada Senin 14 Mei 2018. Namun, setelah Tim Gegana menyisir Gereja Santa Anna Duren Sawit, tidak ditemukan adanya tas mencurigakan yang dikabarkan berisi bom.</p>
		<p>"Sudah sisir tapi belum ketemu ranselnya. Sudah dari tadi disisir sudah mau selesai, aman nihil benda atau tas yang dilempar ke halaman," ujar Kapolres Jakarta Timur Kombes Tony Surya Putra.</p>
		<p>Sebelumnya, sekitar pukul 08.00 WIB, petugas Polsek Duren Sawit mendapat panggilan dari orang yang mengaku dari pihak gereja, bahwa ada sebuah mobil yang pengendaranya melemparkan benda mencurigakan ke rumah ibadah itu.</p>
		<p>Saat mengarah ke lokasi pun petugas Polsek Duren Sawit kembali menerima telepon dari orang yang mengaku polisi dan mengabarkan hal serupa. Namun setelah dikonfirmasi ke pihak gereja dan pihak kepolisian, tidak ada yang melakukan panggilan tersebut.</p>
		<p>Polisi meringkus MIA (25), penyebar isu teror di Gereja Santa Anna, Duren Sawit, Jakarta Timur. Pelaku mengaku cuma iseng saat melapor ke polisi terkait berita bohong alias hoax yang dibuatnya itu.</p>
		<p>"Pengakuan pelaku ya iseng. Artinya dengan saya lakukan begini, reaksinya bagaimana?" ujar Kapolres Jakarta Timur Kombes Tony Surya Putra di Mapolres Jakarta Timur, Selasa (15/5/2018), dilansir dari Liputan6.com.</p>
	</text>
</newsitem>