<newsitem itemid="1" id="root" date="1996-08-21" xml:lang="en">
<title>Kabar loket perpanjangan SIM libur 2 pekan saat Lebaran, polisi pastikan hoax</title>
	<text>
		<p>Merdeka.com - Beredar informasi layanan perpanjangan surat izin mengemudi (SIM) libur dua pekan selama Lebaran 2018. Layanan disebut mulai tidak beroperasi sejak tanggal 11 Juni sehingga masyarakat harus melakukan perpanjangan sebelum rentang waktu itu.</p>
		<p>Direktur Registrasi dan Identifikasi (Regident) Korps Lalu Lintas Polri, Kombes Halim Pagarra, menegaskan informasi itu tidak benar.</p>
		<p>"Ini Hoax. Yang benar, pelayanan SIM tetap buka, atau tidak tutup selama dua minggu," ujar Halim melalui keterangan tertulis, Jakarta, Selasa (8/5/2018).</p>
		<p>Halim menuturkan, masyarakat yang SIM-nya mati pada saat libur tidak perlu khawatir jika ingin membuat baru lagi. Sebab ada toleransi waktu perpanjangan di hari berikutnya.</p>
		<p>"Kalaupun SIM matinya pas hari libur, tetap diberi toleransi ke hari berikutnya saat masuk kerja," ucap dia.</p>
		<p>Berikut informasi terkait layanan perpanjangan SIM yang beredar di media sosial:</p>
		<p>Bagi yang punya SIM dgn masa berlaku Juni 2018, sebaiknya segera ajukan perpanjangan sekarang karena mulai tgl 11 Juni 2018 layanan perpanjangan sim akan ditutup selama 2 minggu. Kalau SIM terlanjur mati harus bikin baru lagi ya...</p>
		<p>Biasanya lebaran libur panjang.</p>
		<p>Coba dicek Sim nya sampe tgl berapa.</p>
		<p>Kalo sekitar liburan mendingan diperpanjang sebelum 11 Juni.</p>
		<p>Catatan : Lewat waktu 1 hari harus bikin SIM baru</p>
		<p>Trims)</p>
		<p>Buat yg SIM habis juni 2018</p>
	</text>
</newsitem>