<newsitem itemid="1" id="root" date="1996-08-21" xml:lang="en">
<title>Terkait Permen Dot yang Diduga Mengandung Narkoba</title>
	<text>
		<p>Kumparan.com - Pada Maret 2017 masyarakat dihebohkan oleh isu beredarnya permen dot yang diduga mengandung narkoba di kalangan siswa Sekolah Dasar. Isu ini membuat  Pemerintah Kota Surabaya melalui seluruh jajaran kelurahan, kecamatan, dan Satuan Polisi Pamong Praja melakukan razia terhadap permen berbentuk dot bayi dengan merek Penguin Brand di sejumlah sekolah dan pasar.</p>
		<p>Pada 9 Maret 2017 Badan POM menjelaskan bahwa permen Penguin Brand terdaftar sebagai produk pangan impor dari China. Nomor izin edar permen Penguin Brand berlaku sampai tahun 2018.</p>
		<p>Setelah melakukan pengujian laboratorium terkait kandungan narkotika, formalin dan rhodamin B terhadap sampel permen Penguin Brand, Badan POM mengatakan sampel permen dot bayi yang diuji tersebut menunjukkan hasil negatif alias tidak mengandung narkotika, formalin dan rhodamin B.</p>
	</text>
</newsitem>