<newsitem itemid="1" id="root" date="1996-08-21" xml:lang="en">
<title>Minum Air Dingin Setelah Makan Picu Kanker, Benarkah?</title>
	<text>
		<p>Minum air dingin  setelah makan disebut oleh segelintir orang dapat memicu kanker.</p>
		<p>Anggapan ini muncul karena kepercayaan yang entah dari mana datangnya, yang menyebut air dingin dapat menggumpalkan lemak yang masuk bersama makanan.</p>
		<p>Lemak ini kemudian akan menumpuk di saluran pencernaan, yang lambat laun bisa menyebabkan kanker saluran pencernaan.</p>
		<p>dr. Dyan Mega Inderawati mengatakan ini mitos. Penjelasan ilmiahnya, ketika air dingin masuk ke saluran cerna, tubuh secara otomatis akan meningkatkan suhu air, menyesuaikannya dengan suhu tubuh normal.</p>
		<p>"Jadi, anggapan bahwa lemak dapat dibekukan oleh air dingin sama sekali tidak benar," kata dia seperti dikutip dari situs Klik Dokter pada Minggu (14/5/2017). Dilansir dari Liputan6.com.</p>
		<p>Memang, Dyan mengatakan bahwa kelebihan lemak berpotensi menimbulkan gumpalan dan tumpukan. Namun, bersarangnya di pembuluh darah, bukan di saluran cerna.</p>
		<p>"Dunia medis menyebut kondisi ini dengan plak," kata Dyan menambahkan.</p>
		<p>Menurut Dyan, bukan air dingin yang semestinya Anda takutkan. Melainkan kebiasaan lain yang mungkin sering kali Anda lakukan, yang tanpa sadar dapat menyebabkan kanker.</p>
		<p>Berikut kebiasaan yang dapat meningkatkan risiko kanker;</p>
		<p>Merokok aktif dan menjadi perokok pasif</p>
		<p>Jarang berolahraga</p>
		<p>Terlalu banyak duduk</p>
		<p>Sering terpapar sinar matahari tanpa adanya pelindung</p>
		<p>Banyak mengonsumsi makanan siap saji</p>
		<p>Sering mengonsumsi makanan yang mengandung pengawet buatan</p>
	</text>
</newsitem>