<newsitem itemid="1" id="root" date="1996-08-21" xml:lang="en">
<title>Catatan Harian Palsu Hitler</title>
	<text>
		<p>Pada tahun 1983, majalah mingguan Jerman, Stern, membeli 60 volume jurnal, yang dipercaya milik Adolf Hitler, seharga US$ 5,5 juta atau setara dengan Rp 7,.6 miliar.</p>
		<p>Menurut pengakuan seorang wartawan Stern, Gerd Heidemann, dia memperoleh catatan tersebut dari Dr. Fischer.</p>
		<p>Dr. Fischer menyatakan, jurnal tersebut didapatkan dari bangkai pesawat yang mengangkut barang pribadi Hitler, di dekat Kota Dresden, Jerman, pada bulan April 1945.</p>
		<p>Catatan harian itu melalui tiga rangkaian tes keaslian, tapi tidak pernah ditunjukkan kepada orang-orang yang pernah ikut Perang Dunia II.</p>
		<p>Arsip Federal Jerman kemudian menyatakan, buku tersebut palsu. Badan itu menjelaskan, sejarah yang terdapat dalam catatan itu tidak akurat dan pada zaman Hitler hidup, tinta pena belum ditemukan.</p>
		<p>Setelah diselidiki, catatan harian palsu tersebut, ternyata dibuat oleh seorang penipu bernama Konrad Kujau.</p>
		<p>Konrad dan Heidemann kemudian dipenjarakan selama 42 bulan, atas tuduhan penipuan dan penggelapan.Sumber dari detikcom.</p>
	</text>
</newsitem>