<newsitem itemid="1" id="root" date="1996-08-21" xml:lang="en">
<title>Menhub: Harga Tiket Pesawat Jakarta-Surabaya Rp 4 Juta Hoaks</title>
	<text>
		<p>Liputan6.com, Jakarta - Menteri Perhubungan (Menhub) Budi Karya Sumadi menegaskan bahwa tarif paling tinggi penerbangan rute Jakarta-Surabaya adalah Rp 1,3 juta atau Rp 2,6 juta Pulang Pergi (PP).</p>
		<p>Pernyataan ini menepis kabar yang menyebut harga tiket pesawat tujuan tersebut menembus Rp 4 juta pada arus mudik Lebaran 2018 ini. Itu adalah hoaks atau palsu.</p>
		<p> “Berdasarkan ketentuan maksimal tarif maskapai tersebut adalah Rp 1,3 juta atau PP sebesar Rp 2,6 juta. Saya telah mengatakan kepada operator maskapai penerbangan menetapkan tarif usahakan jangan sampai ke batas atas,” kata Budi Karya seperti dikutip dari laman resmi Setkab, Jakarta, Minggu (3/6/2018).</p>
		<p>Dia menjelaskan, jika jumlah pemudik yang akan menggunakan jasa angkutan udara pada Lebaran tahun ini mengalami peningkatan sebesar 10 persen, maka jumlah penumpang selama dua minggu di Indonesia bagian Barat, yaitu 7-24 Juni 2018, akan mencapai 5,68 juta.</p>
		<p> “Itu diukur berdasarkan jumlah kursi yang ada, biasanya seat itu relatif terpenuhi semua,” ujar Budi Karya Sumadi.</p>
		<p>Oleh karenanya, Budi Karya menaruh perhatian terhadap moda transportasi udara dan berpesan harus mempersiapkan dengan baik. Dia memastikan bahwa kesiapan bandara sudah lebih bagus.</p>
		<p> “Beberapa hal yang sudah dicek,  tentunya ada yang sifatnya umum di mana kesiapan bandara-bandara sudah lebih bagus bahkan kita mencatat ada 35 bandara yang dikontrol oleh Kemenhub dan 12 bandara yang dikontrol lebih detail oleh Airnav.</p>
		<p>Secara pelayanan, kami juga menurunkan tim untuk meneliti bandara di seluruh Indonesia,” tuturnya.</p>
	</text>
</newsitem>