<newsitem itemid="1" id="root" date="1996-08-21" xml:lang="en">
<title>'Broadcast' Tiket Garuda Gratis Dipastikan Hoax</title>
	<text>
		<p>Warta Ekonomi.co.id, Jakarta - PT Garuda Indonesia membantah akan membagikan dua tiket gratis pada pelanggan sempena peringatan HUT ke-69 Garuda Indonesia, seperti informasi yang disebarluaskan melalui pesan singkat pada link portal www.garuda-indonesia.com/tikets atau domain link http://www.xn--garuda-indonesa-llc.com.</p>
		<p>"Garuda Indonesia memastikan bahwa informasi promo tiket tersebut hoax, "kata General Manajer Garuda Indonesia Pekanbaru, Agung Anugrah melalui surat elektonik di Pekanbaru, Kamis (9/5/2018).</p>
		<p>Agung Anugrah menjelaskan promo tiket gratis bagi dua pelanggan ini sudah viral dan menyebar sehingga membuat konsumen bertanya-tanya. Dia menambahkan Garuda Indonesia tidak pernah mengeluarkan informasi mengenai promo potongan harga tiket pesawat maupun promo tiket pesawat gratis tersebut, seperti yang disebarluaskan melalui pesan singkat.</p>
		<p>"Bersama ini kami sampaikan seluruh informasi terkait promo tiket dan kegiatan marketing lainnya hanya dapat diakses melalui website, aplikasi mobile apps dan akun resmi social media milik Garuda Indonesia," tegasnya.</p>
		<p>Selanjutnya pihaknya mengimbau kepada seluruh pengguna jasa yang mendapatkan informasi mengenai tiket promo atau program marketing lainnya di luar sumber resmi Garuda Indonesia untuk dapat melakukan pengecekan secara berkala melalui portal informasi resmi Garuda Indonesia maupun call center Garuda yang diakses 24 jam.</p>
	</text>
</newsitem>