<newsitem itemid="1" id="root" date="1996-08-21" xml:lang="en">
<title>[HOAKS] Informasi Tanjakan di Tol Salatiga-Kartasura 50 Derajat</title>
	<text>
		<p>KOMPAS.com — Informasi yang beredar melalui pesan berantai di grup-grup percakapan Whatsapp dan media sosial mengenai tanjakan dengan kemiringan 50 derajat di Tol Salatiga arah Kartasura dipastikan hoaks.</p>
		<p> Informasi mengenai hal ini menyebar pada Minggu (10/6/2018) kemarin.</p>
		<p> Kasat Lantas Polres Semarang AKP Sandhi Wiedyanoe mengatakan, informasi mengenai tanjakan 50 derajat di Jembatan Kenteng Tol Salatiga arah Solo adalah hoaks.</p>
		<p> "Ini berita hoaks karena kalau 50 derajat itu mobil tidak mampu melewati tanjakan," kata Sandhi.</p>
		<p> Ia menyebutkan, kemiringan di tanjakan Jembatan Kenteng 22,2 derajat, dan bukan 50 derajat.</p>
		<p> Sandhi mengingatkan, saat melewati tanjakan ini, akan terlihat kondisi.</p>
		<p> "Bukan soal tanjakannya yang tidak dapat dilewati, tapi ini lebih faktor kesehatan mobil dan skill pengemudi. Mengingat, mobil setipenya mampu melewati tanjakan tersebut,” kata dia.</p>
	</text>
</newsitem>