<newsitem itemid="1" id="root" date="1996-08-21" xml:lang="en">
<title>Foto KTP Ganda Viral, Dinas Kependudukan DKI: Kacau, Hoax Banget!</title>
	<text>
		<p>Beredar foto tiga e-KTP warga Jakarta dengan nama berbeda namun memuat foto diri orang yang sama atau mirip. Menteri Dalam Negeri Tjahjo Kumolo menyatakan itu palsu. Kini pihak Pemerintah Provinsi DKI memberikan penjelasan.</p>
		<p>"Kacaulah itu. Hoax banget itu," kata Kepala Dinas Kependudukan dan Catatan Sipil (Disdukcapil) Pemprov DKI Edison Sianturi kepada detikcom, Minggu (5/2/2017).</p>
		<p>Saat gambar itu pertama kali bikin heboh, koordinasi dengan Komisi Pemilihan Umum langsung dilakukan. Penelusuran data penduduk DKI dijalankan untuk menelusuri kebenaran nama dan data yang tercantum di gambar KTP itu.</p>
		<p>"Saya sudah cek ke database saya di provinsi. Kita juga cek ke data nasional," kata Edison.</p>
		<p>Kesimpulannya, nama dan identitas orang di KTP itu memang benar ada. Namun, foto pemilik KTP itu diganti dengan foto orang lain. Maka jadilah berita hoax itu.</p>
		<p>"Itu KTP orang ditimpa dengan foto orang lain. Wajahnya bukan wajah pemilik asli KTP itu. Entah itu wajah siapa, saya tidak tahu," kata Edison.</p>
		<p>Hoax itu muncul di tengah suasana Pilgub DKI 2017. Edison memastikan nama orang yang tercantum di KTP itu sudah masuk ke daftar pemilih tetap (DPT).</p>
		<p>Meski demikian, Edison belum memastikan apakah pihaknya akan melaporkan penyebar berita hoax itu ke polisi. Dia juga akan berkoordinasi dulu dengan Direktorat Jenderal Kependudukan dan Catatan Sipil Kementerian Dalam Negeri.</p>
	</text>
</newsitem>