<newsitem itemid="1" id="root" date="1996-08-21" xml:lang="en">
<title>Razia Zebra 2017, Ah Itu Hoax</title>
	<text>
		<p>Penyebaran berita hoax  alias bohong sangat marak di media sosial, atau di pesan elektronik seperti Whatsapp dan Blackberry Messenger (BBM). Apapun berita bohong disebar, termasuk pesan razia lalu lintas yang dilakukan pihak kepolisian.</p>
		<p>Seperti baru-baru ini, beredar kabar mengenai razia Zebra 2017 oleh kepolisian Daerah Ibukota Jakarta, termasuk Polres Tangerang Selatan. Dalam broadcast tersebut, lengkap diinformasikan jam dan lokasi razia, baik di Jakarta dan Tangerang Selatan.</p>
		<p>Menanggapi hal tersebut, Kasubdit Bin Gakkum Dirlantas Polda Metro Jaya, AKBP Budiyanto menyatakan jika informasi mengenai broadcast Razia Zebra 2017 itu palsu.</p>
		<p>"Tidak benar. Operasi Zebra biasanya dilaksanakan menjelang Operasi Lilin," tegas Budiyanto kepada Liputan6.com, melalui pesan elektronik, Selasa (11/7/2017).</p>
		<p>Lanjut Budiyanto, jika masyarakat mendapatkan broadcast mengenai razia lalu lintas, sebaiknya dicek dahulu kebenarannya, dan tidak langsung menyebarluaskan kembali.</p>
		<p>"Pengecekan bisa sesuai bidangnya, misal tadi masalah Operasi Zebra, bisa cek di Ditlantas Polda Metro Jaya. Masyarakat juga bisa memantau website TMC," pungkasnya.</p>
	</text>
</newsitem>