<newsitem itemid="1" id="root" date="1996-08-21" xml:lang="en">
<title>Bumbu Mi Instan yang Dimasak Picu Kanker</title>
	<text>
		<p>Broadcast message menyebut mi instan tidak boleh dimasak bersamaan dengan bumbunya. Sebab monosodium glutamat (MSG) berpotensi jadi karsinogen pencetus kanker jika dimasak dengan suhu di atas 120 derajat Celcius.</p>
		<p>Ini merupakan kabar yang tidak jelas asalnya.</p>
		<p>Selama konsumsinya masih dalam batas aman, MSG tidak membahayakan. Nutrisionis Rita Ramayulis, DCN, MKes menyebut penggunaan MSG atau bumbu penyedap yang disarankan maksimal seperempat sendok teh dalam setiap penggunaannya. Dialnsir dari nakita.grid.id.</p>
	</text>
</newsitem>