<newsitem itemid="1" id="root" date="1996-08-21" xml:lang="en">
<title>Beredar Iklan Tiket Gratis AirAsia, Maskapai Pastikan Hoax</title>
	<text>
		<p>VIVA – Mudahnya menggunakan aplikasi pengiriman pesan online yang tersedia secara gratis, seperti Whatsapp, semakin meningkatkan kreativitas orang-orang tidak bertanggung jawab untuk melakukan penipuan dengan mengirim pesan berantai palsu. Tak hanya lebih mudah mengirim pesan broadcast, tapi juga murah tanpa biaya.</p>
		<p>Seperti yang sedang ramai saat ini. Beredar kabar bahwa salah satu maskapai internasional memberikan tiket pesawat gratis pada setiap orang. Tentu saja jika kabar ini memang benar akan menjadi kabar baik bagi masyarakat yang gemar melakukan traveling.</p>
		<p>"Air Asia memberi penghargaan kepada setiap orang dengan dua tiket pesawat gratis untuk merayakan 24 tahun pelayanan berkualitas. Dapatkan tiket gratis anda: http://airasîa.com/tiket-gratis/," demikian isi pesan yang beredar melalui Whatsapp.</p>
		<p>Pihak AirAsia Indonesia sendiri melalui pernyataan tertulisnya, Rabu 23 Januari 2018, membantah adanya tiket gratis seperti pesan yang ramai beredar.</p>
		<p>"Kami berkenan untuk mengonfirmasi bahwa informasi yang beredar tersebut merupakan penipuan yang mengatasnamakan AirAsia. Kami mengimbau masyarakat untuk mengabaikan promosi tersebut dan tidak mengklik tautan apa pun atau memberikan rincian informasi pribadi."</p>
	</text>
</newsitem>