<newsitem itemid="1" id="root" date="1996-08-21" xml:lang="en">
<title>Stiker Call Center di Mesin ATM Bisa Rekam PIN untuk Kuras Saldo Tabungan?</title>
	<text>
		<p>Saat ini beredar informasi di masyarakat perihal upaya penipuan melalui mesin anjungan tunai mandiri (ATM) beberapa bank swasta dan BUMN.</p>
		<p>Penipuan dilakukan melalui stiker call center sebuah bank yang ditempel di mesin ATM yang bisa merekam nomor PIN beredar di media sosial.</p>
		<p>Masyarakat pun dilarang untuk mengambil uang melalui ATM tersebut karena dana mereka bisa terkuras habis.</p>
		<p>Direktur Departemen Komunikasi Bank Indonesia Arbonas Hutabarat menegaskan jika informasi ini tidak benar alias hoax. "Hoax ini sudah berulang kali terjadi," tegas dia saat dikonfirmasi Liputan6.com, Kamis (27/4/2017).</p>
		<p>Bahkan Arbonas meyakini jika informasi ini tidak lagi dipercaya masyarakat.</p>
		<p>Informasi ini turut mencatut nama Liputan6 SCTV sebagai media yang menjadi sumber.</p>
		<p>Terkait hal tersebut, Redaksi Liputan6.com membantah dengan tegas. Redaksi memastikan tidak pernah memuat berita tersebut.</p>
		<p>"Kami dari Redaksi tidak pernah membuat berita tersebut dan menegaskan jika berita tersebut hoax," ujar Redaktur Eksekutif Liputan6.com Irna Gustiawati.</p>
	</text>
</newsitem>