<newsitem itemid="1" id="root" date="1996-08-21" xml:lang="en">
<title>Video Viral Letusan Gunung Merapi</title>
	<text>
		<p>KOMPAS.com - Video yang beredar di media sosial pada Selasa (22/5/2018) pagi dengan keterangan bahwa yang terekam adalah letusan Gunung Merapi dipastikan tidak benar atau hoaks.</p>
		<p>Video berdurasi 30 detik itu menggambarkan guguran lava disertai awan panas.</p>
		<p>Penelusuran Kompas.com:</p>
		<p>Badan Penyelidikan dan Pengembangan Teknologi Kebencanaan Geologi (BPPTKG) melalui akun resmi Twitter-nya menegaskan, video tersebut bukan video letusan Gunung Merapi, melainkan letusan Gunung Sinabung pada tahun 2014 </p>
		<p>Sementara itu, Badan Penanggulangan Bencana Daerah (BPBD) Kabupaten Magelang melalui akun resmi Twitter-nya, @BPBDMagelang, mengimbau masyarakat untuk tidak menyebarkan informasi hoaks yang bisa menimbulkan keresahan.</p>
	</text>
</newsitem>