<newsitem itemid="1" id="root" date="1996-08-21" xml:lang="en">
<title>Hoax, Saudi Tangguhkan Haji Jika Ahok Tidak Dipenjara</title>
	<text>
		<p>Kedutaan Besar (Kedubes) Arab Saudi yang ada di Jakarta membantah kabar yang menyatakan pemerintahnya akan menangguhkan ibadah haji untuk Indonesia. Hal ini terkait beredar pernyataan dari Kementerian Luar Negeri (Kemlu) Arab Saudi yang menyatakan akan menangguhkan ibadah haji jika Basuki Tjahaja Purnama tidak dipenjara.</p>
		<p>Sebuah pesan mengatasnamakan Kemlu Arab Saudi menyatakan telah menganalisa pemberitaan dan penjabaran Syekh Ali Jabber, tentang Kasus Penistaan Agama yang di lakukan Gubernur DKI Jakarta mengenai penafsiran Surat Al-Maidah ayat 51.</p>
		<p>Dalam pernyataan itu, Kemlu Saudi menyatakan turut prihatin dan menghormati serta menghargai hukum yang berlaku di Indonesia.</p>
		<p>Dalam pernyataannya, Kemlu Saudi memberikan ultimatum bahwa mereka akan mengawasi jalannya persidangan dan akan memberikan skorsing jamaah haji asal Indonesia pada tahun ini dan dua tahun berikutnya.</p>
		<p>"Guna menanggapi berita hoax yang beredar seputar pernyataan di atas, Kedubes Arab Saudi di Jakarta sekali menegaskan bahwa berita tersebut adalah hoax," begitu bunyi pernyataan Kedubes Saudi yang disampaikan oleh Kepala Biro Media Kedutaan Arab Saudi, Ahmad Suryana, lewat pesan singkat kepada Sindonews, Sabtu (11/2/2017).</p>
	</text>
</newsitem>