<newsitem itemid="1" id="root" date="1996-08-21" xml:lang="en">
<title>Kabar BJ Habibie Wafat Hoax</title>
	<text>
		<p>Liputan6.com, Jakarta - Lagi-lagi Presiden ketiga Indonesia Bacharuddin Jusuf Habibie atau BJ Habibie didera berita bohong. Habibie disebut-sebut meninggal dunia.</p>
		<p>"Innalillahi wa inna ilaihi rajiun selamat jalan bapak Ing.H.Bacharuddin Jusuf Habibie,FREng Presiden RI ke 3 semoga husnul khotimah, amal ibadahnya di terima oleh Allah SWT. Aamiin ya robbal aalamiin," tulis kabar yang beredar tersebut, Rabu (4/4/2018).</p>
		<p>Akun Twitter resmi The Habibie Center @habibiecenter tegas membantah kabar tersebut. Masyarakat, tulis akun tersebut, diminta menyaring informasi dan tidak membagikan kabar bohong tersebut.</p>
		<p>"JANGAN percaya HOAX! Dan jangan ikut menyebarkan berita tanpa verifikasi. Berita yg mulai tersebar (lagi) yang mengabarkan Pak BJ Habibie meninggal TIDAK BENAR! Cerdaslah dalam membaca dan membagi berita".</p>
		<p>Sekretaris pribadi BJ Habibie, Rubijanto, menegaskan bahwa hal itu adalah kabar bohong.</p>
		<p>"Kondisi aman, Pak. Memang di Indonesia hari ini beredar berita negatif. Terima kasih," tulis Rubijanto dalam pesan singkat yang diterima Liputan6.com.</p>
	</text>
</newsitem>