<newsitem itemid="1" id="root" date="1996-08-21" xml:lang="en">
<title>Beredar Broadcast Catut Polisi soal 'Kiai Sasaran PKI', Dipastikan Hoax</title>
	<text>
		<p>Beredar pesan berantai yang disebar oleh oknum yang tidak bertanggung jawab berisikan informasi nama-nama kiai yang menjadi sasaran kader Partai Komunis Indonesia (PKI). Dalam pesan itu, disebut yang mengeluarkan datanya adalah Polsek Cisaat, Sukabumi.</p>
		<p>Menanggapi hal itu, Kapolsek Cisaat Kompol Budi Setiana membantah keras. Akibat pesan yang kemudian tersebar kembali melalui media sosial (medsos) itu, Budi mengaku mendapat telepon dari berbagai pihak.</p>
		<p>"Itu hoax, kita akan selidiki siapa yang menyebarkan informasi tersebut. Kami tegaskan Polsek Cisaat tidak pernah mempublikasikan atau membuat data-data semacam itu, ini meresahkan," kata Budi saat dimintai konfirmasi detikcom di Mapolsek Cisaat, Kota Sukabumi, Jawa Barat, Selasa (13/2/2018).</p>
		<p>Menurut Budi, sudah menjadi kebiasaan polisi melaksanakan salat berjemaah, silaturahmi, dan menjalin komunikasi bersama kalangan pesantren, alim ulama, ustaz, dan tokoh masyarakat.</p>
		<p>"Si penyebar ini mungkin menganggap kehadiran polisi di pesantren karena ada ancaman dari sekelompok orang ke pesantren dan sarana keagamaan lainnya atau ke ulama. Padahal tidak seperti itu.</p>
		<p>Polres Sukabumi Kota saat ini memang sudah membentuk satgas penjaga umat yang memang tujuannya untuk menangkal rasa cemas dan informasi menyesatkan. Sekaligus sudah menjadi tugas kami untuk pelayanan dan pengayoman," tuturnya.</p>
		<p>Isi dari pesan berantai tersebut antara lain:</p>
		<p>WASPADA!!!</p>
		<p>Data dari polsek cisaat yg menjadi sasaran kader PKI di ponpes sunanulhuda diantaranya :</p>
		<p>1.A haji</p>
		<p>2.kang Ansor</p>
		<p>3.Pa Lukman</p>
		<p>Dst</p>
		<p> [8/2 21.48] +62 858-6278-1xxx :</p>
		<p>Di ponpes Almas</p>
		<p>1.Kang aziz</p>
		<p>2.kang Muiz</p>
		<p>3.kang dadang</p>
		<p>Dst</p>
		<p>[8/2 21.49] +62 858-6278-1xxx: Di ponpes assalafiyah</p>
		<p>1.mama</p>
		<p>2.H.lilip</p>
		<p>3.H.entang</p>
		<p>Dst</p>
		<p>punten kasadayana nyuhunkeun bantosan na kudu di jaga terus ieu keluarga (Maaf ke semuanya minta bantuan harus di jaga terus ini keluarga) tulis pesan tersebut.</p>
		<p>Polisi akan melacak pelaku yang mengunggah tulisan bohong tersebut. "Tetap waspada, tapi jangan dibuat seolah-olah genting, polisi akan melakukan penyelidikan jika memang ada aduan atau laporan dari masyarakat. Terkait informasi itu, saya juga sudah berkomunikasi dengan kiai dan ulama dan menjelaskan jika isi tulisan itu tidak benar," ujar Budi.</p>
	</text>
</newsitem>