<newsitem itemid="1" id="root" date="1996-08-21" xml:lang="en">
<title>Viral Tulis BFF di Status Facebook Ternyata Hoax, Ini Faktanya</title>
	<text>
		<p>Dalam sepekan ini viral  di media sosial Facebook tentang BFF di status Facebook. Ini merupakan cara mengecek apakah akun Facebook kita diretas. Di Indonesia, unggahan viral tersebut tertulis:</p>
		<p>"Mark Zuckerberg, CEO Facebook, menemukan kata BFF, untuk memastikan akun Anda aman di Facebook. Ketik BFF di komentas, jika terlihat hijau, akun Anda dilindungi. Jika tidak muncul warna hijau, segera ubah sandi Anda karena sangat mungkin diretas oleh seseorang.</p>
		<p>Namun, benarkah demikian? Tidak. Ini berita bohong alias hoax. Teks "BFF" yang Anda tulis otomatis akan berubah menjadi warna hijau. Menurut laman Technave.com, ini merupakan sistem Facebook yang disebut Text Delight.</p>
		<p>Fitur ini akna secara otomatis mengubah warna beberapa teks menjadi hijau. Tak hanya BFF, ada juga "Rad", "LMAO", "Congratulations", dan "You Got This".</p>
	</text>
</newsitem>