<newsitem itemid="1" id="root" date="1996-08-21" xml:lang="en">
<title>Garam Campur Kaca dan Tawas, BPOM: Tidak Ada, Itu Hoax</title>
	<text>
		<p>Beredar kabar garam bercampur kaca hingga tawas ditemukan di beberapa daerah di Jawa Timur. Setelah dilakukan uji lab, Badan Pengawasan Obat-obatan dan Makanan (BPOM) di Surabaya, hasilnya negatif dan kabar garam campur kaca, tawas adalah hoax.</p>
		<p>"Kita sudah ambil 6 sampel merk garam dan kami uji hasilnya garam itu larut dengan sempurna di dalam air. Artinya tidak ada partikel kaca," ujar Hardaningsih, Kepala BPOM di Surabaya kepada wartawan di Mapolda Jatim, Jalan A Yani, Surabaya, Jumat (18/8/2017).</p>
		<p>Ia menambahkan, dari hasil uji mutu, semuanya memenuhi syarat. "Baik kadar airnya, kadar garamnya dan aman untuk dikonsumsi," katanya.</p>
		<p>Hardaningsih mengatakan, beberapa waktu lalu saat diviralkan garam dari berbagai merk seperti 'dua anak', 'karapan sapi', 'ibu bijak', 'anak pintar', cap gajah dan cap es sudah diuji.</p>
		<p>"Itu semuanya dinyatakan memenuhi syarat," jelasnya.</p>
		<p>Hardiningsih didampingi Kepala Dinas Perindustrian dan Perdagangan Provinsi Jawa Timur Ardi, Direktur Reserse Kriminal Khusus Polda Jatim Kombes Pol Widodo, berharap berita hoax garam tersebut agar diluruskan.</p>
		<p>"Karena berita hoax ini merugikan masyarakat konsumen maupun produsennya. Terutama produk garam dari Indonesia nanti akan dianggap yang aneh-aneh," jelasnya.</p>
		<p>Ia menambahkan, produk garam yang diviralkan dan ternyata hoax adalah garam produksi dari perusahaan garam yang ada di Jawa Timur.</p>
		<p>"Ada produk dari Pamekasan, ada produk dari Gresik dan Surabaya. Serta ada satu produk dari Pati, Jawa Tengah," terangnya.</p>
		<p>Ia menerangkan, BPOM setiap tahun melakukan sampling dan pengujian terhadap garam untuk konsumsi. Untuk semester pertama, pihaknya sudah menguji 96 garam konsumsi. Dari jumlah tersebut, 93 memenuhi syarat. Sedangkan 3 lainnya hanya kurang memenuhi kadar yodiumnya.</p>
		<p>"Yang kurang yodiumnya, kita berkirim surat ke perusahaannya, untuk memperbaiki lagi proses dari yodiumsasi," tuturnya.</p>
		<p>Ia menambahkan, pada semester kedua BPOM Surabaya akan menguji sampel garam konsumsi terhadap 96 item lagi. "Selama ini tidak ada masalah garam konsumsi," terangnya.</p>
		<p>BPOM di Surabaya pada beberapa minggu lalu juga menerima sampel garam grosok yang dipakai untuk pengolahan ikan. Saat itu, garam dicurigai mengandung tawas. </p>
		<p>"Dari hasil uji kami, itu negatif tawas. Jadi begini, kalau garam itu kandungan airnya sedikit, memang mengeras dan agak susah dipecah," jelasnya. Dilansir dari Detik.com.</p>
	</text>
</newsitem>