<newsitem itemid="1" id="root" date="1996-08-21" xml:lang="en">
<title>Catut nama BPOM, beredar pesan hoax Paramex & Hemaviton berbahaya</title>
	<text>
		<p>Merdeka.com - Sebuah pesan berisi imbauan kepada masyarakat menyebut 11 produk obat-obatan beredar di BlackBerry Messenger atau aplikasi chatting lainnya. Setelah ditelusuri, ternyata pesan tersebut tidak benar alias hoax. Jadi jangan percaya, apalagi ikut menyebarluaskan. </p>
		<p>Dari penelusuran merdeka.com, Selasa (15/9), pesan ini sudah beredar sejak 2003 lalu. Pesan palsu ini menyebut sejumlah obat-obatan merek tertentu karena dianggap berbahaya.</p>
		<p>Tak hanya itu, imbauan ini juga mengklaim ada sejumlah orang meninggal dunia akibat mengonsumsinya. </p>
		<p>Namun, pesan ini diperbaharui kembali dengan mencantumkan kop surat sebuah rumah sakit swasta. Hanya saja, nama Kepala BPOM masih menyebutkan dipegang oleh Drs H Sampurno MBA. Padahal, Sampurno sudah menanggalkan jabatannya sejak 2006 lalu. Saat ini, jabatan tersebut disandang oleh Roy Alexander Sparringa. </p>
		<p>Bantahan mengenai imbauan tersebut telah diterbitkan BPOM sejak 28 Oktober 2004. Di mana informasi mengenai penarikan atau larangan mengonsumsi 11 obat terlarang itu adalah tidak benar alias hoax. </p>
	</text>
</newsitem>