<newsitem itemid="1" id="root" date="1996-08-21" xml:lang="en">
<title>'Kematian' Bintang Film Pertama</title>
	<text>
		<p>Saat 15 tahun pertama bioskop ditemukan, tidak ada nama aktor, sutradara, produser atau penulis skenario yang ditampilkan di layar.</p>
		<p>Meskipun banyak penggemar meminta studio untuk mempublikasikan nama-nama di balik layar tersebut, pihak pengelola tetap menolak.</p>
		<p>Mereka takut, jika hal tersebut dilakukan, aktor akan meminta bayaran lebih atas keahlian mereka.</p>
		<p>Namun, kejadian yang tak terduga terjadi pada saat itu. Seorang wanita yang banyak berperan dalam ratusan film bisu, Florence Lawrence, membuat heboh dunia perfilman kala itu.</p>
		<p>Lawrence memalsukan kematiannya, dengan menyebarkan isu tabrakan mobil yang dialaminya.</p>
		<p>Setelah kabar tersebut beredar, kepala perusahaan film Independent Motion Picture (IMP), Carl Laemmle, mempublikasikan nama dan foto Lawrance kepada publik.</p>
		<p>Pengungkapan identitas Lawrance menjadi yang pertama kalinya dilakukan pada masa itu.</p>
		<p>Selang beberapa lama setelah isu kematian bintang film wanita itu tersebar, IMP memanfaatkan situasi dan mengumumkan, Florence Lawrence masih hidup.</p>
		<p>Kejadian tersebut akhirnya mendongkak nama Lawrence dan membuatnya menjadi bintang terkenal.Sumber dari detikcom.</p>
	</text>
</newsitem>