<newsitem itemid="1" id="root" date="1996-08-21" xml:lang="en">
<title>Kabar Imbauan BIN dan Densus 88 di 5 Lokasi di Kota Bandung Dipastikan Hoax</title>
	<text>
		<p>TRIBUNJABAR.ID, BANDUNG - Aksi teror di Surabaya masih terjadi. Tiga gereja diledakkan oleh kelompok yang diduga teroris dan mengakibatkan puluhan orang meninggal.</p>
		<p>Diwaktu yang hampir bersamaan, informasi hoaks yang berpotensi mengkhawatirkan masyarakat Kota Bandung pun beredar.</p>
		<p>Pada info tersebut dituliskan bahwa pihak BIN, dan Densus 88 memberi peringatan kepada masyarakat Kota Bandung agar menghindari tempat-tempat umum mulai hari ini (14/5/2018) hingga besok.</p>
		<p>Adapun lokasi yang dihindari ialah Pasar Baru, Yogya Kepatihan, Pasar Andir, BIP, TSM, dan Istana Plaza.</p>
		<p>Melalui akun media sosial instagram Polrestabes Bandung, menegaskan bahwa informasi tersebut adalah hoaks.</p>
		<p>Pesan disampaikan melalui akun resmi tersebut mengatakan, agar masayarakat menjadi pengguna media sosial yang bijak.</p>
		<p>Jajaran Polrestabes Bandung selalu siap mengamankan dan menjaga kondusivitas Kota Bandung.</p>
	</text>
</newsitem>