<newsitem itemid="1" id="root" date="1996-08-21" xml:lang="en">
<title>Foto Pelajar SMP Pegang Spanduk Berisi Kritikan Terhadap Jokowi yang Kerjanya Cuma Utang dan Jual Aset</title>
	<text>
		<p>Foto sekelompok murid SMP jadi objek hoaks oleh oknum yang tidak bertanggung jawab di media sosial.</p>
		<p>Di dalam foto tersebut terlihat beberapa murid SMP sedang membentangkan spanduk bertuliskan “PAK PRESIDEN… KALAU KERJANYA ANDA CUMA UTANG. JUAL ASET IMPOR BERAS/CANGKUL DAN POTONG PITA… KAMI JUGA BISA JADI PRESIDEN.</p>
		<p>Setelah ditelusuri melalui pencarian gambar di Google, terbukti bahwa foto tersebut sudah diedit, isi tulisan dalam spanduknya sama sekali tidak ada kata-kata yang menyinggung soal utang, jual aset, dan impor beras.</p>
		<p>Isi tulisan sesungguhnya dalam spanduk tersebut adalah ‘Doakan Kami, Cita-Cita Kami Hafal 30 Juz Alqur’an’. Dilansir dari turnbackhoax.id.</p>
	</text>
</newsitem>