<newsitem itemid="1" id="root" date="1996-08-21" xml:lang="en">
<title>Kapolri: Gerakan "Rush Money" Itu "Hoax”</title>
	<text>
		<p>KOMPAS.com - Kepala Polri Jenderal Pol Tito Karnavian meminta agar masyarakat tidak terpengaruh terhadap informasi gerakan penarikan uang secara besar-besaran atau rush money. Isu itu tersebar melalui media sosial.</p>
		<p>Gerakan rush money berkembang bersamaan dengan rencana aksi demonstrasi jilid III terkait kasus dugaan penistaan agama oleh Gubernur non-aktif DKI Jakarta Basuki Tjahaja Purnama alias Ahok.</p>
		<p>Tito mengatakan, informasi mengenai rush money merupakan kebohongan.</p>
		<p>Sebab, informasi tersebut berasal dari sumber-sumber yang tak jelas. Selain itu, fakta yang dipaparkan dalam informasi itu juga tak tepat.</p>
		<p>"Saya menyatakan itu adalah hoax karena sumbernya tidak jelas, faktanya juga tidak jelas," ujar Tito di Kantor Majelis Ulama Indonesia, Jakarta, Jumat (18/11/2016).</p>
		<p>Tito mengatakan, kondisi Indonesia saat ini masih sangat aman, kendati ada rencana aksi susulan terkait kasus Ahok. Tito berkaca pada demonstrasi pada 4 November 2016 lalu yang berlangsung aman dan tertib.</p>
		<p>Adapun insiden yang terjadi pasca demonstrasi, kata Tito, hanya dilakukan kelompok-kelompok kecil yang ingin merusak kegiatan aksi damai tersebut.</p>
		<p>"Jadi keadaan Indonesia saat ini sangat aman. Masyarakat yang melakukan demo itu murni hanya masalah proses hukum, makanya itu berakhir dengan baik. Kalau ada insiden itu hanya kelompok kelompok kecil saja," kata Tito.</p>
		<p>Menurut Tito, informasi mengenai gerakan rush money sangat provokatif dan dapat mengganggu stabilitas negara.</p>
		<p>Untuk itu, dia telah memerintahkan jajaran kepolisian untuk melacak penyebar informasi ditangkap. "Saya sudah perintahkan dari Bareskrim, Polda Metro Jaya juga. Semua jajaran siber kita akan melakukan investigasi untuk pelacakan," ucap Tito.</p>
	</text>
</newsitem>