<newsitem itemid="1" id="root" date="1996-08-21" xml:lang="en">
<title>Issu Suhu di Aceh Capai 40 Derajat Selsius "Hoax"</title>
	<text>
		<p>SERAMBINEWS.COM, BANDA ACEH - Kasi Data dan Informasi BMKG Bandara Sultan Iskandarmuda Blang Bintang, Zakaria SE mengimbau masyarakat tak terpancing issu "equinox" yang sengaja "diedarkan segelintir orang tak bertanggungjawab.</p>
		<p>"Telah beredar isu tentang hoax equinox. Dimana isu yang berkembang adalah terjadi peningkatan suhu udara yang signifikan dimana meningkatnya sampai sembilan derajat selsius atau suhunya mencapai 40 derajat selsius.</p>
		<p>Perlu kami jelaskan, equinox adalah peristiwa yang berkaitan dengan gerak semu matahari, dimana dalam setahun matahari berada persis/tepat di atas khatulistiwa (tgl 21 Maret dan 23 September), sehingga mirip fenomena alam yang normal. "Sekali waktu memang udara terasa panas. Tetapi biasanya suhu panas tidak berbarengan dengan lintasan matahari, ada jedah waktunya.</p>
		<p>Udara panas tidak semata mata-mata karena intensitas matahari, tetapi juga banyaknya awan seperti halnya efek rumah kaca. Sekali lagi kami katakan bawa fenomena ini merupakan peristiwa alam yang normal.</p>
		<p>Khususnya untuk wilayah Aceh yang berada di Utara garis khatulistiwa dengan posisi matahari tepat atau posisinya hampir tegak lurus diatas wilayah Aceh adalah pada bulan Juni. Oleh karenanya pada bulan Juni Aceh mengalami peningkatan suhu, namun tidak seperti issu yang berkembang, suhunya sampai 40 derajat selsius.</p>
		<p>Dari hasil observasi BMKG, suhu tertinggi yang pernah dicapai adalah 37 derajat selsius. "Itupun jarang sekali, Namun, bila dilihat suhu udara max di Aceh berkisar 35-36 derajat selsius. Yaitu untuk daerah dataran rendah seperti Banda Aceh, sebagian Aceh Besar, Sigli, Biren, Lhokseumawe dan daerah dataran rendah lainya. Sedangkan di dataran tinggi tidak sampai segitu," jelas Zakaria, kepada Serambinews.com, Minggu (20/3).</p>
		<p>Perlu juga kami sampaikan kpd masyarakat suhu udara maximum di Aceh untuk dataran rendah berkisar antara 32 - 34 derajat selsius. Sedangkan dataran tinggi berkisar antara 28 - 30 derajat selsiua </p>
		<p>Untuk itu BMKG Aceh menghimbau untuk tidak panik dalam menanggapi isu tersebut.</p>
		<p>Namun kami tak bosan-bosan berharap kepada masyarakat untuk tidak membakar hutan saat membuka dan membersihkan lahan pertanian.</p>
		<p>Karena, Aceh sudah memasuki musim kemarau. Perlu diketahui juga beberapa hari yang lalu wilayah Aceh sempat terpantau 8 titik panas dan Alhamdulillah hari ini sudah berkurang tinggal hanya 2 titik panas.</p>
	</text>
</newsitem>