<newsitem itemid="1" id="root" date="1996-08-21" xml:lang="en">
<title>Viral Video Semburan Lumpur di Bekasi, Polisi: Galian Pipa</title>
	<text>
		<p>VIVA – Sebuah video viral di media sosial yang memperlihatkan semburan lumpur di Kali Abang, Kota Bekasi, Jawa Barat, yang diisukan mirip semburan lumpur di Sidoarjo.</p>
		<p>Kapolres Bekasi Kota Komisaris Besar Polisi Indarto menegaskan bahwa informasi tersebut tidak benar alias hoaks.</p>
		<p>Indarto mengatakan bahwa lumpur itu berasal dari galian yang dilakukan pihak Perusahaan Listrik Negara (PLN).</p>
		<p>"Hoax, itu galian PLN pasang pipa," kata Indarto ketika dikonfirmasi VIVA, Senin, 23 April 2018.</p>
		<p>Menurut Indarto, usai beredarnya video tersebut, pihaknya melakukan pengecekan. Dari hasil pengecekan, semburan lumpur tersebut sudah tidak ada lagi. Peristiwa tersebut, kata Indarto, terjadi seminggu lalu.</p>
		<p>"Satu hari sudah beres dan normal kembali," katanya.</p>
		<p>Rekaman video yang tersebar via WhatsApp itu menyebutkan luapan lumpur itu terjadi di depan pabrik Mi Sedap (PT Prakarsa Alam Segar, Kaliabang, Bungur, Kota Bekasi). Dalam rekaman video terdengar suara pria yang merekam kejadian itu menyebut 'lumpur Lapindo'.</p>
	</text>
</newsitem>