<newsitem itemid="1" id="root" date="1996-08-21" xml:lang="en">
<title>Viral Rumah Hantu di Blitar, Polisi: Kabar Itu Hoax </title>
	<text>
		<p>Di media sosial viral sebuah rumah kosong di Blitar yang berhantu. Seseorang memesan motor yang dialamatkan ke rumah tersebut. Namun motor itu hilang begitu dimasukkan rumah. Polisi memastikan kabar itu hoax.</p>
		<p>"Kabar itu hoax. Kabar itu sebenarnya sudah lama, munculnya sekitar lima bulan yang lalu," ujar Kapolsek Kanigoro AKP Purdyanto kepada detikcom, Jumat (8/12/2017). dilansir dari detikcom.</p>
		<p>Namun kabar tersebut, kaya Purdyanto, masih hangat dibicarakan. Terlebih kabar tersebut muncul di media sosial. Dari informasi yang dihimpun, cerita hoax tentang rumah tersebut menyebutkan bahwa peristiwa berhantu itu terjadi sebelum bulan puasa 2017 lalu.</p>
		<p>Seorang pria membeli sebuah motor di sebuah diler di Blitar. Pria itu membelinya secara cash. Saat ditanya hendak dikirim ke mana motor itu, pria tersebut menyebutkan sebuah alamat rumah di Desa Karangsono, Kecamatan Kanigoro, Kabupaten Blitar. Motor itu diatasnamakan Indah.</p>
		<p>Motor pun dibawa ke alamat yang dimaksud. Petugas pengantar mengantarnya malam hari. Petugas itu melihat rumah itu begitu megah berpagar besi tinggi. Karena kondisi rumah kosong, petugas pun memasukkan saja motor itu ke dalam rumah. Petugas pengantar lalu kembali. </p>
		<p>Keesokan harinya, petugas lain datang ke rumah itu untuk mengantar STNK. Petugas tersebut terbengong karena melihat rumah itu kosong, terkunci, dan kurang terawat. Rumah itu juga biasa saja, tidak megah dan berpagar tinggi. Saat ditengok melalui jendela, tak ada apapun di dalam rumah, apalagi motor.</p>
		<p>Purdyanto kemudian menceritakan kisah asli peristiwa tersebut. Kisah ini berawal saat seorang perempuan yang sedang sakit mengalami mimpi. Dalam mimpinya, perempuan itu disuruh seorang tua untuk mengambil hadiah berupa motor di rumah itu.</p>
		<p>"Perempuan itu mempercayai mimpinya. Dia lalu mengajak seorang paranormal mendatangi rumah itu. Mereka menggelar ritual di sana," kata Purdyanto.</p>
		<p>Karena ingin masuk rumah, perempuan itu meminta izin pemilik rumah, Imam Syafii. Imam pun diajak serta untuk mendampingi mereka. Setelah rumah terbuka, ternyata tidak ada motor di dalam rumah.</p>
		<p>"Entah apa yang terjadi, dari mana asalnya, dan siapa yang memulai, kejadian itu berkembang menjadi kabar atau berita yang hoax tersebut," tandas Purdyanto.</p>
	</text>
</newsitem>