<newsitem itemid="1" id="root" date="1996-08-21" xml:lang="en">
<title>Kabar Adanya Bom di Kiaracondong Dipastikan Hoax, Ini Faktanya</title>
	<text>
		<p>TRIBUNJABAR.ID, BANDUNG - Beredar foto sebuah instastory yang menampilkan kepulan asap di samping jembatan layang Kiaracondong, Bandung.</p>
		<p>Di foto itu terlihat ada kepulan asap dan sejumlah petugas yang mengenakan pakaian berwarna oranye.</p>
		<p>Foto instastory itu pun disertai tulisan, terdapat bom di dalam mobil di Kiaracondong yang menyebabkan adanya korban meninggal.</p>
		<p>Kabar adanya bom di Kiaracondong yang dengan cepat tersebar di media sosial pada Senin (14/5/2018) malam ini dipastikan hoaks atau kabar bohong.</p>
		<p>Komandan Regu Penyelamat Dinas Kebakaran dan Penanggulangan Bencana (DKPB) Kota Bandung, Bella Bhakti Nagara, mengatakan, kepulan asap di samping jembatan layang Kiaracondong berasal dari terbakarnya tumpukan sampah pada Senin (14/5/2018) malam.</p>
	</text>
</newsitem>