<newsitem itemid="1" id="root" date="1996-08-21" xml:lang="en">
<title>Lintah di dalam kangkung.</title>
	<text>
		<p>"HATI-HATI mengkonsumsi kangkung....!!!</p>
		<p>Kangkung, Petis kangkung, Kangkung Tumis, dll yg berkaitan dgn KANGKUNG, mgkn cerita ini dapat menjadi pertimbangan bagi ANDA sekalian ketika ANDA hendak makan KANGKUNG.</p>
		<p>Suatu hari, di klinik yg terkenal di Malaysia, semua Dokter kebingungan karena ada seorang anak kecil yg menderita sakit perut. Anak itu di bawa ke klinik oleh Ortu nya setelah 2 hari menderita DIARE. Sudah bermacam obat sakit perut yg diberikan kpd anak itu, namun DIARE tidak kunjung sembuh.</p>
		<p>Kemudian Ortu anak tersebut di tanya oleh Dokter "makanan apa yg di makan oleh anak tersebut selama 2 hari ini?" Ortu anak itu kebingungan, karena sejak anaknya DIARE , anak tersebut tak mau makan, dia hanya minum susu putih, itu pun muntah.</p>
		<p>Setelah di periksa, ternyata sebelum menderita DIARE, malam tersebut anak itu makan kangkung tumis di  restoran bersama Ortu nya. Dokter segera melakukan X-RAY, ternyata dalam usus anak tersebut telah berkembang biak LINTAH dengan anaknya yang kecil2.</p>
		<p>Dokter menyerah dan menyatakan tidak sanggup mengambil tindakan medis apapun. Akhirnya anak kecil malang itu pun MENINGGAL DUNIA.</p>
		<p>Setelah di periksa ulang, ternyata lintah itu sebelumnya berada di dalam batang kangkung yg besar. Memang, untuk penggemar kangkung tumis yg paling enak adalah BATANGNYA.</p>
		<p>Lintah yg berada di dalam batang kangkung itu tidak akan mati walau di masak selama 20 menit, apalagi untuk kangkung tumis proses memasak tidak terlalu lama agar menghasilkan rasa kangkung yg sedap. Lintah hanya akan MATI jika DI BAKAR.</p>
		<p>Di dalam usus anak kcil tadi, lintah hanya butuh waktu 1 - 2 hari  untk berkembang biak.</p>
		<p>Jika ada keluarga teman2 yg mengalami hal tersebut lakukan tindakan dengan memberi minum air rendaman tembakau (bisa diambil dari rokok kretek) biasanya lintah" akan keluar dan dlm keadaan mati.</p>
		<p>Kabarkan kepada teman, sahabat, keluarga, atau siapapn yg anda kenal".</p>
		<p>Investigasi.</p>
		<p>Pesan ini menyebar melalui berbagai media seperti Whatsapp, BlackBerry Messenger, maupun Facebook. Pesan yang berisi imbauan agar berhati-hati saat memasak kangkung karena bisa jadi lintah yang bersembunyi di batang kangkung ikut termakan dan bersemayam di dalam usus.</p>
		<p>Konon sudah ada 'korban' lintah ini yakni pemuda asal Solo. Pemuda ini dikabarkan mengalami diare dan tidak mau makan.</p>
		<p>Dia hanya mau minum susu, namun akhirnya malah muntah. Saat periksa ke dokter, dilakukan pemeriksaan X-Ray dan diketahui lintah telah berkembang biak di perut pemuda itu.</p>
		<p>Usut punya usut, sebelum diare, pemuda itu makan tumis kangkung. Ditengarai lintah itu masuk tubuhnya bersama dengan kangkung yang dimakan.</p>
		<p>Dr dr Ari Fahrial Syam, SpPD-KGEH, MMB, dari Divisi Gastroenterologi, Departemen Penyakit Dalam Fakultas Kedokteran Universitas Indonesia - Rumah Sakit Cipto Mangunkusumo (RSCM) mengatakan belum pernah mendapati kasus semacam itu.</p>
		<p>Selama ini parasit yang ditemukan di dalam pencernaan manusia adalah cacing.</p>
		<p>"Kalau lintah sepertinya nggak bisa ya. Kena asam lambung pasti mati. Parasit di tubuh manusia memang ada. Umumnya telur cacing yang masuk ke tubuh, bermanifestasi di usus halus," terang dr Ari dalam perbincangan dengan detikHealth dan ditulis pada Rabu (28/10/2015), dilansir Detik.com.</p>
		<p>Cacing, sambung dr Ari, bisa masuk ke dalam pencernaan manusia melalui makanan yang tidak matang. Karena umumnya telur cacing bisa menempel di sayuran mentah.</p>
		<p>Karena itu dr Ari mengingatkan untuk memasak sayuran hingga matang. Jikapun memakan sayuran mentah sebagai lalapan pastikan telah benar-benar dicuci sampai bersih. Selain itu ada baiknya minum obat cacing secara teratur, yakni enam bulan sekali.</p>
		<p>"Selain cacing, bakteri dan jamur kadang bisa terbawa ke pencernaan," sambung dr Ari.</p>
		<p>Mungkin kabar lintah bersemayam di usus adalah kabar palsu. Namun setidaknya dari situ ada hal baik yang bisa diambil yakni menjaga kebersihan makanan yang diasup.</p>
	</text>
</newsitem>