<newsitem itemid="1" id="root" date="1996-08-21" xml:lang="en">
<title>Vaksin HPV untuk Kanker Serviks Tak Sebabkan Menopause Dini</title>
	<text>
		<p>KOMPAS.com - Ketua Umum Himpunan Onkologi Ginekologi Indonesia Prof. Dr. Andrijono, Sp.OG (K) menampik kabar pemberian vaksin Human Papillomavirus (HPV) kepada anak-anak menyebabkan menopause dini. Hal ini sekaligus untuk membantah pemberitaan mengenai kanker serviks yang beredar luas di media sosial.</p>
		<p>"Tidak.. Tidak.. Tidak. Kami klarifikasi, enggak ada menopause, tidak ada hubungan vaksinasi dengan menopause," kata Andrijono, di Balai Kota DKI Jakarta, Senin (28/11/2016).</p>
		<p>Dia mengatakan, pemberian vaksin ini hanya menyebabkan efek samping ringan, yakni sakit atau bengkak di tubuh lokasi suntikan. Ringannya efek samping ini karena vaksin berisi kulit atau cangkang dari virus HPV.</p>
		<p>"Jadi ada protein dari kulitnya, begitu disuntikkan ke dalam tubuh manusia, dia akan membuat reaksi antibodi. Antibodi akan beredar di dalam tubuh," kata Andrijono.</p>
		<p>Cairan tersebut menyebar ke serviks dan vagina. Sehingga, begitu virus HPV masuk ke serviks atau vagina, dapat dinetralisir menggunakan antibodi tersebut.</p>
		<p>Andrijono menjelaskan, vaksin HPV tidak dengan menyuntikkan virus, melainkan menyuntikkan protein yang terkandung dalam cangkang virus.</p>
		<p>"Vaksin ini relatif aman dan bisa dikembangkan menjadi vaksinasi nasional. Di negara lain juga sudah lebih dahulu melakukan vaksin HPV," kata Andrijono.</p>
		<p>Pemprov DKI Jakarta bekerja sama dengan Kementerian Kesehatan untuk mensubsidi pemberian vaksin kanker serviks. Vaksin kanker serviks diberikan kepada anak kelas 5 SD.</p>
		<p>Adapun pemberian vaksin merupakan salah satu langkah pencegahan kanker serviks. Namun, banyak warga tidak melakukan vaksin karena harganya melampau tinggi, yakni Rp 750.000 tiap sekali vaksin.</p>
		<p>Pemprov DKI Jakarta menargetkan pemberian vaksin HPV kepada 75.000 siswi kelas 5 SD.</p>
	</text>
</newsitem>