<newsitem itemid="1" id="root" date="1996-08-21" xml:lang="en">
<title>Kemnaker Tepis SMS Hoax Undian Berhadiah untuk TKI di Hongkong</title>
	<text>
		<p>Detik.com, Jakarta Kementerian Ketenagakerjaan (Kemnaker) menepis isu SMS (pesan singkat) berhadiah yang menyasar Pekerja Migran Indonesia (PMI) di Hongkong. Kemnaker tak pernah mengeluarkan undian berhadiah bagi PMI di luar negeri khususnya Hongkong.</p>
		<p> “Tidak ada dan tidak benar itu. Kementerian tidak pernah bilang seperti itu. Tolong konfirmasi kalau ada berita gitu-gitu,“ ujar Menteri Hanif usai peresmian Masjid KH Abdurrahman Wahid di Pusat Pendidikan Latihan (Pusdiklat) Kemnaker, Kampung Makassar, Jakarta Timur, Selasa (13/3).</p>
		<p>Menteri Hanif berpesan kepada PMI di manapun agar bersikap hati-hati dalam menyikapi rumor atau isu apapun tentang undian berhadiah dari Kemnaker. “Kalau ada informasi yang tidak jelas, tolong dicek dulu, bisa dimention," tambah Hanif.</p>
		<p>Dalam kesempatan sama Direktur Penempatan Tenaga Kerja Luar Negeri (PTKLN) Kemnaker, Soes Hindharno menyampaikan hal senada.</p>
		<p>"Itu tidak benar. Kami tidak pernah ada undian berhadiah bagi TKI teladan," ujar Soes Hindharno.</p>
		<p>Soes berpesan, kepada TKI di luar negeri agar tidak mudah terhasut dengan informasi bohong (hoax). " TKI jangan mudah kabar hoax, harus cek dan ricek biar tidak tertipu," ujar Soes seraya berjanji akan melakukan penelusuran atas informasi tersebut dengan pihak terkait.</p>
		<p>Media Sosial kembali dihebohkan dengan adanya PMI di Hongkong yang menerima pesan singkat berhadiah dari Depnaker. Dalam pesan singkat tersebut menyebutkan penerima SMS berhak mendapatkan uang tunai sebesar NT$.350.000 dari negara Indonesia.</p>
		<p>"SMS ini benar atau tidak ya," ujar Murti Mega, salah seorang PMI di Hongkong yang memperoleh pesan singkat melalui postingan di media sosial Facebook.</p>
		<p>Dalam pesan singkat juga terlampir no telepon dan alamat website www.DEPNAKER.yolasite.com. Dan penerima pesan telah resmi terpilih mendapatkan penghargaan tanpa diundi.</p>
		<p>Untuk mendapatkan hadiah, penerima segera menghubungi call office yang tertera dalam SMS. Pada akhir pesan singkat tertera pengirim dari Depnaker RI dengan SK.No.01.3748775.20.1718.</p>
	</text>
</newsitem>