<newsitem itemid="1" id="root" date="1996-08-21" xml:lang="en">
<title>Mengerikan, Sosok `Mayat Alien` Ditemukan di Rusia</title>
	<text>
		<p>Liputan6.com, Leningrad Oblast - Setelah sempat dihebohkan dengan penampakan Unidentified Flying Object (UFO) berwujud reptil di wilayah Rusia, kali ini masyarakat setempat kembali dibuat geger oleh sesosok mayat makhluk yang diduga alien di dekat wilayah pembangkit listrik tenaga nuklir Sonosvy Bor.</p>
		<p>Mayat tersebut memiliki fisik yang sangat `mengerikan`, yakni dengan bentuk potongan kepala lonjong seperti alien dengan tulang yang sudah busuk dan berwarna kegelapan. Diungkap, mayat misterius tersebut ditemukan di lokasi sungai Kovashi oleh 2 (dua) warga setempat pada Minggu lalu.</p>
		<p>Dua warga tersebut mengatakan bahwa ketika mereka menemukan mayat ini, awalnya mereka mengira itu adalah embrio ayam mutasi yang gagal lahir.</p>
		<p>Namun, mayat itu langsung diperiksa oleh tim ilmuwan dari Institut Biophysics di Krasnoyarsk, dan mereka menegaskan bahwa mayat tersebut bukanlah sebuah alien.</p>
		<p>"Ini jelas-jelas bukan alien. Jangan heboh dulu. Setelah kami teliti, badan mayat ini merupakan seekor hewan yang kami duga ikan atau unggas. Memang, makhluk ini memiliki struktur tulang yang aneh, tidak ada leher dan sayap," terang Yegor Zadereev, ilmuwan yang meneliti makhluk tersebut sebagaimana dikutip laman Mirror, Senin (7/9/2015).</p>
		<p>Lebih lanjut disebutkan, tim ilmuwan akan terus memeriksa mayat ini secara ekstensif. "Kami perlu mengetahui jenis organisme atau makhluk apakah ini karena strukturnya sangatlah aneh," pungkas Yegor.</p>
		<p>Untuk saat ini, mayat tersebut akan dikirim ke Moskow untuk diperiksa lebih lanjut. Beredarnya kabar ini rupanya sampai terdengar ke kelompok investigator Alien. Berbeda dengan pandangan para ilmuwan, tim investigator ini justru berpendapat bahwa temuan makhluk tersebut jelas-jelas merupakan makhluk ekstraterestrial.</p>
		<p>Scott C Waring, salah satu investigator dari UFO Sightings Daily mengatakan bahwa potongan mayat tersebut tidak ada hubungannya dengan hewan yang hidup di Bumi.</p>
		<p>"Ini jelas tidak ada hubungannya dengan makhluk hidup Bumi. Lihat saja dari struktur tulangnya, kami sangat yakin bahwa potongan tubuh mayat ini merupakan alien," tutur Scott.</p>
		<p>Sebuah video di tahun 2010 menunjukkan sebuah otopsi alien mati yang dilakukan oleh peneliti Rusia. Tampak alien tersebut dengan ukuran mini. Sayangnya, keseluruhan tubuh alien tidak nampak, hanya bagian kepala hingga perut yang sedang dibedah oleh sang ahli.</p>
	</text>
</newsitem>