<newsitem itemid="1" id="root" date="1996-08-21" xml:lang="en">
<title>Makan Mi Instan dan Cokelat Bersamaan Bikin Keracunan</title>
	<text>
		<p>Keracunan akibat makanan memang bisa terjadi. Tapi benarkah makan mi instan dan cokelat bersamaan bisa memicu keracunan? Apalagi sampai lima panca indranya mengeluarkan darah.</p>
		<p>Konon mi mengandung arsenic pentoxide dan reaksi kimia dari cokelat menyebabkan berubah jadi arsenik trioxide.</p>
		<p>Mi instan yang dijual di pasaran tidak ada yang ditemukan mengandung racun arsenik.</p>
		<p>"Berdasarkan hasil pengujian laboratorium, disimpulkan bahwa produk mi instan yang terdaftar dan beredar di Indonesia memenuhi standar dan persyaratan yang berlaku, serta dinyatakan aman untuk dikonsumsi," tegas Dra Kustantinah, Apt, M.App.Sc yang saat itu Kepala BPOM RI. Dilansir dari nakita.grid.id.</p>
	</text>
</newsitem>