<newsitem itemid="1" id="root" date="1996-08-21" xml:lang="en">
<title>Kabar Anak-anak Diculik Lalu Diambil Ginjalnya di Depok</title>
	<text>
		<p>Informasi adanya anak Sekolah Dasar yang diculik lalu diambil ginjalnya beredar di media sosial. Kabar itu menyebut peristiwa itu terjadi di sekitar wilayah Depok.</p>
		<p>Berikut broadcast lengkapnya:</p>
		<p>Mohon perhatiannya :</p>
		<p>Copas...</p>
		<p>Buat Bpk/Ibu, Saudara/i, teman"</p>
		<p>Sekarang ini Sy sedang di POLRES DEPOK bersama Bpk. Agus Winam beliau adalah Komandan dari Tim JAGUAR Polres Depok. Beliau mendapat laporan dari masyarakat bahwa ada anak hilang selama 3 hari, namun setelah tiga hari sianak muncul lagi disekolahnya namun dalam keadaan Sakit dan ada bekas luka jahitan dibagian tubuhnya setelah dibawa ke dokter dan dicek ternyata nn satu Ginjal sianak tidak ada, diduga sianak adalah korban penculikan yg saat ini sangat meresahkan masyarakat.</p>
		<p>menurut beliau (Tim Jaguar) yg jadi incaran para penculik adalah anak usia 1 sd 12 Thn, krn organ tubuhnya mudah diawetkan dan dalam masa pertumbuhan</p>
		<p>Sekarang ini Tim JAGUAR dan Tim BUSER Polres Depok sedang menyelidiki kasus tersebut.</p>
		<p>Himbauan dari Polres Depok, agar para orang tua dan masyarakat (bpk/ibu Guru) lebih perduli dan memberikan pengawasan lebih kepada putra/i khususnya dia Area persekolahan.</p>
		<p>mhn info ini disebar luaskan.</p>
		<p>info dr. Polres Depok</p>
		<p>Investigasi:</p>
		<p>detikcom mengkonfirmasi kabar tersebut ke Polres Depok. Kapolres Depok Kombes Harry Kurniawan menegaskan kabar tersebut tidak benar. Menurutnya tidak pernah ada kejadian ataupun laporan anak hilang dan diambil ginjalnya di daerah Depok.</p>
		<p>"Itu hoax, tidak benar itu dan tidak pernah ada kejadiannya. Masyarakat tidak usah resah dengan informasi itu karena itu tidak benar," ujar Harry kepada detikcom, Rabu (2/11/2016).</p>
	</text>
</newsitem>