<newsitem itemid="1" id="root" date="1996-08-21" xml:lang="en">
<title>HEADLINE: Fakta Vs Hoax Registrasi Kartu SIM Prabayar</title>
	<text>
		<p>Banyak berita bohong alias hoax yang menyebar ke aplikasi pesan instan dan media sosial seputar registrasi ulang kartu SIM prabayar.</p>
		<p>Dampak dari berita palsu itu pun meluas ke sejumlah pelanggan telepon seluler. Alhasil, mereka merasa bingung dan bertanya-tanya mana berita atau informasi yang benar.</p>
		<p>Salah satu kabar yang cukup membuat resah adalah beredarnya informasi palsu yang menyatakan Kementerian Komunikasi dan Informatika (Kemkominfo) akan memblokir nomor kartu SIM yang tidak melakukan registrasi menggunakan nomor kartu identitas (NIK) KTP dan nomor kartu keluarga (KK) per 31 Oktober 2017.</p>
		<p>Jika pada tanggal tersebut pelanggan belum melakukan registrasi ulang, maka mereka tidak bisa melakukan panggilan. Bila lima belas hari kemudian belum juga registrasi, mereka tidak bisa menerima telepon dan SMS. Kalau masih membandel, nomor kartu SIM pelanggan yang bersangkutan bakal diblokir.</p>
		<p>Untuk mengklarifikasi berita palsu tersebut Plt Kepala Biro Humas Kemkominfo Noor Iza  mengatakan pada 31 Oktober 2017, pemerintah baru mulai memberlakukan registrasi kartu SIM.</p>
		<p>"Registrasi ulang kartu SIM prabayar dengan validasi NIK KTP dan nomor KK diberi tenggat waktu hingga 28 Februari 2018, bukan 31 Oktober 2017," kata Noor Iza kepada Tekno Liputan6.com, Selasa (31/10/2017) di Jakarta</p>
	</text>
</newsitem>