<newsitem itemid="1" id="root" date="1996-08-21" xml:lang="en">
<title>Kementan Tegaskan Info Telur Palsu Hoax</title>
	<text>
		<p>Kementerian Pertanian dan Satgas Pangan Mabes Polri bergerak menyikapi beredarnya berita-berita mengenai telur palsu. Kementan menyebut, selain membuat resah konsumen, isu tersebut juga akan sangat merugikan peternak ayam petelur.</p>
		<p>Direktur Kesehatan Masyarakat Veteriner Ditjen Peternakan dan Kesehatan Hewan Kementerian Pertanian Syamsul Maarif menegaskan isu yang viral mengenai telur palsu adalah hoax. Dia mengaku Kementan telah terjun ke lapangan untuk mencari tahu kebenaran info itu.</p>
		<p>Setelah diteliti, ternyata itu telur asli, namun kondisinya dalam keadaan yang tidak baik karena sudah terlalu lama disimpan. Kemudian telur yang diduga palsu itu diuji laboratorium telur. Hasilnya dipastikan bahwa telur tersebut asli.</p>
		<p>"Mungkin cuma sudah terlalu lama. Makanya kita jangan simpan telur lama lama, lebih dari empat minggu," ujar Syamsul dalam keterangan tertulis, Minggu (18/3/2018).</p>
		<p>Ditemukannya telur-telur dengan ciri tidak normal seperti kuningnya yang lembek, putih telur terlalu cair, atau tidak lengket di tangan kemungkinan karena faktor alam akibat penyimpanan yang terlalu lama.</p>
		<p>"Biasanya telur itu sudah terlalu lama atau ayamnya sakit, sehingga mempengaruhi kondisi telur," kata Syamsul.</p>
		<p>Pada kesempatan yang sama, Direktur Perbibitan dan Produksi Ternak Ditjen Peternakan dan Kesehatan Hewan Kementerian Pertanian, Sugiono meminta masyarakat agar tidak terpengaruh dengan info hoax itu karena telur tidak dapat dipalsukan.</p>
		<p>"Telur produk biologis, tidak akan dapat dipalsukan, harga telur per kilogram jelas Rp. 20-23 ribu. Kalau ada yang mau memalsukan berapa biayanya, teknologi seperti apa yang digunakan, tidak mungkin bisa dipalsukan," ujarnya.</p>
		<p>Sementara itu, Kadiv Humas Mabes Polri, Irjen Setyo Wasisto mengatakan, adanya video singkat tentang telur palsu itu sangat meresahkan konsumen. "Masyarakat jadi tidak yakin dan ragu saat mau beli di pasar atau toko," kata Setyo. Dilansir dari Detik.com.</p>
	</text>
</newsitem>