<newsitem itemid="1" id="root" date="1996-08-21" xml:lang="en">
<title>AP II Sebut Isu Penjualan Bandara Internasional di Indonesia Hoax</title>
	<text>
		<p>TRIBUNNEWS.COM, JAKARTA - Bandara Internasional Soekarno-Hatta tidak boleh dijual karena itu merupakan kebanggaan nasional dan itu adalah pintu gerbang Indonesia.</p>
		<p>Ini juga berlaku bagi bandara-bandara lain yang ada Indonesia, pernyataan tersebut disampaikan oleh Komisaris Utama Angkasa Pura II, Rhenald Kasali.</p>
		<p>Menurutnya isu penjualan sejumlah bandara internasional ke pihak asing adalah hoax karena secara garis besar tidak ada rencana penjualan bandara ke pihak mana pun yang ada adalah kerjasama dengan investor untuk menghasilkan buat Indonesia.</p>
		<p>“Untuk mengklarifikasi berita penjualan saat ini adalah yang benar, asing saat ini tengah berebut untuk minta kerjasama dengan AP 2 karena kondisi keuangan itu sangat bagus pertumbuhan penumpang bagus ini yang sebenarnya terjadi bukan penjualan,” kata Rhenald saat dihubungi oleh wartawan, Minggu (12/11/2017).</p>
		<p>Rhenal menyayangkan munculnya isu penjualan ini, karena menurutnya saat ini pihaknya tidak sedang butuh uang.</p>
		<p>Bagaimanapun sejak jadinya bandara Terminal III Angkasa Pura II kata Rhenald semakin seksi di mata investor.</p>
		<p>Banyak investor yang datang ke Bandara Soekarno-Hatta dan Kualanamu.</p>
	</text>
</newsitem>