<newsitem itemid="1" id="root" date="1996-08-21" xml:lang="en">
<title>Ketua MUI: Bank Muamalat dibeli Lippo itu hoax</title>
	<text>
		<p>Ketua Majelis Ulama Indonesia (MUI) yang juga Guru Besar Ilmu Ekonomi Muamalat, KH Ma’ruf Amin meminta agar masyarakat untuk tidak termakan isu hoax terkait dengan pembelian Bank Muamalat oleh Lippo Group. </p>
		<p>Sejatinya, mengacu pemberitaan Kontan.co.id sebelumnya, Bank Muamalat dibeli oleh PT Minna Padi Investama Sekuritas (PADI) yang tidak ada kaitannya dengan Lippo Group.</p>
		<p>Penelusuran MUI, Minna Padi merupakan milik pengusaha muda asal Palembang, Sumatera Selatan, Setiawan Ichlas yang tidak ada hubungannya dengan Lippo Group.</p>
		<p>KH Ma’ruf Amin meminta agar umat cerdas menanggapi isu-isu tersebut. Ini penting untuk penguatan khususnya masalah keuangan dan perbankan syariah di Indonesia.</p>
		<p>"Bank Muamalat sebagai bank pertama syariah tentu harus kita kawal. Proses yang terjadi saat ini sudah tepat, saham yang tadinya terbesar dari luar negeri akan berubah saham dalam negeri, ini yang kita diharapkan semua pihak dan menjadi kebanggan Indonesia," kata Ma’ruf Amin dalam keterangan yang diterima Kontan.co.id, Senin (9/10).</p>
		<p>Ma’ruf Amin menegaskan, tidak ada masalah dengan profil Minna Padi sebagai pembeli Bank Muamalat. Menurut dia, upaya revitalisasi ini sangat penting.</p>
		<p>Apalagi Bank Muamalat sebagai bank pertama syariah di Indonesia. "Karena kita dalam era baru ekonomi syariah, ada keinginan untuk memperkuat keuangan syariah di Indonesia," ujarnya.</p>
	</text>
</newsitem>