<newsitem itemid="1" id="root" date="1996-08-21" xml:lang="en">
<title>Cerita Pesan Berantai soal Paket Narkoba yang Dikirim ke Rumah Warga</title>
	<text>
		<p>Pesan berantai tentang pengiriman paket narkoba beredar belakangan ini. Paket yang dikabarkan dari luar negeri maupun dalam negeri itu sengaja dikirim ke alamat yang salah untuk mengelabui aparat. Benarkah informasi itu?</p>
		<p>Isu:</p>
		<p>Pesan berantai itu tersebar di media sosial. Berikut ini bunyi pesan berantai tersebut:</p>
		<p> (Tolong sampaikan ke Pak RT/Pak RW) Tolong Sebarkan, PENTING...!!!</p>
		<p>Ass.Wr.Wb. Bp/Ibu Yang Berbahagia,</p>
		<p>Sekedar info utk berhati-hati ...</p>
		<p>Belakangan telah terjadi pengiriman paket dari luar negri maupun dalam negri ke beberapa alamat yg sengaja disalahkan utk mengecoh petugas yg berwajib.</p>
		<p>Jangan sekali-sekali anda mau menerima bingkisan / paket bila pengirimnya tidak di kenal, mereka lalu akan datang dgn menyamar sbg petugas utk mengambil kembali paket tsb dgn alasan telah terjadi salah kirim ...!</p>
		<p>Siapapun yang menandatangani tanda terima paket tsb dapat menjadi tersangka lingkaran pengedar narkoba. Baru - baru ini telah ditemukan Paket Narkoba berupa 1 Kg Metaphetamin dalam tas yang dikirim ke Magelang dari Thailand dgn modus Salah Kirim spt di atas.</p>
		<p>Saat ini penerima yg sebenarnya tidak tau apa2 itu sedang dalam interogasi Polisi. Beri tahu anggota keluarga, rekan2 dan pembantu, dan berhati - hatilah.. Sëmoga info ini bermanfaat untuk kita semua.</p>
		<p>Tolong bantu di sebar dgn ikhlas dan atas rasa kemanusiaan.. semoga bermanfaat.</p>
		<p> (Humas Polri)</p>
		<p>nvestigasi:</p>
		<p>detikcom mengonfirmasi pesan berantai tersebut ke Divisi Humas Polri. Sebab, di akhir kalimat pesan berantai itu tertulis seolah-olah pesan ini berasal dari Humas Polri.</p>
		<p>Kepala Biro Penerangan Masyarakat Divisi Humas Polri Brigjen Rikwanto menegaskan pesan tersebut merupakan hoax. "Informasi itu hoax," kata Rikwanto saat dimintai konfirmasi, Selasa (21/2/2017).</p>
	</text>
</newsitem>