<newsitem itemid="1" id="root" date="1996-08-21" xml:lang="en">
<title>KPK: Dokumen PDF tentang 18 Calon Kepala Daerah Diduga Korupsi Hoaks</title>
	<text>
		<p>KOMPAS.com - Komisi Pemberantasan Korupsi (KPK) menegaskan dokumen berjudul "KPK Umumkan33.pdf" yang tersebar di dunia maya adalah hoaks. Dokumen tersebut memuat 18 nama calon kepala daerah yang diduga melakukan tindak pidana korupsi.</p>
		<p>Dokumen itu memuat nama calon gubernur, wali kota, hingga bupati beserta dengan dugaan kasus-kasusnya. Bagian atas dokumen juga dilengkapi dengan huruf "KPK" yang mirip dengan jenis huruf dan warna logo lembaga antirasuah tersebut.</p>
		<p>Juru Bicara KPK Febri Diansyah meminta masyarakat untuk berhati-hati atas informasi yang tidak disampaikan secara resmi oleh KPK.</p>
		<p>"Dokumen PDF dan isinya tersebut tidak benar. Hati-hati dengan informasi palsu yang disebar," kata Febri dalam keterangan tertulisnya, Senin (4/6/2018).<//p>
		<p>Febri menegaskan, dalam UU KPK, kewenangan KPK memproses hukum penyelenggara negara yang diduga terlibat dalam tindak pidana korupsi.</p>
		<p>Ia juga menuturkan pengumuman proses penyidikan dan penetapan tersangka selalu diumumkan lewat konferensi pers.</p>
		<p>"Jika KPK telah masuk proses penyidikan dan ada tersangka, maka hal tersebut akan diumumkan secara resmi melalui konferensi pers, bukan dengan dokumen PDF seperti itu yang pasti tidak benar," ujar dia.</p>
	</text>
</newsitem>