<newsitem itemid="1" id="root" date="1996-08-21" xml:lang="en">
<title>Menteri PANRB: Usut Tuntas Hoax Penerimaan CPNS 2018.</title>
	<text>
		<p>Kementerian Pendayagunaan Aparatur Negara dan Reformasi Birokrasi Birokrasi (PANRB) mengingatkan Warga Negara Indonesia (WNI) untuk waspada terhadap informasi hoax terkait penerimaan Calon Pegawai Negeri Sipil (CPNS) 2018 atau penerimaan CPNS 2018. </p>
		<p>Hal ini menyusul ditemukannya surat bodong berisi informasi penerimaan tenaga honorer, terutama yang beredar di media sosial dalam beberapa hari terakhir.</p>
		<p>Menteri PANRB, Asman Abnur menegaskan, hal tersebut saat membuka rapat konsultasi dan validasi kebutuhan PNS di lingkungan Kementerian dan Lembaga (K/L), di Jakarta, Senin, (21/5/2018).</p>
		<p>"Surat yang beredar di masyarakat melalui media sosial tersebut palsu dan tidak dapat dipertanggung jawabkan kebenarannya, hoax. Saya minta kasus ini diusut tuntas agar masyarakat mendapatkan informasi yang benar," ujar dia seperti dikutip dari keterangan tertulis.</p>
		<p>Kepada masyarakat, dia mengimbau  untuk lebih cermat dan waspada serta tidak mudah percaya dengan berita-berita yang tidak jelas kebenarannya.</p>
		<p>Adapun saat ini, tahapan penerimaan CPNS 2018 masih dalam proses validasi data usulan formasi dari berbagai K/L serta Pemerintah Daerah (Pemda). "Ini saja masih kami rapatkan. Masih kami validasi, masa sudah keluar. Itu sama sekali tidak benar," tegas dia,dilansir dari liputan6.com.</p>
	</text>
</newsitem>