<newsitem itemid="1" id="root" date="1996-08-21" xml:lang="en">
<title>Tentang Postingan di Medsos PT DI Dijual ke China</title>
	<text>
		<p>Detik.com.- Beredar kabar  BUMN strategis PT Dirgantara Indonesia (PT DI) dijual kepada pemerintah Cina. Pengalihan kepemilikan itu disebut-sebut dilakukan setelah penandatangan pembayaran utang pemerintah RI kepada Cina oleh Presiden Joko Widodo. Apakah benar?</p>
		<p>Isu</p>
		<p>Beredar broadcast di Facebook, Twitter, dan grup WhatsApp. Berikut ini isinya:</p>
		<p>Telah berpindah tangan satu lagi BUMN strategis yang dibangun oleh Alm Soeharto dan Prof DR Ing BJ Habibie... Dengan ditandatanganinya pelunasan pembayaran dari pemerintah Cina kepada pemerintah Indonesia pada awal April 2017 oleh Presiden Joko Widodo (disetujui dan ditandatangani oleh Ketua KPK, ketua DPR RI dan ketua dewan pertimbangan presiden) maka secara resmi kepemilikan PT Dirgantara Indonesia/PTDI dh. IPTN NURTANIO berpindah tangan menjadi milik pemerintah Tjin.</p>
		<p>Dengan demikian, untuk selanjutnya, seluruh pesawat dan komponen hasil produksi akan berlabel Made in Cina.</p>
		<p>Investigasi</p>
		<p>Kepala Humas dan Hukum PT DI Irland Budiman memastikan informasi tersebut hoax. "Ini hoax yang berlebihan dan dibuat oleh mereka yang dibayar untuk buat cerita-cerita hoax dengan tujuan tertentu," katanya, Sabtu (29/4/2017).</p>
		<p>Menurut dia, PT DI, yang merupakan industri pertahanan, dilindungi oleh UU No 16 Tahun 2012 Pasal 52 ayat 1, yang kepemilikan sepenuhnya dikuasai oleh negara dan dilarang dijual kepada pihak asing. "Dengan demikian, tidak boleh sebagian sahamnya dijual kepada siapa pun dan 100% milik Negara Republik Indonesia," ucapnya.</p>
		<p>Dengan adanya kabar yang menyesatkan ini, kata Irland, PTDI mengimbau semua pihak bijak dalam menyebarkan informasi, terutama informasi yang tidak benar atau menyesatkan. "Dukungan dari semua pihak dibutuhkan untuk mendukung kemandirian Industri Dirgantara Indonesia demi kemajuan bangsa Indonesia," katanya.</p>
		<p>Isu saham BUMN strategis PT Dirgantara Indonesia (PT DI) dijual kepada pemerintah Cina adalah hoax.</p>
	</text>
</newsitem>