<newsitem itemid="1" id="root" date="1996-08-21" xml:lang="en">
<title>Polisi: Pesan Berantai Warga Madiun Siap Jadi "Pengantin Bom" Hoax</title>
	<text>
		<p>Setelah muncul kabar tentang adanya tiket kereta api jurusan Surabaya-Madiun di rumah teroris Sepanjang, Sidoarjo, warga Madiun kembali geger. Pasalnya, muncul pesan berantai tentang adanya warga Madiun yang siap menjadi pengantin pengeboman.</p>
		<p>Adapun isi pesan berantai tersebut adalah: ijin copas, diinformasikan bahwa seorang warga Desa Luworo, Kecamatan Pilangkenceng Kabupaten Madiun and SW telah siap menjadi pengantin pengeboman. Dimana SW lulusan dari SMA negeri 1 Caruban, hingga saat ini ybs tinggal di Batam. SW dg nama terbaru Abu Mustofa. Dimana SW/Abu Mustofa tinggal di Desa Luworo, jumlah keluarga 2 org, kakaknya telah menikah dan tinggal di Tulungagung. Ortunya setiap hari jualan sayur di Caruban. Setiap bulannya ybs membesuk abu bakar Ba'asyir.</p>
		<p>Pesan berantai itu pun mendapat respon dari Kapolres Madiun AKBP I Made Agus Prasatya. Ia mengaku juga mengetahui pesan berantai itu.</p>
		<p>"Memang ada pesan berantai itu. Tapi saya pastikan itu Hoax. Masyarakat jangan mudah percayalah," kata I Made Agus Prasatya kepada jatimnow.com, Kamis (17/5/2018).</p>
		<p>Ia mengaku, anggotanya sudah mengecek ke rumah yang dimaksud. "Orang tuanya juga sudah kami temui dan tidak ada yang mencurigakan," katanya.</p>
		<p>Hingga saat ini, lanjut dia, orang yang dimaksud itu tidak berada di Kabupaten Madiun. Hanya beberapa tahun sekali pulang ke Kabupaten Madiun.</p>
		<p>Walaupun demikian, tiga pilar Kecamatan Pilangkenceng, Madiun juga sudah membentengi agar tidak ada korban teroris di wilayah Madiun.</p>
	</text>
</newsitem>