<newsitem itemid="1" id="root" date="1996-08-21" xml:lang="en">
<title>Isu Garam Campur Beling, Ini yang Sebenarnya Terjadi</title>
	<text>
		<p>Belum selesai masalah kelangkaan garam, kini masalah baru datang lagi. Baru-baru ini warganet digemparkan dengan munculnya isu garam bercampur beling atau pecahan kaca. Selain beredar dari mulut ke mulut, salah satu sumber kehebohan ini adalah unggahan akun di YouTube bernama Mahendra Jaya. </p>
		<p>Video yang diunggah pada 12 Agustus 2017 itu menunjukkan adanya butiran putih yang diduga sebagai pecahan beling.</p>
		<p>Beberapa pemerintah daerah telah memeriksa kebenaran garam bercampur beling ini. Salah satunya adalah di Kecamatan Solokuro, Kabupaten Lamongan, Jawa Timur. Dinas Perindustrian dan Perdagangan (Disperindag) setempat menyimpulkan bahwa isu garam bercampur kaca itu tidak benar.</p>
		<p>Kepala Disperindag Lamongan, Muhammad Zamroni menegaskan bahwa temuan garam bercampur kaca tersebut telah diterima sebelumnya. Namun, setelah diperiksa semua unsur garam tersebut larut. Zamroni menjelaskan bahwa zat yang tidak terlarut sebenarnya bukan pecahan kaca. Garam tersebut sulit larut bisa jadi karena produk lama sehingga menggumpal.</p>
		<p>Hal senada juga disampaikan oleh Jakfar Sodikin, Ketua Asosiasi Petani Garam Rakyat Indonesia (APGRI). Menurut dia, adanya butiran dengan tekstur yang lebih keras seharusnya tidak kemudian disimpulkan sebagai pecahan beling. Dilansir dari Detik.com.</p>
	</text>
</newsitem>