<newsitem itemid="1" id="root" date="1996-08-21" xml:lang="en">
<title>Air dalam Botol Plastik yang Disimpan di Mobil Bisa Picu Kanker Itu Hoax</title>
	<text>
		<p>Detik.com - Minum air dari botol plastik yang disimpan di mobil kabarnya bisa membahayakan kesehatan. Sebab air minum itu bisa memicu munculnya kanker payudara. Jika Anda mendengar kabar ini, jangan buru-buru percaya. Sebab ini kabar yang tidak benar alias hoax semata.</p>
		<p>"Ini cuma omong kosong. Berita seperti ini harus diuji lagi kebenarannya. Kanker juga tidak semudah itu bisa muncul, seperti beredar sterofom juga dapat menyebabkan kanker," jelas dr Andhika Rahman SpPD saat dihubungi detikHealth, Jumat (22/3/2013).</p>
		<p>Bagaimanapun, radikal bebas merupakan salah satu faktor penyebab kanker pada manusia, tetapi jika tidak memiliki gen yang merupakan satu penyebab kanker, kanker tidak akan mudah terjadi. Dr Andhika pun menjelaskan penyebab kanker selain genetika yaitu lingkungan.</p>
		<p>"Kanker tidak hanya disebabkan oleh satu faktor, walaupun dia punya gen kanker paru-paru, jika ia menjaga dengan tidak merokok maka kanker tersebut belum tentu jadi," terangnya. [</p>
		<p>Jika Anda bekerja di lingkungan yang banyak mengandung radikal bebas, sebaiknya imbangi dengan mengonsumsi buah-buahan atau makanan yang kaya antioksidan. Sebab antioksidan dipercaya dapat memperlambat dan mengikis radikal bebas yang masuk ke dalam tubuh.</p>
		<p>Kabar meminum air dari botol plastik yang disimpan di mobil bisa menyebabkan kanker payudara beredar melalui pesan BlackBerry Messenger. Berikut ini isi pesan yang beredar:</p>
		<p>PERINGATKANLAH KELUARGA, ISTRI, KEKASIH & ANAK GADIS ANDA</p>
		<p>Hai para wanita, air dalam botol plastik di mobil Anda, sangatlah berbahaya!!!!</p>
		<p>Dengan cara inilah Sheryl Crow mengalami kanker payudara. Dia tampil di acara Ellen show dan mengatakan hal yang sama persis. Hal ini telah diidentifikasikan sebagai penyebab paling utama pada kanker payudara, terutama di Australia.</p>
		<p>Seorang teman yang ibunya didiagnosa mengidap kanker payudara baru-baru ini. Dokter berkata: wanita tidak boleh meminum minuman yang sudah lama berada di dalam mobil.</p>
		<p>Dokter berkata bahwa hawa panas yang memanaskan bahan plastik dalam botol memiliki bahan kimia tertentu yang dapat menyebabkan kanker payudara. Jadi tolong berhati-hatilah dan jangan minum air dalam botol plastik TIPE APAPUN yang sudah ditinggalkan di dalam mobil, dan kirimkan ke teman-teman wanita Anda.</p>
		<p>Informasi seperti ini sangatlah kita perlukan dan kita harus berhati-hati, dan mungkin akan menyelamatkan hidup kita. Hawa panas dapat menyebabkan toksin/racun dari plastik menjadi bocor dan bercampur dengan air dan mereka telah menemukan racun ini pada jaringan payudara. Sebisa mungkin gunakan gelas stainless steel atau botol kaca. Tidak hanya di mobil, di rumah, jgn biasakan air panas di wadah plastik.</p>
		<p>Biarlah semua orang yang mempunyai istri atau teman wanita atau anak perempuan mengetahui ini semua.</p>
	</text>
</newsitem>