<newsitem itemid="1" id="root" date="1996-08-21" xml:lang="en">
<title>Isu Penculikan Anak, Kapolda Banten Minta Warga Melapor</title>
	<text>
		<p>Kapolda Banten Brigjen Listyo Sigit Prabowo menyebut maraknya isu penculikan anak yang berujung pengeroyokan membuat masyarakat resah. Warga diminta melapor bila menemukan hal mencurigakan.</p>
		<p>"Terkait dengan penculikan, sampai saat ini di wilayah Banten belum ada peristiwa (penculikan) tersebut. Kalau pun ada yang dicurigai mungkin membuat masyarakat cemas, mencurigakan laporkan ke aparat terdekat," kata Listyo kepada wartawan di Kawasan Pusat Pemerintahan Provinsi Banten (KP3B), Jl. Syekh Nawawi Albantani, Kota Serang, Senin (20/3/2017).</p>
		<p>Kapolda meminta warga tidak mengambil tindakan berlebihan seperti pengeroyokan terkait isu penculikan anak. Sebab bisa saja orang yang dikeroyok bukan pelaku penculikan seperti kasus di Cilegon.</p>
		<p>"Itu gelandangan yang dicurigai beberapa orang yang dengan adanya isu tersebut. Makanya ke depan jangan sampai terjadi lagi," ujarnya.</p>
		<p>Polisi dipastikan Listyo akan menindak tegas provokator terkait dengan penganiayaan terhadap orang yang belum tentu pelaku dari penculikan anak. "Upaya memprovokasi itu akan kita cari," tuturnya.</p>
		<p>Sebelumnya, pria tanpa identitas di Ciwandan, Cilegon tewas dikeroyok massa yang dikira sebagai penculik anak. Peristiwa tersebut terjadi pada Sabtu (18/3) pukul 21.30 WIB.</p>
		<p>Saat itu, pria yang menggunakan pakaian compang-camping tengah berjalan di lokasi kejadian. Selain itu seorang perempuan di Tanggerang juga nyaris menjadi bulan-bulanan warga di Tanah Tinggi, Kota Tangerang karena dikira hendak menculik anak.</p>
		<p>"Itu orang stres. Katanya dia mau nyari adiknya di Tanah Tinggi, karena stres dia lupa posisinya di mana," kata Kapolsek Tangerang Kompol Ewo Samono, Minggu (19/3). Dilansir Detik.com.</p>
	</text>
</newsitem>