<newsitem itemid="1" id="root" date="1996-08-21" xml:lang="en">
<title>KLARIFIKASI BADAN POM TERKAIT BEREDARNYA ISU PRODUK OBAT PARASETAMOL YANG MENGANDUNG VIRUS BERBAHAYA</title>
	<text>
		<p>PERINGATAN:Hati-hati untuk tidak mengambil Paracetamol yang datang ditulis P/500. Ini adalah Paracetamol baru, sangat putih dan mengkilap.</p>
		<p>Menurut dokter terbukti mengandung “Machupo” virus, dianggap salah satu virus yang paling berbahaya di dunia dan dengan tingkat kematian yang tinggi. Silakan berbagi pesan ini, untuk semua orang dan keluarga dan menyelamatkan hidup dari mereka”.</p>
		<p>ISU tersebut adalah HOAX.</p>
		<p>Badan Pengawas Obat dan Makanan (Badan POM) melakukan evaluasi terhadap keamanan, khasiat, mutu, dan penandaan/label produk obat sebelum diedarkan (pre-market evaluation) dan secara rutin melakukan pengawasan terhadap sarana produksi dan distribusi, serta produk yang beredar di wilayah Indonesia (post-market control).</p>
		<p>Terkait isu di atas yang disebarkan secara berantai melalui media sosial, sampai saat ini Badan POM tidak pernah menerima laporan kredibel yang mendukung klaim bahwa virus Machupo telah ditemukan dalam produk obat Parasetamol atau produk obat lainnya.</p>
		<p>Virus Machupo sendiri diketahui merupakan jenis virus yang penyebarannya dapat terjadi melalui udara, makanan, atau kontak langsung. Virus Machupo dapat bersumber dari air liur, urin, atau feses hewan pengerat yang terinfeksi dan menjadi pembawa (reservoir) virus tersebut.</p>
		<p>Kepala Badan POM, Penny K. Lukito menyampaikan bahwa Badan POM tidak pernah menemukan hal-hal seperti yang diisukan tersebut, termasuk kandungan virus Machupo dalam produk obat. Sumber dari Pom.go.id.</p>
	</text>
</newsitem>