<newsitem itemid="1" id="root" date="1996-08-21" xml:lang="en">
<title>Pesan Berantai Kecelakaan Tewaskan 130 Jemaah Umrah, Ini Faktanya</title>
	<text>
		<p>Sebuah pesan berantai beredar di WhatsApp grup sejak pagi tadi. Isinya mengabarkan bahwa telah terjadi tabrakan beruntun rombongan umrah pada bulan Ramadhan ini.</p>
		<p>Di pesan yang beredar tersebut penerima diminta mengecek, barangkali ada keluarga atau kerabat menjadi korban dalam kecelakaan tersebut.</p>
		<p>"Innaalillaahi Wa Innaa Ilaihi Raajiu'un.. Update terkini..Kecelakaan tabrakan beruntun rombongan Umroh di Mekkah Ramadhan ini sebanyak 130 orang meninggal dunia.. Cek keluarga dan kerabat yg sedang pergi Umrah..!!Semoga Khusnul Khaatimah," begitu bunyi pesan berantai yang beredar pagi tadi, Rabu (31/5/2017).</p>
		<p>Investigasi</p>
		<p>detikcom melakukan penelusuran tentang kebenaran tersebut. detikcom mengonfirmasi kabar tersebut ke Kemenag, KJRI Arab Saudi terkait kabar itu.</p>
		<p>Menteri Agama Lukman Hakim Saifuddin menjawab pertanyaan detikcom dengan sebuah link berita media Arab Saudi yang memberitakan kabar kecelakaan yang menewaskan enam orang dan mengakibatkan 81 orang luka-luka.</p>
		<p>Sebuah media di Arab Saudi saudigazette [dot]com[dot]sa pada Minggu, 28 Mei 2017 memang menurunkan berita tentang terjadinya kecelakaan beruntun di jalan tol Madinah-Qassim.</p>
		<p>Kecelakaan tersebut terjadi pada Jumat (26/5/2017) malam dan menyebabkan enam orang tewas serta 81 lainnya luka-luka. Kecelakaan tak sampai menyebabkan 130 orang meninggal seperti pesan berantai yang beredar pagi tadi.</p>
		<p>Menteri Agama Lukman Hakim Saifuddin yang juga dikonfirmasi meminta detikcom bertanya langsung kepada pihak yang pertama kali menyebarkan kabar kecelakaan itu."Tanyakan ke pengirimnya, dari mana sumber informasinya?</p>
		<p>Didiklah pengguna sosmed kita lebih bertanggung jawab dalam menyebarluaskan kabar dan info tersebut," kata Lukman saat dikonfirmasi detikcom, Rabu (31/5/2017).</p>
	</text>
</newsitem>