<newsitem itemid="1" id="root" date="1996-08-21" xml:lang="en">
<title>Isu Bendung Katulampa Jebol Kembali Beredar, Padahal Begini Kondisinya Saat Ini</title>
	<text>
		<p>TRIBUNNEWSBOGOR.COM, BOGOR TIMUR - Isu jebolnya Bendung Katulampa kembali beredar baru-baru ini.</p>
		<p>Kabar tidak benar alias hoax tersebur beredar di media sosial maupun pesan berantai atau broadcast di WhasApp.</p>
		<p>Isu tersebut pun bahkan membuat masyarakat luas menjadi resah.</p>
		<p>Demikian yang disampaikan Kepala Jaga Bendung Katulampa, Andi Sudirman saat ditemui TribunnewsBogor.com di Pos Jaga Bendung Katulampa.</p>
		<p>Andi mengatakan, saat ini Bendung Katulampa dalam kondisi normal dan berfungsi dengan baik.</p>
		<p>"Tidak jebol, masih normal kok, saya juga bingung kenapa bisa beredar lagi isu hoax itu," ujarnya kepada TribunnewsBogor.com, Kamis (30/11/2017).</p>
		<p>Dikatakannya bahwa tak sedikit orang yang bertanya kepada dirinya terkait kondisi Bendung Katulampa pasca beredarnya isu tersebut.</p>
		<p>"Sekarang jadi ramai lagi, banyak yang bertanya-tanya ke saya maupun petugas Bendung Katulampa yang lain," katanya.</p>
		<p>Lebih lanjut dia menjelaskan, saat ini Tinggi Muka Air (TMA) Bendung Katulampa pun masih terbilag cukup stabil.</p>
		<p>"Sekarang TMA 50 sentimeter sebelumnya sempat 70 sentimeter dengan status siaga 4," jelasnya.</p>
	</text>
</newsitem>