<newsitem itemid="1" id="root" date="1996-08-21" xml:lang="en">
<title>Hoax, Paracetamol Bikin Kulit Bentol-bentol</title>
	<text>
		<p>Metrotvnews.com, Jakarta: Meski telah dibantah, pesan berantai terkait hoax Paracetamol P/500 masih beredar hingga saat ini.</p>
		<p>Pesan yang muncul di awal tahun 2017 tersebut berbunyi berikut:</p>
		<p>“PERINGATAN:Hati-hati untuk tidak mengambil Paracetamol yang datang ditulis P/500. Ini adalah Paracetamol baru, sangat putih dan mengkilap. Menurut dokter terbukti mengandung “Machupo” virus, dianggap salah satu virus yang paling berbahaya di dunia dan dengan tingkat kematian yang tinggi. Silakan berbagi pesan ini, untuk semua orang dan keluarga dan menyelamatkan hidup dari mereka."</p>
		<p>Di samping pesan tersebut, disertakan gambar perempuan yang badannya bentol-bentol setelah minum obat tersebut, membuat pembaca yang melihatnya bergidik.</p>
		<p>Informasi tersebut telah dibantah oleh Badan Pengawas Obat dan Makanan (Badan POM) yang bertugas melakukan evaluasi terhadap keamanan, khasiat, mutu, dan penandaan/label produk obat sebelum diedarkan (pre-market evaluation), dan secara rutin melakukan pengawasan terhadap sarana produksi dan distribusi, serta produk yang beredar di wilayah Indonesia (post-market control).</p>
		<p>Dalam laman resmi, Badan POM mengaku tidak pernah menerima laporan kredibel yang mendukung klaim bahwa virus Machupo telah ditemukan dalam produk obat Parasetamol atau produk obat lainnya.</p>
	</text>
</newsitem>