<newsitem itemid="1" id="root" date="1996-08-21" xml:lang="en">
<title>Isu Rush Money Hoax, Tito: Polisi Akan Tangkap Penyebarnya   </title>
	<text>
		<p>TEMPO.CO, Surabaya – Kepala Kepolisian Republik Indonesia Jenderal Tito Karnavian mengatakan polisi menyelidiki penyebar isu rush money. Melalui unit cyber, polisi akan cari siapa penyebar isu itu.</p>
		<p>"Kami akan tangkap," kata Tito seusai seminar Membangun Nilai-Nilai Kebangsaan Dalam Bingkai Kebhinnekaan di gedung Dewan Perwakilan Rakyat Daerah Jawa Timur, Sabtu, 19 November 2016.</p>
		<p>Sebelumnya, beredar kabar di media sosial bahwa akan ada gerakan penarikan uang besar-besaran (rush money). Gerakan itu diisukan terjadi di tengah situasi perkara Ahok yang memanas.</p>
		<p>Informasi yang beredar, rush money digaungkan menjelang demonstrasi susulan terhadap kasus dugaan penistaan agama oleh Gubernur DKI Jakarta nonaktif Basuki Tjahaja Purnama alias Ahok.</p>
		<p>Soal perkembangan penyelidikan, Tito enggan menjelaskan. "Kalau dijelaskan ke ruang publik bisa tahu nanti," katanya. </p>
		<p>Isu rush money itu, menurut Tito, sengaja diembuskan untuk mengganggu ekonomi Indonesia. Karena itu, masyarakat jangan sampai terpengaruh isu itu.</p>
		<p>"Isu itu hoax, tidak betul ada rush money," katanya.</p>
		<p>Menurut Tito, isu mengenai rush money juga tidak bisa dibuktikan sekarang. Dia meminta agar publik tidak terprovokasi. “Sumbernya enggak jelas, faktanya enggak ada.”</p>
		<p>Tito menjelaskan kondisi keamanan Indonesia saat ini dalam kondisi aman. Jika akhir-akhir ini banyak demo terhadap kasus Ahok adalah hal biasa seperti demo pada umumnya.</p>
		<p>"Saya sudah koordinasi dengan Panglima TNI, keamanan aman," tuturnya.</p>
	</text>
</newsitem>