<newsitem itemid="1" id="root" date="1996-08-21" xml:lang="en">
<title>Warga Merauke Makan Kulit Kayu karena Kelaparan, TNI: Itu Hoax</title>
	<text>
		<p>Banjir rob melanda di Distrik Waan, Merauke, Papua, pada 31 Januari 2018. Akibatnya, tanaman warga rusak akibat terencam air asin. Pihak TNI menyangkal ada warga setempat yang sampai memakan kulit kayu untuk bertahan hidup.</p>
		<p>"Warga Waan Kabupaten Merauke makan kulit kayu akibat kelaparan adalah hoax," kata Kapendam XVII/Cendrawasih Kolonel Inf Muhammad Aidi dalam siaran pers kepada detikcom, Selasa (6/3/2018).</p>
		<p>Jarak dari Merauke ke Distrik Waan sekitar 250 km. Satu-satunya akses dengan kapal laut, meski ada jalur darat. Perjalanan sped boat sekitar 8 hingga 10 jam, itupun apabila cuaca baik.</p>
		<p>"Banjir tepat pada saat terjadi fenomena super moon, blue moon dan gerhana bulan total sehingga air laut pasang yang mengakibatkan 11 Kampung di Distrik Waan Kabupaten Merauke terendam air laut. Banjir ini berlangsung selama beberapa jam melanda 11 kampung dengan total jumlah penduduk data adalah 4.500 jiwa," ujarnya.</p>
		<p>Banjir ini sebenarnya adalah bencana tahunan. Yaitu berlangsung antara Februari hingga Maret. Namun tahun ini karena adanya fenomena gerhana bulan dan super moon akhir Januari lalu sehingga gelombang pasang air laut lebih tinggi.</p>
		<p>"Adapun informasi tentang warga mengkonsumsi kulit kayu karena tidak adanya bahan makananan pokok seperti beras, umbi umbian tidak ada karena banjir rob yang melanda daerah pesisir pantai Distrik Waan sejumlah 5000 orang memakan kulit kayu adalah tidak benar," sambungnya. </p>
		<p>Kulit kayu yang biasa di konsumsi penduduk asli Suku Kimaam di 11 kampung Distrik Waan adalah kulit kayu Getana yang dimakan sebagai pengganti pinang.</p>
		<p>"Sampai saat ini tidak ada warga masyarakat di 11 kampung di Distrik Waan yang kekurangan bahan makanan karena mereka baru saja panen raya umbi petatas. Meskipun sebelumnya terendam air asin dan mengakibatkan daun tanaman layu. Namun umbinya masih bisa dipanen dengan baik. Sedangkan sumber pendapatan mereka selain berkebun adalah hasil laut dan berburu," paparnya. Dikutip dari Detik.com.</p>
	</text>
</newsitem>