<newsitem itemid="1" id="root" date="1996-08-21" xml:lang="en">
<title>Go-Jek soal Isu ISIS Gabung Go-Food: 100% Hoaks</title>
	<text>
		<p>Di tengah rentetan aksi teror di Indonesia belakangan ini, terus beredar informasi-informasi tidak benar yang meresahkan di kalangan masyarakat. Berita palsu ini bukan hanya merugikan masyarakat, tapi sejumlah pihak, salah satunya Go-Jek.</p>
		<p>Perusahaan on-demand berbasis aplikasi itu dituduh mulai disusupi organisasi teroris ISIS di layanan pengantaran makanan Go-Food.</p>
		<p>Dalam screenshot pesan hoaks yang beredar, tertulis kalau beberapa anggota teroris dari ISIS telah bergabung sebagai mitra pengemudi Go-Food. Hoaks itu semakin parah ketika disebutkan mitra Go-Food itu meracuni makanan yang dipesan pelanggan.</p>
		<p>Vice President Corporate Communications Go-Jek, Michael Reza Say, telah mengonfirmasi kalau informasi tersebut sepenuhnya hoaks.</p>
		<p>"Ini hoaks 100 persen. Mabes Polri juga sudah confirm," tegas Michael, saat dihubungi kumparan, Rabu (16/5).</p>
		<p>Beredarnya pesan hoaks ini turut diselidiki oleh Perkumpulan Pengemudi Transportasi dan Jasa Daring Indonesia (PPTJDI). Mereka telah bekerja sama dengan berbagai pihak untuk mendalami hoaks tersebut.</p>
		<p>"Terkonfirmasi juga oleh Kepolisian melalui Kadiv Humas Mabes Polri Irjen Pol Setyo Wasisto yang menegaskan bahwa informasi mengenai ojek online meracuni pesanan makanan konsumen adalah berita menyesatkan," ujar Igun Wicaksono, Ketua Umum PPTJDI.</p>
		<p>Pihak PPTJDI meminta Kepolisian untuk mengusut penyebar berita hoaks itu karena dianggap merugikan para pengemudi dalam mencari nafkah dan menciptakan keresahan di masyarakat.</p>
		<p>PPTJDI mengimbau masyarakat dan rekan mitra pengemudi ojek online agar tidak terhasut oleh informasi bohong tersebut.</p>
	</text>
</newsitem>