<newsitem itemid="1" id="root" date="1996-08-21" xml:lang="en">
<title>BBPOM: info soal garam campur kaca kabar bohong</title>
	<text>
		<p>Surabaya (ANTARA News) - Balai Besar Pengawas Obat dan Makanan (BPOM) Surabaya menegaskan bahwa informasi mengenai garam campur serpihan kaca yang beredar di media sosial akhir-akhir ini adalah kabar bohong.</p>
		<p>Kepala BBPOM Surabaya Dra Apt Hardaningsih di Surabaya, Jumat, mengatakan lembaganya sudah mengambil contoh produk garam yang dikabarkan bercampur serpihan kaca dan melakukan pengujian laboratorium.</p>
		<p>BBPOM Surabaya sudah memeriksa sampel produk garam merek Ibu Bijak, Anak Pintar, Sarcil, Jap Gajah, Cap S dan Karapan Sapi buatan produsen asal Surabaya, Pamekasan, Gresik dan Pati yang beredar di Jawa Timur.</p>
		<p>Hasilnya, tidak ada satu pun produk garam konsumsi dalam kemasan 250 gram itu yang mengandung serpihan kaca.</p>
		<p>"Kami pastikan tidak ada garam yang tercampur serpihan kaca. Berita yang ada di media sosial tidak benar atau hoax. Karena Jumat minggu lalu kami sudah lakukan sidak dengan pengambilan sampel dan lakukan pengujian laboratorium dan semua hasilnya tidak ada yang mengandung kaca," kata dia.</p>
		<p>Hasil uji laboratorium, ia menjelaskan, menunjukkan bahwa produk-produk garam yang diperiksa aman dikonsumsi berdasarkan tiga parameter pengujian.</p>
		<p>"Setelah kami lakukan uji laboratorium hasilnya sudah memenuhi syarat semua seperti kadar air, NaCl dan kadar Iodiumnya aman untuk di konsumsi," tuturnya.</p>
		<p>"Saya imbau agar tidak menyebarkan informasi hoax karena dari informasi itu dapat meresahkan masyarakat dan juga dapat memberikan dampak produsen dan konsumen," ujarnya. Dilanasir dari antaranews.com.</p>
		<p>Sebelumnya beredar kabar mengenai warga Desa Takerharjo, Kecamatan Solokuro, Lamongan, yang merasa janggal ketika sedang memasak dengan menggunakan garam berbentuk seperti bubuk kristal kaca yang tidak bisa hancur dan sulit dihaluskan saat ditumbuk, dan memunculkan dugaan garam itu dicampur serpihan kaca.</p>
	</text>
	
</newsitem>