<newsitem itemid="1" id="root" date="1996-08-21" xml:lang="en">
<title>Pemerintah pastikan "tiket Jakarta-Surabaya Rp4 juta" itu hoax</title>
	<text>
		<p>Tangerang, Banten (ANTARA News) - Menteri Perhubungan Budi Karya Sumadi memastikan kabar tiket pesawat terbang Jakarta-Surabaya seharga Rp4 juta adalah kabar bohong atau hoax karena pemerintah telah menetapkan batas atas Rp1,3 juta.</p>
		<p>"Itu berita bohong karena ada ketentuan tarif batas atas untuk jurusan tersebut," kata Budi Karya kepada pers di Tangerang, Minggu, saat meninjau persiapan mudik dan balik Lebaran 2018 di Bandara Internasional Soekarno-Hatta.</p>
		<p>Menurut dia, berdasarkan ketentuan, tarif Jakarta-Surabaya maksimal Rp1,3 juta dan pergi-pulang Rp2,6 juta per penumpang.</p>
		<p>Budi mengatakan memang operator airlines berhak mengenakan tarif sesuai batas atas tapi juga perusahaan harus menetapkan harga yang wajar dan terjangkau masyarakat.</p>
		<p>Rute penerbangan Jakarta-Surabaya pergi pulang memang jalur favorit dan banyak penumpang, sehingga hampir setiap penerbangan terpenuhi kapasitas penerbangan.</p>
		<p>Mengenai candaan bom, Kemenhub dan polisi konsisten melakukan penegakan hukum dan akan menyeret pelaku ke pengadilan.</p>
		<p>"Target kita masyarakat jera dan jangan melakukan tindakan yang tidak lucu," kata Budi.</p>
		<p>Dia mengatakan secara umum semua bandara di Indonesia sudah siap mengantisipasi lonjakan arus mudik dan balik Lebaran tahun ini.</p>
		<p>Semua pemangku kepentingan, kata Budi, sudah menjalankan prosedur tetap yang setiap hari terus dilakukan monitoring.</p>
		<p>Budi puas dengan jesiapan pemangku kepentingan penerbangan yang serius melakukan pembenahan demi menciptakan rada aman dan nyaman penumpang pesawat.</p>
		<p>"Mudik dan balik Lebaran tahun lalu sudah baik dan target tahun ini harus lebih baik. Untuk itu semua butuh perencanaan dan koordinasi," kata dia.</p>
	</text>
</newsitem>