<newsitem itemid="1" id="root" date="1996-08-21" xml:lang="en">
<title>Beredar Video 'SPBU di Cipinang Meledak', Dipastikan Hoax</title>
	<text>
		<p>Sebuah video kebakaran menjadi viral di media sosial. Kebakaran itu disebut-sebut terjadi di SPBU di kawasan Cipinang, Jakarta Timur. Polisi memastikan informasi di video tersebut hoax.</p>
		<p>"Tidak ada SPBU yang kebakar di Cipinang," kata Kasat Reskrim Polres Metro Jakarta Timur AKBP Sapta Maulana dalam keterangannya kepada detikcom, Rabu (23/5/2018).</p>
		<p>Video tersebut menyebar viral di media sosial dan sejumlah grup WhatsApp. Beberapa penyebar rekaman video menyebutkan SPBU di Cipinang meledak.</p>
		<p>Video itu juga tersebar di YouTube sejak 21 Mei lalu, tapi beberapa di antaranya masih ada yang mem-posting hingga hari ini. Beberapa pengunggah video menyebutkan pada caption video: "SPBU Cipinang Meledak!".</p>
		<p>Sapta sendiri telah meminta anggotanya mengecek informasi tersebut. Polisi setempat telah berkoordinasi dengan Suku Dinas Kebakaran Jakarta Timur.</p>
		<p>"Diketahui hari ini masih nihil kejadian kebakaran dan berdasarkan informasi kejadian kebakaran terjadi pada hari Senin, 21 Mei 2018, pada pukul 11.00 WIB, di Jalan Cipinang Muara Raya, Kelurahan Cipinang, Kecamatan Jatinegara, Jakarta Timur," jelas Sapta. Dilansir dari Detik.com</p>
		<p>Pada Senin (21/5) lalu, memang terjadi kebakaran di Pondok Bambu, Jakarta Timur. Kebakaran itu meluas hingga ke kawasan Cipinang Muara, Jakarta Timur.</p>
		<p>Kebakaran terjadi di Jalan Cipinang Muara 1 RT 07 RW 14 Cipinang Muara dan di Jalan Basuki Rahmat RT 09 RW 03 Pondok Bambu, Duren Sawit, Jakarta Timur. Api berhasil dipadamkan saat itu. Total ada 42 rumah yang terbakar di kedua lokasi tersebut.</p>
		<p>"Wilayah Cipinang Muara ada 6 rumah tinggal dan di wilayah Pondok Bambu ada 36 rumah," kata Kasi Pengawas Sudin PKP Jakarta Timur Gatot Sulaiman di Jalan Basuki Rahmat, Jakarta Timur, Senin (21/5) lalu.</p>
	</text>
</newsitem>