<newsitem itemid="1" id="root" date="1996-08-21" xml:lang="en">
<title>Badan POM soal Hasil Uji Lab Permen Jari: Negatif Narkoba</title>
	<text>
		<p>Badan Pengawas Obat dan Makanan (BPOM) sudah menguji permen jari yang beredar di sejumlah daerah. Hasilnya, permen tersebut negatif narkoba.</p>
		<p>Dalam rilis yang disampaikan melalui website resmi dan dicek detikcom, Sabtu (15/10/2016), Biro Hukum dan Humas Badan POM menyebutkan telah mengambil sampel di berbagai wilayah, mulai dari Jakarta, Serang, Pontianak, hingga Padang. "Semuanya negatif," tulis Badan POM dalam rilis tersebut.</p>
		<p>Berikut penjelasan utuh Badan POM terkait hasil pemeriksaan produk permen jari yang diduga mengandung narkoba:</p>
		<p>Penjelasan Badan POM</p>
		<p>Terkait Hasil Pemeriksaan Produk Permen Jari yang Diduga Mengandung Narkoba</p>
		<p>Melanjutkan penjelasan Badan POM pada tanggal 12 Oktober 2016 terkait isu produk Permen Jari yang diduga mengandung narkoba, Badan POM memandang perlu memberikan penjelasan sebagai berikut:</p>
		<p>1. Menindaklanjuti permasalahan peredaran permen jari Aneka Warna yang diduga mengandung narkoba, Badan POM melalui Balai Besar/Balai POM di seluruh Indonesia telah melakukan penelusuran dan mengambil sampel di wilayahnya masing-masing. Terhadap sampel-sampel tersebut dilakukan pengujian laboratorium untuk mengetahui kemungkinan adanya kandungan narkoba</p>
		<p>2. Hasil pengujian terhadap sampel dari beberapa wilayah di Indonesia, antara lain Jakarta, Serang, Pontianak, Bandung, Padang, dan Banjarmasin menunjukkan semua hasil negatif, bahwa sampel produk Permen Jari tersebut tidak terdeteksi mengandung narkoba.</p>
		<p>3. Badan POM terus melakukan pengawasan untuk melindungi masyarakat dari produk yang berisiko terhadap kesehatan.</p>
		<p>4. Masyarakat diimbau untuk tidak mudah percaya terhadap isu-isu terkait Obat dan Makanan yang beredar melalui media sosial.</p>
	</text>
</newsitem>