<newsitem itemid="1" id="root" date="1996-08-21" xml:lang="en">
<title>Perang Salib, Kapolres Bekasi : Seruan Itu Hoax</title>
	<text>
		<p>Dakta.com - Kapolres Metro Bekasi Kota, Kombes Pol Indarto, mengingatkan kepada masyarakat Kota Bekasi untuk selalu waspada dan teliti ketita ada seruan-seruan yang dapat memecah kerukunan umat antar Agama, Ras dan Golongan.</p>
		<p>Dikatakannya, bahwa belum lama ini pihaknya mendapatkan laporan adanya selembaran seruan yang mengatasnamakan Gerakan Pemuda Kristen Bekasi for Rahmat Effendi (GPKB FORENDI), yang mengancam akan membuat gerakan “Perang Salib” di Kota Bekasi.</p>
		<p>“Seruan itu tidak benar. Polres Metro Bekasi Kota sudah melakukan lidik dan mengecek kebenaran tersebut. Seruan itu hoax yang sengaja dibuat untuk merusak kerukunan antar umat bergama dan jalannya Pilkada di Kota Bekasi,” terang Indarto dalam rilisnya, Sabtu (26/05/2018).</p>
		<p>Indarto mengatakan, keterangan seruan itu juga dibantah langsung oleh para tokoh umat agama Kristen dan Pimpinan Gereja di Kota Bekasi.</p>
		<p>“Para tokoh dan Pimpinan Gereja menyatakan keterangan, bahwa itu adalah hoax. Tidak benar. Jadi saya mengimbau kepada masyarakat Kota Bekasi agar tidak terpancing seruan-seruan yang akan membelah antar umat beragama di Kota Bekasi,” pesannya.</p>
		<p>Berdasarkan keterangan dari para tokoh dan pimpinan Gereja, Indarto menambahkan, di Kota Bekasi tidak ada organisasi pemuda Kristen.</p>
		<p> “Di Kota Bekasi tidak ada organisasi pemuda Kristen, kami sudah mengecek itu semua,” tutupnya.</p>
	</text>
</newsitem>