<newsitem itemid="1" id="root" date="1996-08-21" xml:lang="en">
<title>Viral Kabar Facebook Bakal Diblokir 24 April, Hoaks atau Fakta?</title>
	<text>
		<p>KOMPAS.com - Kabar Facebook bakal diblokir di Indonesia pada tanggal 24 April, mendadak ramai dibagikan di media sosial. Informasi yang kadung viral dan beredar luas di media sosial khususnya Facebook ini dipastikan tidak benar alias hoaks.</p>
		<p>Pemerintah memang bisa mengambil tindakan tegas memblokir Facebook lantaran data satu juta pengguna Indonesia ikut bocor dalam skandal Cambridge Analytica (CA).</p>
		<p>Meski demikian tidak ada kepastian bahwa tanggal 24 April mendatang, Facebook benar-benar akan diblokir di Indonesia.</p>
		<p>Menteri Komunikasi dan Informatika (Menkominfo) Rudiantara dalam berbagai kesempatan tidak pernah mengatakan akan memblokir Facebook. Melainkan, Rudiantara berkata Kementerian Kominfo tak segan memblokir Facebook, namun harus sesuai prosedur agar langkahnya tak gegabah.</p>
		<p>Satu-satunya pernyataan tegas Rudiantara soal blokir Facebook adalah, jika ditemukan bukti bahwa Facebook dipakai sebagai sarana menghasut.</p>
		<p>Menkominfo juga memastikan jika penyidik menemukan unsur dugaan pidana dalam kebocoran data pengguna Facebook di Indonesia, peluang pemblokiran Facebook semakin besar.</p>
	</text>
</newsitem>