<newsitem itemid="1" id="root" date="1996-08-21" xml:lang="en">
<title>Serangga Trypophobia.</title>
	<text>
		<p>Sebuah foto tangan bolong-bolong menjijikkan banyak beredar di grup chatting. Lubang itu mirip sarang lebah. Dalam foto disebutkan, lubang itu terjadi karena luka gigitan seekor serangga. Disebutkan, kejadian itu banyak di Thailand dan Myanmar.</p>
		<p>”Perhatian untuk seluruh anggota, infokan ke semua keluarga dan kerabat, bila melihat serangga seperti dalam foto, jangan sekali-kali menyetuhnya,” bunyi pesan berantai tersebut. Menurut si pengirim pesan, orang yang menyentuh serangga itu akan mengalami kesakitan yang luar biasa. Juga, belum ditemukan obat atau penawarnya."</p>
		<p>Investigasi:(dilansir dari jawapos.com)</p>
		<p>Direktur Jenderal Pencegahan dan Pengendalian Penyakit Kementerian Kesehatan (Kemenkes) Prof M. Subuh langsung menampik kebenaran foto itu. ”Itu hoax,” tegasnya.</p>
		<p>Menurut dia, gigitan serangga bersifat alergen yang menimbulkan efek gatal. Tubuh secara alami dapat melakukan kompensasi berupa refleks menggaruk atau mengeluarkan antihistamin (antigatal). Dengan begitu, gigitan serangga tidak langsung mengakibatkan luka seperti yang ada dalam berita yang beredar. Apalagi dengan hanya menyentuh. ”Sampai saat ini belum ditemukan serangga dan luka seperti itu,” ujarnya.</p>
		<p>Pernyataan Prof Subuh juga dikuatkan penjelasan ahli taksonomi serangga Institut Pertanian Bogor (IPB) Dr Ir Purnama Hidayat MSc. Dia menjelaskan, serangga dalam foto itu masuk keluarga Belostomatidae. ”Serangga itu memang ada dan bisa menggigit, tapi tidak berbahaya,” tegasnya.</p>
		<p>Hidayat menyebut serangga dalam foto itu berjenis kelamin jantan. Itu terlihat dari punggungnya yang membawa telur betina. ”Serangga jantan jenis ini lebih lincah sehingga bisa lebih melindungi telur dari serangan predator,” tutur dia. Serangga jenis itu banyak di Indonesia. Biasanya hidup di air dan memakan hewan kecil-kecil.</p>
		<p>Setelah ditelusuri ternyata foto lubang di tangan itu merupakan rekayasa make-up dengan teknik molding. Tutorial untuk membuat efek tangan berlubang itu banyak bertebaran di internet.</p>
		<p>Termasuk videonya di YouTube. Seorang make-up artist asal Belanda yang bernama Cynthia Koning bahkan menjual tutorial untuk menciptakan efek tangan menjijikkan tersebut. Dia membanderol USD 4,95 di marketplace khusus kerajinan tangan, Etsy.com.</p>
	</text>
</newsitem>