<newsitem itemid="1" id="root" date="1996-08-21" xml:lang="en">
<title>Isu Hoax Temuan KTP Ganda Pilgub DKI</title>
	<text>
		<p>Jelang pemungutan suara, KPU DKI Jakarta diserang isu hoax soal KTP ganda yang didapati memiliki foto sama, namun NIK, nama dan alamatnya berbeda. KPU memastikan itu pemalsuan.</p>
		<p>"Itu fotonya dipalsukan," ucap komisioner KPU DKI Jakarta, Sidik, kepada kumparan, Sabtu (4/2).</p>
		<p>Dalam foto yang tersebar itu, ada beberapa e-KTP yang menunjukkan 3 foto yang sama namun NIK, nama dan alamatnya berbeda. Sidik sudah mengecek NIK dalam Sistem Informasi Daftar Pemilih (Sidalih) Pilgub DKI, ternyata itu orang yang berbeda.</p>
		<p>"Yang asli (fotonya) ada dan sudah masuk DPT," ujarnya.</p>
		<p>Dirjen Dukcapil Kementerian Dalam Negeri Prof Zudan Arif yang juga mendapat kabar serupa memberi klarifiasi. Dia memastikan bukan e-KTP ganda, tapi e-KTP yang dipalsukan.</p>
		<p>"Itu data pemilik yang asli. Ketiga foto tadi palsu karena menggunakan data milik orang lain," ucap Zudan dalam pesan singkat.</p>
		<p>Zudan meminta siapapun yang mendapati dugaan e-KTP atau DPT ganda, bisa langsung mengeceknya dalam data base KPU dengan memasukkan NIK. Dengan cepat akan diketahui hasinya.</p>
		<p>"Artinya itu pemalsuan, bukan produk Dukcapil. Biasa kalau Pilkada orang-orang cari dukungan," ujarnya.</p>
		<p>"Jangan bilang KTP elektrinik ganda ya, yang benar dipalsukan," tegasnya.</p>
	</text>
</newsitem>