<newsitem itemid="1" id="root" date="1996-08-21" xml:lang="en">
<title>Kabar Teror Penyerangan Ulama di Karawang Hoaks</title>
	<text>
		<p>Polisi memastikan kabar rencana penyerangan ulama di Telukjambe Timur, Karawang, melalui pesan WhatsApp merupakan hoaks. Hal tersebut berdasarkan penyelidikan Polres Karawang.</p>
		<p>Sebelumnya beredar pesan whatsapp, ada isu teror terhadap KH Endang Darwis di Pondok Pesantren Miftahul Jannah.</p>
		<p>Dalam pesan tersebut tertulis:</p>
		<p>Ada 3 orang mondar-mandir menggunakan motor dengan jaket grab. Murid Kyai banyak yang stay di Musholla MJ.</p>
		<p>Yang saat itu mengawasi Kang Deni, Hamdan, dan Sofyan.</p>
		<p>Pada jam 3 dini hari ketiga orang itu berdiri lama memandang ke dalam rumah Kyai.dan ketiga nya membawa HT. Kebiasaan Kyai tiap jam 3.30 membuka pintu rumah dan membangunkan murid nya.</p>
		<p>Disaat itu dari dalam Musholla Hamdan sms ke Kyai utk tidak keluar pintu karena gelagat mencurigakan ketiga orang tersebut memiliki senjata (senjata api) yang bisa diletuskan dari pagar menuju sasaran yaitu Kyai..disaat itu pula Kyai sebelum menerima sms Hamdan merasa panas ketiga berada satu ubin sebelum pintu rumah..jadi niat membuka pintu urung dilakukan Kyai.</p>
		<p>skenario ???? SWT.</p>
		<p>saat ini di Miftahul Jannah sudah dijaga murid,jawara serta FPI</p>
		<p>Kapolres Karawang AKBP Hendy Febrianto Kurniawan mengungkapkan, berita tersebut tidak benar. Lantaran nama KH Endang Darwis bukanlah pengurus Ponpes Miftahul Jannah.</p>
		<p>Begitupun dengan santri yang disebutkan mengawasi (Sopyan, Deny, dan Hamdan) tidak masuk dalam daftar nama santri.</p>
		<p>"Setelah dilakukan pengecekan di Desa Sukamakmur, KecamatanTelukjambe Timur, Kabupaten Karawang tidak ada Ponpes Miftahul Jannah," ucap Hendy di Mapolres Karawang, Kamis (22/2/2018). Dilansir dari kompas.com</p>
		<p>Hendy mengatakan, pimpinan ponpes tersebut bernama KH Omu Yazid Bustomi. Ponpes yang berdiri sejak 1996 itu mempunyai 200 santri, namun yang menetap hanya 96 orang.</p>
		<p>"Foto yang beredar di medsos tersebut benar, namun foto itu adalah waktu kegiatan wisuda Tahfidzul Quran pada Juni 2017," ungkap Hendy.</p>
	</text>
</newsitem>